index,model,numb_vars,formula,xv,R2,R2_adj,AIC,rmse_kg_mean,rmse_kg_sd,mpe,rmse_pct_mean,rmse_pct_sd,rmse_pct_max,mae_kg_mean,mae_kg_sd,mae_orig_mean,mae_orig_sd,rmse_orig_mean,rmse_orig_sd,rmse_orig_pct_mean,rmse_orig_pct_sd,rmse_kg_low_mean,rmse_pct_low_mean,mpe_low,mae_kg_max,mae_pct_mean,mae_pct_sd,mae_pct_max
0,Temporal,1,np.log(bm) ~ dfi,simp,0.0228,0.0225,11506.8792,788.4476,328.7142,25.9575,1.1063,0.2331,1.5014,561.9715,264.1332,1.3502,0.5263,1.8114,0.7582,0.3454,0.2321,241.3951,0.8814,32.4904,982.9439,0.7729,0.1599,1.0586
1,Temporal,1,np.log(bm) ~ ndvi,simp,0.2844,0.2841,10639.0788,916.9521,494.0285,10.0319,1.2597,0.3421,1.6911,577.611,289.3345,1.1975,0.4505,1.556,0.6253,0.2977,0.1937,434.6199,1.3313,12.8354,1196.2702,0.7795,0.1406,0.9806
2,Temporal,1,np.log(bm) ~ ndti,simp,0.37,0.3697,10284.2368,1250.3165,1159.3444,8.4051,1.5502,0.8794,3.1374,714.1796,636.9458,1.1111,0.3964,1.4711,0.5713,0.2804,0.18,663.9408,1.9379,11.0122,2187.9821,0.8677,0.4214,1.7934
3,Temporal,1,np.log(bm) ~ satvi,simp,0.3343,0.3341,10437.6129,696.163,215.4987,8.9514,1.0175,0.2505,1.3929,482.1814,188.2516,1.109,0.4176,1.4789,0.6035,0.283,0.185,402.1681,1.2628,11.6181,747.3948,0.667,0.0894,0.7788
4,Temporal,1,np.log(bm) ~ ndii7,simp,0.2153,0.215,10895.7389,864.3175,352.4388,13.4519,1.2178,0.2772,1.6741,553.4274,205.0666,1.2573,0.4517,1.6591,0.642,0.3165,0.2017,429.4669,1.346,17.1815,900.5977,0.7681,0.0942,0.9038
5,Temporal,1,np.log(bm) ~ nir,simp,0.2699,0.2697,10694.6662,706.2387,210.3631,14.1761,1.027,0.2233,1.3155,484.2171,171.6654,1.1595,0.4397,1.5672,0.6577,0.3006,0.2016,380.2332,1.2393,18.5695,726.8266,0.6772,0.091,0.7767
6,Temporal,1,np.log(bm) ~ swir1,simp,0.4134,0.4132,10085.0798,760.283,343.7693,8.0033,1.0777,0.2505,1.3506,499.1457,231.307,1.0962,0.4176,1.4393,0.5774,0.2751,0.1763,457.0662,1.378,10.8322,998.8718,0.6818,0.106,0.8188
7,Temporal,1,np.log(bm) ~ swir2,simp,0.4547,0.4545,9881.6803,776.1353,402.4438,6.8333,1.0862,0.2865,1.4044,515.2748,290.2764,1.0488,0.3858,1.3765,0.5404,0.2632,0.1679,480.3243,1.4396,9.3782,1174.1834,0.6873,0.1444,0.9625
8,Temporal,1,np.log(bm) ~ bai_126,simp,0.0838,0.0834,11327.5639,760.1919,279.1001,22.3351,1.0841,0.2317,1.4513,541.0927,223.7576,1.2951,0.4783,1.7261,0.7446,0.3313,0.2281,290.2601,1.038,27.6479,870.7348,0.7522,0.1321,0.9617
9,Temporal,1,np.log(bm) ~ bai_136,simp,0.2668,0.2665,10706.814,736.1377,234.3786,11.8272,1.0658,0.2193,1.4299,514.8865,204.9854,1.1897,0.4194,1.5687,0.6311,0.3005,0.1979,397.8518,1.237,15.1713,917.2278,0.7109,0.0766,0.8014
10,Temporal,1,np.log(bm) ~ bai_236,simp,0.2609,0.2606,10728.9799,859.2971,425.7034,11.0834,1.1902,0.2602,1.5026,587.0042,322.6115,1.2427,0.453,1.6055,0.6274,0.3059,0.1948,431.3332,1.2954,14.3242,1306.5182,0.7803,0.1435,1.0709
11,Temporal,1,np.log(bm) ~ bai_246,simp,0.0798,0.0795,11339.5558,773.414,249.7977,21.2893,1.1111,0.207,1.482,558.8017,202.4099,1.3453,0.4479,1.771,0.6929,0.3383,0.2203,289.1904,1.0097,26.6854,885.6229,0.785,0.1041,0.9743
12,Temporal,2,np.log(bm) ~ dfi + ndvi + dfi:ndvi,simp,0.4378,0.4371,9971.0375,889.7162,578.6101,6.814,1.1904,0.3851,1.8037,570.7891,362.7883,1.0602,0.3748,1.3986,0.5205,0.2662,0.1652,514.9477,1.5339,9.2755,1369.6392,0.7366,0.1889,1.1227
13,Temporal,2,np.log(bm) ~ dfi + ndti + dfi:ndti,simp,0.3806,0.3799,10240.9537,1587.3039,2043.1363,8.6677,1.7986,1.5178,5.3226,765.5617,782.4407,1.1083,0.3945,1.4794,0.5608,0.2813,0.1773,610.7294,1.7899,11.3954,2616.9226,0.9014,0.5342,2.145
14,Temporal,2,np.log(bm) ~ dfi + satvi + dfi:satvi,simp,0.3834,0.3828,10227.9514,740.3212,292.7197,8.6895,1.0513,0.2436,1.3636,496.1421,226.7043,1.0824,0.3845,1.4533,0.5619,0.2769,0.1743,376.156,1.1891,11.5465,878.7878,0.6698,0.0924,0.7697
15,Temporal,2,np.log(bm) ~ dfi + ndii7 + dfi:ndii7,simp,0.346,0.3453,10392.121,1445.1662,1654.6566,10.5296,1.6923,1.2003,4.414,630.913,427.7637,1.1157,0.3963,1.5107,0.5615,0.2873,0.1794,581.5853,1.7715,14.098,1568.4779,0.8046,0.2395,1.2856
16,Temporal,2,np.log(bm) ~ dfi + nir + dfi:nir,simp,0.2902,0.2895,10620.1154,698.0567,195.4129,13.657,1.019,0.2186,1.3516,476.2732,161.9251,1.1577,0.437,1.5559,0.6594,0.2987,0.2013,343.397,1.1164,17.7928,694.7936,0.6681,0.0775,0.758
17,Temporal,2,np.log(bm) ~ dfi + swir1 + dfi:swir1,simp,0.4673,0.4667,9820.886,699.9169,312.7037,7.8198,0.998,0.2597,1.3573,447.5285,198.0143,1.0059,0.4141,1.3588,0.5721,0.2611,0.1719,399.3618,1.2264,10.8924,867.9358,0.6149,0.0977,0.7642
18,Temporal,2,np.log(bm) ~ dfi + swir2 + dfi:swir2,simp,0.4793,0.4787,9757.1433,707.6616,327.046,7.0166,1.0049,0.2692,1.357,462.917,230.3585,0.9977,0.4004,1.3414,0.5501,0.2572,0.1669,415.7991,1.2667,9.7805,959.4547,0.6262,0.1118,0.7864
19,Temporal,2,np.log(bm) ~ dfi + bai_126 + dfi:bai_126,simp,0.1039,0.103,11269.5,765.2352,287.1483,22.7117,1.0894,0.2374,1.5008,545.1582,231.0594,1.3129,0.4821,1.7524,0.7287,0.3349,0.2247,285.3899,1.0325,28.3128,891.873,0.7553,0.1332,0.9883
20,Temporal,2,np.log(bm) ~ dfi + bai_136 + dfi:bai_136,simp,0.3534,0.3527,10360.6113,837.6338,470.8291,10.3846,1.1427,0.3018,1.5502,542.947,306.5869,1.1227,0.4005,1.5061,0.5917,0.2874,0.1841,432.5348,1.3432,13.8169,1197.6087,0.716,0.147,0.9817
21,Temporal,2,np.log(bm) ~ dfi + bai_236 + dfi:bai_236,simp,0.3965,0.3959,10168.1713,920.8754,649.5568,8.5437,1.2145,0.411,1.9985,599.7605,433.6497,1.1104,0.3808,1.4732,0.5406,0.28,0.1715,512.1064,1.5295,11.7152,1590.9463,0.7598,0.2391,1.3041
22,Temporal,2,np.log(bm) ~ dfi + bai_246 + dfi:bai_246,simp,0.223,0.2222,10872.278,983.2335,587.1607,15.0785,1.3796,0.6987,3.0307,597.704,252.8648,1.2592,0.4035,1.6925,0.5859,0.3195,0.1908,661.5372,2.0824,19.9073,887.3493,0.8155,0.1582,1.1707
23,Temporal,2,np.log(bm) ~ ndvi + satvi + ndvi:satvi,simp,0.3939,0.3932,10180.2731,632.8493,150.1066,6.8376,0.9502,0.2726,1.4347,433.4968,136.5754,1.0432,0.4333,1.3823,0.5758,0.2654,0.1745,307.9825,1.0083,9.1769,628.8742,0.6178,0.0914,0.755
24,Temporal,2,np.log(bm) ~ ndvi + nir + ndvi:nir,simp,0.4311,0.4305,10003.8652,698.8569,247.7121,7.5426,1.0296,0.3272,1.5433,446.791,156.5707,1.0228,0.4037,1.3714,0.5745,0.2634,0.1736,406.1758,1.2876,10.2599,640.8899,0.6292,0.1144,0.8367
25,Temporal,2,np.log(bm) ~ ndvi + bai_126 + ndvi:bai_126,simp,0.3076,0.3069,10551.1333,795.7791,324.4577,9.8097,1.131,0.266,1.4352,521.5084,210.3566,1.1585,0.432,1.5121,0.6204,0.2901,0.1925,400.2133,1.243,12.5332,923.3917,0.7205,0.0993,0.8531
26,Temporal,2,np.log(bm) ~ ndvi + bai_246 + ndvi:bai_246,simp,0.3307,0.33,10456.5264,844.4705,520.2352,9.1175,1.1531,0.3336,1.7164,555.8444,333.7882,1.1608,0.4356,1.5151,0.6003,0.2896,0.1873,461.6771,1.3644,11.8543,1328.3745,0.7372,0.1687,1.0888
27,Temporal,2,np.log(bm) ~ ndti + ndii7 + ndti:ndii7,simp,0.4638,0.4632,9838.8211,676.8925,189.4126,6.1406,0.9955,0.24,1.3608,461.1576,171.0796,1.0201,0.3832,1.3581,0.5021,0.2586,0.1582,445.9834,1.3547,8.6444,760.4932,0.64,0.063,0.7447
28,Temporal,2,np.log(bm) ~ ndti + nir + ndti:nir,simp,0.4464,0.4458,9927.9991,770.4719,356.6561,7.5627,1.0891,0.358,1.7363,476.5608,210.8028,1.0201,0.3947,1.3776,0.5641,0.264,0.1715,454.9743,1.4121,10.3256,786.4969,0.6477,0.1239,0.8933
29,Temporal,2,np.log(bm) ~ ndti + bai_126 + ndti:bai_126,simp,0.386,0.3853,10216.4264,1212.0529,1024.9958,8.2427,1.5365,0.8687,3.0272,651.8671,478.9401,1.0922,0.3905,1.4517,0.5692,0.277,0.1786,652.4645,1.932,10.7898,1681.7914,0.8198,0.315,1.3785
30,Temporal,2,np.log(bm) ~ ndti + bai_136 + ndti:bai_136,simp,0.4587,0.4581,9865.3583,734.6571,228.6769,6.1799,1.0707,0.2683,1.4502,481.3158,173.998,1.0354,0.3771,1.3685,0.519,0.2609,0.1619,459.603,1.4123,8.5516,695.9955,0.6663,0.0869,0.8352
31,Temporal,2,np.log(bm) ~ ndti + bai_236 + ndti:bai_236,simp,0.4804,0.4799,9751.1505,686.8269,183.9422,5.4619,1.0161,0.2595,1.3874,459.3368,160.5693,1.0175,0.387,1.3379,0.4981,0.2547,0.1554,439.0023,1.3541,7.7901,712.3585,0.6421,0.0782,0.7427
32,Temporal,2,np.log(bm) ~ ndti + bai_246 + ndti:bai_246,simp,0.4285,0.4279,10016.278,906.3017,574.808,7.2404,1.2092,0.3466,1.8301,562.2243,353.9595,1.06,0.3737,1.4091,0.5218,0.2682,0.1658,562.8904,1.641,9.8844,1359.5448,0.7264,0.1648,1.1144
33,Temporal,2,np.log(bm) ~ satvi + ndii7 + satvi:ndii7,simp,0.4627,0.4621,9844.6535,680.9476,212.7186,5.3567,1.0137,0.3133,1.4228,448.946,155.9751,1.0108,0.4074,1.3267,0.5173,0.2532,0.1575,414.5362,1.3231,7.5744,667.4026,0.6361,0.1198,0.8202
34,Temporal,2,np.log(bm) ~ satvi + nir + satvi:nir,simp,0.3624,0.3617,10321.6202,658.4891,209.4648,9.7247,0.9646,0.2526,1.3168,449.8433,172.8405,1.0668,0.4146,1.4459,0.6116,0.2774,0.1844,324.6127,1.0667,12.7637,725.4558,0.6273,0.1,0.7295
35,Temporal,2,np.log(bm) ~ satvi + swir1 + satvi:swir1,simp,0.4725,0.4719,9793.2399,635.5296,184.4886,6.71,0.939,0.2408,1.3006,414.5115,130.27,0.9873,0.3925,1.3207,0.5451,0.2534,0.1644,328.8316,1.0503,9.3646,630.0301,0.5882,0.0782,0.71
36,Temporal,2,np.log(bm) ~ satvi + bai_126 + satvi:bai_126,simp,0.3757,0.3751,10262.5873,860.2004,408.5025,7.2569,1.1865,0.2485,1.4339,570.1771,309.2343,1.109,0.3796,1.4597,0.5356,0.2776,0.1716,510.4406,1.5274,9.6094,1213.0463,0.7495,0.1298,0.9943
37,Temporal,2,np.log(bm) ~ satvi + bai_236 + satvi:bai_236,simp,0.3927,0.392,10185.9504,651.1285,169.0685,7.0876,0.97,0.2665,1.434,445.3894,151.5813,1.0547,0.418,1.3957,0.57,0.2675,0.1736,314.9496,1.0321,9.6154,671.1979,0.6283,0.0823,0.7338
38,Temporal,2,np.log(bm) ~ satvi + bai_246 + satvi:bai_246,simp,0.369,0.3684,10292.2629,669.8599,185.9245,7.6233,0.993,0.2665,1.4309,462.7656,162.8102,1.0779,0.4275,1.4322,0.5837,0.2743,0.1779,379.3609,1.2119,10.0611,702.8165,0.6515,0.0969,0.7623
39,Temporal,2,np.log(bm) ~ ndii7 + nir + ndii7:nir,simp,0.4775,0.4769,9766.736,1823.2726,2789.5669,7.38,2.5081,3.6924,11.5346,591.4711,418.1854,1.0256,0.3953,1.3694,0.5522,0.262,0.1656,1802.5846,5.4829,10.4169,1544.5981,0.8179,0.5149,2.0654
40,Temporal,2,np.log(bm) ~ ndii7 + swir1 + ndii7:swir1,simp,0.4683,0.4678,9815.2234,656.1632,162.413,6.9045,0.9745,0.2362,1.3155,451.0541,150.3335,1.0743,0.394,1.4162,0.5138,0.2687,0.16,428.9032,1.3161,9.809,701.0965,0.6351,0.0834,0.7218
41,Temporal,2,np.log(bm) ~ ndii7 + swir2 + ndii7:swir2,simp,0.5089,0.5083,9594.2498,632.1789,165.4154,5.9391,0.9401,0.2463,1.3059,427.1579,148.5366,0.9938,0.375,1.3253,0.4917,0.2523,0.1533,409.9984,1.2578,8.5745,693.688,0.5993,0.0737,0.7187
42,Temporal,2,np.log(bm) ~ ndii7 + bai_126 + ndii7:bai_126,simp,0.3357,0.335,10435.6973,1080.8621,737.4348,9.2515,1.4492,0.7255,3.0304,579.3253,275.8422,1.1443,0.4162,1.4964,0.6071,0.2868,0.1885,627.6133,1.9195,11.9168,1030.2051,0.7867,0.2009,1.2221
43,Temporal,2,np.log(bm) ~ ndii7 + bai_136 + ndii7:bai_136,simp,0.3836,0.383,10227.1094,726.6233,204.4678,7.3315,1.0814,0.2978,1.4534,497.7371,163.4601,1.1568,0.4436,1.4863,0.5658,0.2826,0.173,476.198,1.488,10.0806,708.5742,0.7083,0.1353,0.9191
44,Temporal,2,np.log(bm) ~ ndii7 + bai_236 + ndii7:bai_236,simp,0.3379,0.3371,10426.6574,702.5388,175.7128,8.4441,1.0449,0.26,1.4924,499.5889,173.6406,1.2141,0.4889,1.5671,0.598,0.2966,0.1787,419.5636,1.2964,11.5659,802.6863,0.7042,0.1044,0.8133
45,Temporal,2,np.log(bm) ~ nir + swir1 + nir:swir1,simp,0.4452,0.4446,9934.0876,628.3563,136.5596,7.5853,0.9432,0.2475,1.3124,430.2529,133.7739,1.0466,0.4174,1.3939,0.5914,0.2677,0.1756,356.3282,1.1216,10.3569,637.2774,0.6109,0.0898,0.7309
46,Temporal,2,np.log(bm) ~ nir + swir2 + nir:swir2,simp,0.4814,0.4808,9745.9539,687.5267,224.8699,6.4833,1.0066,0.2655,1.3233,451.6133,167.6865,1.0057,0.3925,1.3383,0.5536,0.2568,0.1666,418.7813,1.2971,8.9757,732.8023,0.6293,0.0984,0.7885
47,Temporal,2,np.log(bm) ~ nir + bai_136 + nir:bai_136,simp,0.3234,0.3226,10487.0154,660.7725,174.6936,11.2369,0.9758,0.2388,1.3209,452.2937,151.8835,1.1085,0.4203,1.4948,0.6393,0.2876,0.194,310.77,1.0341,14.6878,674.4552,0.6373,0.0843,0.7322
48,Temporal,2,np.log(bm) ~ nir + bai_236 + nir:bai_236,simp,0.3821,0.3814,10234.0162,653.4183,162.0781,9.026,0.9694,0.2422,1.3252,447.4223,151.5944,1.0783,0.409,1.4432,0.6057,0.2773,0.1833,328.5543,1.0627,12.1803,669.5713,0.6272,0.0701,0.7427
49,Temporal,2,np.log(bm) ~ nir + bai_246 + nir:bai_246,simp,0.4636,0.463,9840.1199,702.2559,253.9953,6.7519,1.0394,0.3456,1.6037,449.4007,160.3251,1.0119,0.3957,1.3534,0.5421,0.259,0.166,513.0304,1.5676,9.3344,685.2166,0.6325,0.1154,0.8403
50,Temporal,2,np.log(bm) ~ swir1 + bai_126 + swir1:bai_126,simp,0.4204,0.4198,10055.5459,744.7569,314.8138,7.9229,1.0602,0.2371,1.3472,489.833,210.3021,1.0953,0.4152,1.4329,0.5792,0.274,0.1762,427.292,1.2989,10.6845,925.4516,0.6726,0.0923,0.7586
51,Temporal,2,np.log(bm) ~ swir1 + bai_246 + swir1:bai_246,simp,0.4468,0.4463,9925.5934,858.8923,560.9232,7.5469,1.1561,0.3412,1.8087,510.1226,256.4147,1.085,0.4026,1.4308,0.5336,0.2719,0.1656,521.1814,1.5447,10.4996,1069.8896,0.687,0.1121,0.877
52,Temporal,2,np.log(bm) ~ swir2 + bai_126 + swir2:bai_126,simp,0.4611,0.4605,9852.992,791.6093,407.161,6.7066,1.1034,0.2831,1.4119,517.593,278.2728,1.0502,0.3824,1.3745,0.5386,0.2627,0.1672,471.141,1.4164,9.194,1135.2847,0.6915,0.1326,0.9306
53,Temporal,2,np.log(bm) ~ swir2 + bai_246 + swir2:bai_246,simp,0.4923,0.4917,9686.9536,785.6299,457.6563,6.375,1.08,0.2959,1.5404,490.5802,265.043,1.0113,0.3684,1.3424,0.4936,0.2555,0.1558,500.7632,1.4842,9.0521,1088.0714,0.656,0.1179,0.8919
54,Temporal,2,np.log(bm) ~ bai_126 + bai_136 + bai_126:bai_136,simp,0.2784,0.2776,10666.2102,802.7332,359.9799,11.2506,1.1251,0.2323,1.4378,556.1373,281.2179,1.2204,0.4206,1.586,0.6152,0.3026,0.1938,406.7257,1.2392,14.4428,1168.1893,0.7464,0.112,0.9575
55,Temporal,2,np.log(bm) ~ bai_126 + bai_236 + bai_126:bai_236,simp,0.2891,0.2884,10624.441,781.4527,295.7585,10.8215,1.1115,0.2217,1.4306,533.0548,229.2854,1.1938,0.4176,1.5554,0.6172,0.2974,0.1932,401.788,1.2393,13.9361,993.3868,0.7271,0.0742,0.8143
56,Temporal,2,np.log(bm) ~ bai_126 + bai_246 + bai_126:bai_246,simp,0.2294,0.2286,10849.0944,704.9914,195.249,13.4187,1.0357,0.2453,1.405,497.7079,159.8117,1.2039,0.444,1.5842,0.6651,0.3044,0.2051,354.1882,1.1806,16.9392,719.1152,0.7069,0.1035,0.84
57,Temporal,2,np.log(bm) ~ bai_136 + bai_246 + bai_136:bai_246,simp,0.3067,0.306,10554.6619,700.9988,175.624,10.0324,1.0377,0.2458,1.4666,494.6069,166.9815,1.18,0.4488,1.5397,0.6155,0.2945,0.1901,410.2113,1.2803,13.1174,788.132,0.6979,0.0965,0.8151
58,Temporal,2,np.log(bm) ~ bai_236 + bai_246 + bai_236:bai_246,simp,0.2882,0.2875,10627.9415,789.6414,347.1667,10.394,1.1169,0.2481,1.5003,546.3049,270.7387,1.2386,0.4848,1.6034,0.624,0.3046,0.1898,463.4923,1.3766,13.7346,1136.0693,0.741,0.127,0.9312
59,Temporal,3,np.log(bm) ~ dfi + ndvi + satvi + dfi:ndvi + dfi:satvi + ndvi:satvi,simp,0.4995,0.4985,9652.711,649.1973,204.0305,5.6165,0.959,0.2798,1.343,427.7843,159.3237,0.9599,0.3677,1.2858,0.4863,0.245,0.15,356.7078,1.1305,7.9954,673.1282,0.5981,0.0907,0.7163
60,Temporal,3,np.log(bm) ~ dfi + ndvi + nir + dfi:ndvi + dfi:nir + ndvi:nir,simp,0.4827,0.4816,9744.744,736.9969,319.7463,6.5395,1.0587,0.3565,1.6629,464.6904,199.6615,0.9929,0.3858,1.335,0.5341,0.2554,0.1626,445.9949,1.3841,9.0644,734.6152,0.6379,0.1319,0.898
61,Temporal,3,np.log(bm) ~ dfi + ndvi + bai_126 + dfi:ndvi + dfi:bai_126 + ndvi:bai_126,simp,0.4445,0.4433,9943.3565,864.3084,492.1884,6.8956,1.1753,0.3512,1.5937,547.1823,299.2782,1.0554,0.3766,1.3961,0.5255,0.266,0.1661,512.362,1.5349,9.3513,1152.5567,0.7198,0.1459,0.9447
62,Temporal,3,np.log(bm) ~ dfi + ndvi + bai_246 + dfi:ndvi + dfi:bai_246 + ndvi:bai_246,simp,0.4791,0.478,9764.1926,766.9095,392.361,6.2795,1.0692,0.2701,1.3816,497.5198,257.2143,1.007,0.3715,1.343,0.496,0.2557,0.1561,444.7923,1.3288,8.7613,1061.5804,0.6663,0.1028,0.8702
63,Temporal,3,np.log(bm) ~ dfi + ndti + ndii7 + dfi:ndti + dfi:ndii7 + ndti:ndii7,simp,0.4861,0.485,9726.5895,640.9337,196.8155,5.7623,0.9518,0.2821,1.3522,432.9678,171.4879,0.9797,0.3873,1.3178,0.5094,0.2514,0.1559,380.153,1.1806,8.1376,751.4084,0.6046,0.103,0.7326
64,Temporal,3,np.log(bm) ~ dfi + ndti + nir + dfi:ndti + dfi:nir + ndti:nir,simp,0.4499,0.4487,9916.0355,1073.8976,842.6055,7.6448,1.388,0.7035,2.5842,533.1451,290.7044,1.0334,0.4034,1.3921,0.5646,0.2665,0.1725,558.3221,1.7205,10.3805,1041.9395,0.7065,0.1935,1.0764
65,Temporal,3,np.log(bm) ~ dfi + ndti + bai_126 + dfi:ndti + dfi:bai_126 + ndti:bai_126,simp,0.3936,0.3923,10187.507,1576.0233,1902.2411,8.5692,1.811,1.4309,4.9684,714.0781,631.1301,1.102,0.3947,1.4724,0.566,0.2804,0.1777,650.2762,1.9173,11.2172,2161.18,0.8652,0.418,1.7715
66,Temporal,3,np.log(bm) ~ dfi + ndti + bai_136 + dfi:ndti + dfi:bai_136 + ndti:bai_136,simp,0.4753,0.4742,9784.2623,717.5612,287.7402,6.0429,1.0485,0.3612,1.6604,464.2963,187.5945,1.0141,0.3791,1.3522,0.5182,0.2578,0.1596,437.0043,1.3776,8.4143,721.6219,0.6442,0.1326,0.9057
67,Temporal,3,np.log(bm) ~ dfi + ndti + bai_236 + dfi:ndti + dfi:bai_236 + ndti:bai_236,simp,0.5053,0.5043,9620.2163,658.6531,213.7011,5.3268,0.9755,0.2944,1.3595,441.5312,172.6413,0.988,0.3771,1.3138,0.4927,0.25,0.1507,383.6507,1.219,7.6633,738.1058,0.6169,0.1139,0.7868
68,Temporal,3,np.log(bm) ~ dfi + ndti + bai_246 + dfi:ndti + dfi:bai_246 + ndti:bai_246,simp,0.4628,0.4617,9849.9328,868.9758,676.3739,6.7818,1.14,0.4459,2.0388,543.1443,395.8487,1.017,0.367,1.3656,0.5032,0.2596,0.1581,446.1347,1.3251,9.3548,1464.1519,0.6946,0.2221,1.2001
69,Temporal,3,np.log(bm) ~ dfi + satvi + ndii7 + dfi:satvi + dfi:ndii7 + satvi:ndii7,simp,0.5022,0.5011,9637.762,657.3559,196.1944,5.4027,0.9764,0.2865,1.3645,435.1284,153.0733,0.9678,0.37,1.2905,0.4863,0.2456,0.1485,396.8447,1.2643,7.7282,636.2543,0.6129,0.1015,0.7278
70,Temporal,3,np.log(bm) ~ dfi + satvi + nir + dfi:satvi + dfi:nir + satvi:nir,simp,0.3914,0.3901,10197.6754,702.245,242.309,9.6007,1.011,0.2311,1.3342,476.0633,201.5177,1.0788,0.3892,1.4586,0.5778,0.2785,0.1783,338.2503,1.0917,12.7976,768.3282,0.65,0.0817,0.7279
71,Temporal,3,np.log(bm) ~ dfi + satvi + swir1 + dfi:satvi + dfi:swir1 + satvi:swir1,simp,0.4963,0.4952,9670.6814,598.9064,148.2656,6.7777,0.8996,0.2653,1.3252,401.3773,135.4603,0.9602,0.4076,1.3053,0.5581,0.2509,0.1645,316.073,1.0147,9.5917,628.9058,0.5676,0.0897,0.7433
72,Temporal,3,np.log(bm) ~ dfi + satvi + bai_126 + dfi:satvi + dfi:bai_126 + satvi:bai_126,simp,0.4179,0.4167,10073.6591,916.7553,547.1117,7.5437,1.2287,0.3767,1.7157,569.1044,331.7811,1.0787,0.3598,1.4407,0.5119,0.273,0.1636,485.4752,1.4754,10.1824,1228.951,0.7384,0.1703,1.0073
73,Temporal,3,np.log(bm) ~ dfi + satvi + bai_236 + dfi:satvi + dfi:bai_236 + satvi:bai_236,simp,0.4677,0.4666,9824.3614,652.3249,198.4092,6.6882,0.9621,0.2648,1.3639,444.0474,174.2249,1.0038,0.3703,1.3442,0.5139,0.2561,0.1572,329.031,1.0618,9.4791,720.2544,0.6158,0.0864,0.7358
74,Temporal,3,np.log(bm) ~ dfi + satvi + bai_246 + dfi:satvi + dfi:bai_246 + satvi:bai_246,simp,0.451,0.4498,9910.7653,669.1727,206.6406,6.5587,0.9854,0.2681,1.3867,457.7343,175.9488,1.0164,0.3721,1.3567,0.5075,0.258,0.1561,351.4334,1.1424,9.0459,722.3613,0.638,0.1028,0.7261
75,Temporal,3,np.log(bm) ~ dfi + ndii7 + nir + dfi:ndii7 + dfi:nir + ndii7:nir,simp,0.493,0.4919,9689.1184,1232.9824,1427.0777,7.1486,1.7243,1.8678,6.2606,521.3052,288.6426,1.0019,0.4018,1.35,0.5527,0.2586,0.1649,1082.2748,3.3118,10.1051,1114.0747,0.7213,0.3235,1.4897
76,Temporal,3,np.log(bm) ~ dfi + ndii7 + swir1 + dfi:ndii7 + dfi:swir1 + ndii7:swir1,simp,0.5224,0.5213,9522.6608,619.1958,152.5124,6.642,0.928,0.2616,1.3203,413.6706,135.5149,0.966,0.3929,1.3096,0.5262,0.2504,0.1564,365.0271,1.1506,9.6418,615.3006,0.5855,0.0948,0.7424
77,Temporal,3,np.log(bm) ~ dfi + ndii7 + swir2 + dfi:ndii7 + dfi:swir2 + ndii7:swir2,simp,0.5304,0.5294,9475.5827,606.5786,152.4055,5.9889,0.9113,0.2675,1.3107,405.4787,136.1528,0.9455,0.3873,1.2841,0.513,0.2454,0.1529,357.6963,1.1219,8.7075,620.953,0.5737,0.0944,0.7288
78,Temporal,3,np.log(bm) ~ dfi + ndii7 + bai_126 + dfi:ndii7 + dfi:bai_126 + ndii7:bai_126,simp,0.4145,0.4132,10089.9184,1144.339,1002.7396,8.2827,1.4382,0.7392,2.773,581.3661,352.3241,1.0716,0.3991,1.4333,0.562,0.2737,0.1751,600.7758,1.8239,11.0378,1297.8652,0.7578,0.2136,1.0638
79,Temporal,3,np.log(bm) ~ dfi + ndii7 + bai_136 + dfi:ndii7 + dfi:bai_136 + ndii7:bai_136,simp,0.4919,0.4908,9694.6968,726.6907,257.6516,6.2368,1.0838,0.3732,1.6314,463.3625,162.3407,1.0079,0.3942,1.3414,0.5194,0.2557,0.1562,505.7909,1.6175,8.9099,652.5722,0.6586,0.1526,0.8587
80,Temporal,3,np.log(bm) ~ dfi + ndii7 + bai_236 + dfi:ndii7 + dfi:bai_236 + ndii7:bai_236,simp,0.4922,0.4911,9693.2461,670.0094,176.6138,6.424,1.002,0.283,1.375,454.7455,158.8441,1.008,0.3823,1.3454,0.4942,0.2556,0.1508,427.4206,1.3669,9.3796,717.5274,0.6417,0.1101,0.7644
81,Temporal,3,np.log(bm) ~ dfi + nir + swir1 + dfi:nir + dfi:swir1 + nir:swir1,simp,0.4904,0.4893,9703.2981,675.6464,227.1068,7.3805,0.985,0.2638,1.3541,436.0994,163.0554,0.9923,0.414,1.3452,0.5636,0.2583,0.1678,422.3672,1.3191,10.4429,693.2532,0.6065,0.0926,0.7679
82,Temporal,3,np.log(bm) ~ dfi + nir + swir2 + dfi:nir + dfi:swir2 + nir:swir2,simp,0.4988,0.4977,9657.0087,733.3721,316.4336,6.6781,1.0502,0.336,1.5903,454.5934,191.2156,0.9825,0.4019,1.3293,0.5441,0.2548,0.1637,465.2484,1.4377,9.4093,737.0826,0.6258,0.127,0.8582
83,Temporal,3,np.log(bm) ~ dfi + nir + bai_136 + dfi:nir + dfi:bai_136 + nir:bai_136,simp,0.371,0.3697,10289.4313,723.2251,265.2455,10.4103,1.0361,0.2358,1.3241,493.0287,210.6523,1.1145,0.4055,1.4973,0.6022,0.2862,0.1848,366.0556,1.1869,13.8218,834.2548,0.6745,0.1021,0.8209
84,Temporal,3,np.log(bm) ~ dfi + nir + bai_236 + dfi:nir + dfi:bai_236 + nir:bai_236,simp,0.4308,0.4296,10011.0529,726.0787,278.1862,8.4574,1.0351,0.2407,1.3456,487.9544,223.4635,1.07,0.397,1.4341,0.5714,0.2743,0.1746,391.7226,1.2253,11.6428,882.0404,0.6582,0.086,0.7574
85,Temporal,3,np.log(bm) ~ dfi + nir + bai_246 + dfi:nir + dfi:bai_246 + nir:bai_246,simp,0.5065,0.5054,9613.9434,688.065,289.6075,6.2185,1.0222,0.4037,1.7366,429.5422,162.7956,0.9583,0.3911,1.2979,0.5262,0.2484,0.1583,481.7247,1.4912,8.7785,653.4892,0.6064,0.1431,0.8738
86,Temporal,3,np.log(bm) ~ dfi + swir1 + bai_126 + dfi:swir1 + dfi:bai_126 + swir1:bai_126,simp,0.4787,0.4775,9766.6375,717.0345,332.7935,7.4439,1.0138,0.2654,1.3838,459.3597,212.519,1.0088,0.4252,1.355,0.5774,0.2605,0.1717,412.3393,1.2605,10.3993,902.3534,0.6257,0.1039,0.7866
87,Temporal,3,np.log(bm) ~ dfi + swir1 + bai_246 + dfi:swir1 + dfi:bai_246 + swir1:bai_246,simp,0.5256,0.5245,9503.9896,630.3977,188.3271,6.3213,0.9331,0.2537,1.3133,414.7692,151.0062,0.9405,0.3813,1.2781,0.5061,0.2443,0.1527,380.2566,1.1734,9.1446,702.2351,0.5826,0.0857,0.7289
88,Temporal,3,np.log(bm) ~ dfi + swir2 + bai_126 + dfi:swir2 + dfi:bai_126 + swir2:bai_126,simp,0.4896,0.4885,9707.6678,741.1875,369.7924,6.7098,1.0382,0.2857,1.3806,472.7937,238.5342,0.997,0.4097,1.3371,0.5538,0.2565,0.1666,433.0377,1.3153,9.3748,970.8105,0.6364,0.1199,0.7958
89,Temporal,3,np.log(bm) ~ dfi + swir2 + bai_246 + dfi:swir2 + dfi:bai_246 + swir2:bai_246,simp,0.5283,0.5273,9487.6124,630.2358,192.3399,5.9517,0.9312,0.2535,1.3023,416.9006,159.9512,0.9338,0.3698,1.2683,0.4938,0.2422,0.15,375.6493,1.1521,8.5931,727.2725,0.5816,0.0801,0.7152
90,Temporal,3,np.log(bm) ~ dfi + bai_126 + bai_136 + dfi:bai_126 + dfi:bai_136 + bai_126:bai_136,simp,0.3995,0.3982,10160.5929,954.8082,711.3866,8.8736,1.2431,0.4528,2.1443,607.6652,443.4192,1.1184,0.381,1.4827,0.5472,0.2818,0.1735,522.811,1.5555,12.0813,1617.3297,0.7665,0.2451,1.3257
91,Temporal,3,np.log(bm) ~ dfi + bai_126 + bai_236 + dfi:bai_126 + dfi:bai_236 + bai_126:bai_236,simp,0.4048,0.4036,10135.5402,904.1194,584.2493,8.7412,1.2042,0.3761,1.8189,576.3039,373.6932,1.1068,0.385,1.4682,0.5523,0.2795,0.174,520.9137,1.5568,11.8934,1396.8852,0.7406,0.1898,1.145
92,Temporal,3,np.log(bm) ~ dfi + bai_126 + bai_246 + dfi:bai_126 + dfi:bai_246 + bai_126:bai_246,simp,0.356,0.3546,10355.2072,867.4014,469.1294,10.0466,1.229,0.5493,2.467,536.3184,224.6694,1.137,0.39,1.5156,0.5594,0.2879,0.1776,579.6935,1.8271,13.2359,823.5653,0.7381,0.1614,1.1013
93,Temporal,3,np.log(bm) ~ dfi + bai_136 + bai_246 + dfi:bai_136 + dfi:bai_246 + bai_136:bai_246,simp,0.4602,0.459,9863.6653,700.2546,196.1321,6.7378,1.0323,0.2575,1.3996,482.3624,177.3479,1.0391,0.3783,1.3786,0.5087,0.2621,0.1585,461.9965,1.4463,9.4185,760.2799,0.6709,0.0879,0.8235
94,Temporal,3,np.log(bm) ~ dfi + bai_236 + bai_246 + dfi:bai_236 + dfi:bai_246 + bai_236:bai_246,simp,0.472,0.4708,9802.0497,779.6623,396.5917,6.6021,1.0905,0.2859,1.4271,518.3054,272.1992,1.0367,0.3595,1.3763,0.4664,0.2603,0.1495,497.8338,1.5063,9.5293,1103.656,0.6938,0.1198,0.9046
95,Temporal,3,np.log(bm) ~ ndvi + satvi + nir + ndvi:satvi + ndvi:nir + satvi:nir,simp,0.4414,0.4402,9958.7094,659.4714,183.1046,7.3721,0.9885,0.2939,1.3269,433.6646,133.8918,1.0301,0.3997,1.3766,0.559,0.2637,0.1698,412.0391,1.3062,10.1092,610.0941,0.6177,0.1006,0.7496
96,Temporal,3,np.log(bm) ~ ndvi + satvi + bai_126 + ndvi:satvi + ndvi:bai_126 + satvi:bai_126,simp,0.4421,0.4409,9955.2661,655.2593,165.7112,5.6872,0.979,0.2745,1.4787,447.6922,150.2189,1.0306,0.4104,1.3616,0.5064,0.2594,0.1588,375.1294,1.1841,8.0134,696.68,0.6332,0.0854,0.7637
97,Temporal,3,np.log(bm) ~ ndvi + satvi + bai_246 + ndvi:satvi + ndvi:bai_246 + satvi:bai_246,simp,0.397,0.3957,10172.1744,632.2816,132.0297,7.3197,0.9548,0.2714,1.4202,436.4802,128.0223,1.0518,0.4302,1.3967,0.5842,0.2682,0.1765,332.5491,1.0807,9.7883,612.3257,0.6254,0.0955,0.7472
98,Temporal,3,np.log(bm) ~ ndvi + nir + bai_246 + ndvi:nir + ndvi:bai_246 + nir:bai_246,simp,0.498,0.4969,9661.4325,654.5366,221.3078,6.1875,0.9653,0.2975,1.3903,429.0368,161.9908,0.9677,0.3873,1.3038,0.5255,0.2495,0.1592,460.5227,1.424,8.7042,644.3219,0.6016,0.1304,0.8616
99,Temporal,3,np.log(bm) ~ ndvi + bai_126 + bai_246 + ndvi:bai_126 + ndvi:bai_246 + bai_126:bai_246,simp,0.3477,0.3463,10390.8056,844.7183,514.1119,8.5115,1.1545,0.3274,1.7024,549.0263,315.4473,1.1545,0.4301,1.4991,0.5859,0.2862,0.183,460.7621,1.3623,11.178,1273.145,0.7321,0.1556,1.0436
100,Temporal,3,np.log(bm) ~ ndti + ndii7 + nir + ndti:ndii7 + ndti:nir + ndii7:nir,simp,0.5157,0.5146,9561.5003,689.5607,278.2861,5.8321,1.0167,0.3676,1.627,437.8806,173.8299,0.978,0.3878,1.3141,0.5108,0.2507,0.1551,467.9092,1.4627,8.3772,692.157,0.6128,0.138,0.8731
101,Temporal,3,np.log(bm) ~ ndti + ndii7 + bai_126 + ndti:ndii7 + ndti:bai_126 + ndii7:bai_126,simp,0.4752,0.474,9785.1382,653.3883,187.4615,5.909,0.9641,0.2518,1.337,447.8922,163.2805,1.0164,0.3851,1.3505,0.5047,0.2572,0.1583,409.2183,1.2665,8.2993,713.0097,0.6244,0.0782,0.7342
102,Temporal,3,np.log(bm) ~ ndti + ndii7 + bai_136 + ndti:ndii7 + ndti:bai_136 + ndii7:bai_136,simp,0.487,0.4859,9721.614,656.4714,181.7204,5.5711,0.9733,0.2591,1.3564,449.2536,160.2761,1.0083,0.3816,1.3362,0.4938,0.2543,0.1548,410.1396,1.2718,7.8966,717.4924,0.6288,0.0868,0.7435
103,Temporal,3,np.log(bm) ~ ndti + ndii7 + bai_236 + ndti:ndii7 + ndti:bai_236 + ndii7:bai_236,simp,0.4899,0.4888,9705.6809,689.2562,178.4384,5.4648,1.0208,0.2531,1.3773,469.357,164.9669,1.0165,0.3786,1.34,0.4857,0.2546,0.1524,452.4889,1.3859,7.8241,715.2257,0.6568,0.0985,0.7929
104,Temporal,3,np.log(bm) ~ ndti + nir + bai_136 + ndti:nir + ndti:bai_136 + nir:bai_136,simp,0.4667,0.4655,9829.8274,710.6875,221.434,6.6395,1.0387,0.2673,1.3946,466.727,170.1556,1.0224,0.3767,1.3649,0.5342,0.2607,0.164,445.9889,1.3873,9.1879,688.7039,0.6463,0.0855,0.8063
105,Temporal,3,np.log(bm) ~ ndti + nir + bai_236 + ndti:nir + ndti:bai_236 + nir:bai_236,simp,0.4893,0.4882,9708.9836,679.547,203.7988,5.912,0.9988,0.2598,1.3399,455.465,172.1929,1.0098,0.3783,1.3412,0.511,0.2557,0.1577,426.598,1.3269,8.374,738.2301,0.6314,0.0845,0.7585
106,Temporal,3,np.log(bm) ~ ndti + nir + bai_246 + ndti:nir + ndti:bai_246 + nir:bai_246,simp,0.5131,0.5121,9576.0834,623.3007,186.3196,5.516,0.9247,0.2686,1.3006,418.0265,156.1409,0.9551,0.3841,1.2829,0.5069,0.2451,0.1539,373.6553,1.1761,7.8483,655.1508,0.5852,0.0979,0.712
107,Temporal,3,np.log(bm) ~ ndti + bai_126 + bai_136 + ndti:bai_126 + ndti:bai_136 + bai_126:bai_136,simp,0.484,0.4829,9738.0876,688.6058,198.3901,5.5844,1.0173,0.2712,1.3855,462.3765,168.6827,1.0224,0.3842,1.3464,0.4961,0.2561,0.1553,440.4041,1.3638,7.9881,740.0447,0.6449,0.0873,0.7702
108,Temporal,3,np.log(bm) ~ ndti + bai_126 + bai_236 + ndti:bai_126 + ndti:bai_236 + bai_126:bai_236,simp,0.484,0.4829,9738.0927,694.5274,201.5074,5.6074,1.0245,0.2709,1.3834,463.4863,168.9596,1.021,0.3832,1.3455,0.4944,0.2559,0.1551,439.6082,1.3609,8.0272,737.7441,0.6461,0.0875,0.7777
109,Temporal,3,np.log(bm) ~ ndti + bai_126 + bai_246 + ndti:bai_126 + ndti:bai_246 + bai_126:bai_246,simp,0.4525,0.4513,9902.9196,783.3025,374.1761,6.5898,1.0866,0.2361,1.3409,488.7504,211.4069,1.0339,0.371,1.3756,0.507,0.2618,0.1611,452.5267,1.3615,9.1046,871.4062,0.6616,0.0499,0.7307
110,Temporal,3,np.log(bm) ~ ndti + bai_136 + bai_246 + ndti:bai_136 + ndti:bai_246 + bai_136:bai_246,simp,0.4753,0.4741,9784.6234,683.9803,171.3069,5.8664,1.0078,0.2273,1.3512,464.9797,158.9137,1.019,0.3727,1.3487,0.4966,0.2567,0.1565,429.0661,1.3139,8.2236,678.9302,0.6486,0.0735,0.7267
111,Temporal,3,np.log(bm) ~ ndti + bai_236 + bai_246 + ndti:bai_236 + ndti:bai_246 + bai_236:bai_246,simp,0.4837,0.4826,9739.3885,687.0845,175.6664,5.6748,1.0172,0.251,1.3769,467.4093,161.4256,1.0212,0.3829,1.3458,0.4949,0.256,0.1546,460.6992,1.4102,8.1145,704.2893,0.6536,0.0863,0.7805
112,Temporal,3,np.log(bm) ~ satvi + ndii7 + nir + satvi:ndii7 + satvi:nir + ndii7:nir,simp,0.5075,0.5065,9607.9028,898.3569,577.3001,5.8303,1.2525,0.6438,2.6823,465.9371,190.8577,0.9882,0.381,1.3111,0.5104,0.2502,0.1547,619.4341,1.9272,8.3487,747.6807,0.6501,0.1617,0.9998
113,Temporal,3,np.log(bm) ~ satvi + ndii7 + swir1 + satvi:ndii7 + satvi:swir1 + ndii7:swir1,simp,0.5028,0.5017,9634.3912,629.1009,157.1881,5.6411,0.9392,0.2503,1.3278,434.5226,145.228,1.0035,0.3714,1.3174,0.4903,0.2508,0.1521,378.2742,1.1893,8.0921,670.7146,0.6125,0.0829,0.7066
114,Temporal,3,np.log(bm) ~ satvi + ndii7 + bai_126 + satvi:ndii7 + satvi:bai_126 + ndii7:bai_126,simp,0.4731,0.4719,9796.3386,660.9472,178.4049,5.4362,0.9871,0.2824,1.4178,442.0222,146.1657,1.0072,0.4013,1.328,0.5006,0.253,0.1548,397.4396,1.2565,7.7359,679.3594,0.6277,0.1008,0.7364
115,Temporal,3,np.log(bm) ~ satvi + ndii7 + bai_236 + satvi:ndii7 + satvi:bai_236 + ndii7:bai_236,simp,0.4629,0.4617,9849.6651,688.4564,220.9959,5.3991,1.0219,0.3152,1.4207,455.9058,162.699,1.0178,0.4022,1.3342,0.5141,0.2544,0.1571,415.8762,1.3287,7.6163,675.6627,0.6442,0.1256,0.8578
116,Temporal,3,np.log(bm) ~ satvi + nir + swir1 + satvi:nir + satvi:swir1 + nir:swir1,simp,0.4909,0.4898,9700.1361,633.0175,160.3228,5.9993,0.9468,0.2611,1.3109,422.7471,133.6901,0.9987,0.4018,1.3229,0.5355,0.2532,0.1601,390.0825,1.2369,8.5282,633.2934,0.6002,0.0872,0.7093
117,Temporal,3,np.log(bm) ~ satvi + nir + bai_236 + satvi:nir + satvi:bai_236 + nir:bai_236,simp,0.4048,0.4035,10135.8207,644.3422,162.3522,7.945,0.9589,0.253,1.3622,440.1403,148.9535,1.0492,0.4035,1.4007,0.582,0.2689,0.1762,319.9787,1.0441,10.7535,660.3894,0.6193,0.0769,0.7286
118,Temporal,3,np.log(bm) ~ satvi + nir + bai_246 + satvi:nir + satvi:bai_246 + nir:bai_246,simp,0.4842,0.4831,9736.6296,639.0704,160.3522,6.3469,0.9577,0.2659,1.2831,425.1168,134.5289,0.9868,0.3849,1.3181,0.5233,0.2521,0.1594,429.0476,1.3306,8.8926,619.9655,0.6037,0.0949,0.7257
119,Temporal,3,np.log(bm) ~ satvi + swir1 + bai_126 + satvi:swir1 + satvi:bai_126 + swir1:bai_126,simp,0.5333,0.5323,9458.1033,624.2995,170.1062,5.379,0.9319,0.2635,1.3585,410.6539,137.4598,0.9342,0.372,1.2554,0.4759,0.2393,0.1456,355.6844,1.1093,7.9746,654.1846,0.5809,0.0791,0.7054
120,Temporal,3,np.log(bm) ~ satvi + swir1 + bai_246 + satvi:swir1 + satvi:bai_246 + swir1:bai_246,simp,0.4876,0.4865,9718.3781,644.1161,189.9904,6.1096,0.9492,0.2354,1.3163,425.7474,136.6054,0.996,0.3826,1.3175,0.5112,0.2516,0.1569,362.1631,1.1327,8.6372,650.9912,0.6022,0.076,0.6969
121,Temporal,3,np.log(bm) ~ satvi + bai_126 + bai_236 + satvi:bai_126 + satvi:bai_236 + bai_126:bai_236,simp,0.4418,0.4406,9956.8645,676.16,162.626,5.9098,1.0071,0.2609,1.4814,461.9985,151.3491,1.0417,0.3946,1.3752,0.4988,0.2615,0.1573,381.901,1.2103,8.3975,693.1963,0.6517,0.0762,0.7476
122,Temporal,3,np.log(bm) ~ satvi + bai_126 + bai_246 + satvi:bai_126 + satvi:bai_246 + bai_126:bai_246,simp,0.3993,0.398,10161.3505,754.7311,240.2401,6.8825,1.0893,0.2186,1.4472,520.6775,215.5417,1.097,0.3826,1.4455,0.5162,0.2746,0.1656,464.6471,1.4193,9.3112,910.0417,0.7103,0.0624,0.814
123,Temporal,3,np.log(bm) ~ satvi + bai_236 + bai_246 + satvi:bai_236 + satvi:bai_246 + bai_236:bai_246,simp,0.4004,0.3991,10156.2779,656.6073,167.5906,6.8813,0.9777,0.2636,1.4426,451.14,149.7932,1.0564,0.4152,1.3958,0.5582,0.2671,0.1709,337.4391,1.0997,9.3656,667.8645,0.6373,0.0839,0.7439
124,Temporal,3,np.log(bm) ~ ndii7 + nir + swir1 + ndii7:nir + ndii7:swir1 + nir:swir1,simp,0.5083,0.5073,9603.3521,728.4202,309.597,6.1593,1.0617,0.3882,1.8039,461.3701,187.1858,1.0041,0.371,1.341,0.5044,0.2555,0.1556,492.6383,1.5229,8.8165,705.8698,0.6388,0.1412,0.9439
125,Temporal,3,np.log(bm) ~ ndii7 + nir + swir2 + ndii7:nir + ndii7:swir2 + nir:swir2,simp,0.5192,0.5182,9541.1243,655.7694,192.1426,5.9525,0.9705,0.2674,1.285,436.4004,157.0486,0.9869,0.3694,1.3212,0.4983,0.2517,0.1528,425.1796,1.3205,8.5808,652.1791,0.6109,0.1057,0.8074
126,Temporal,3,np.log(bm) ~ ndii7 + nir + bai_136 + ndii7:nir + ndii7:bai_136 + nir:bai_136,simp,0.4942,0.4931,9682.17,989.996,931.7383,6.7521,1.418,1.2153,4.3326,500.221,250.6318,1.014,0.3904,1.3542,0.5376,0.2589,0.1622,827.193,2.5408,9.6105,1004.0812,0.6967,0.2748,1.3427
127,Temporal,3,np.log(bm) ~ ndii7 + nir + bai_236 + ndii7:nir + ndii7:bai_236 + nir:bai_236,simp,0.4964,0.4953,9669.9471,1021.2464,988.9599,6.6877,1.4554,1.2892,4.5597,509.1854,270.8551,1.0212,0.3791,1.3613,0.5248,0.2596,0.1597,875.3092,2.6899,9.5208,1075.5941,0.7087,0.3064,1.4383
128,Temporal,3,np.log(bm) ~ ndii7 + swir1 + bai_126 + ndii7:swir1 + ndii7:bai_126 + swir1:bai_126,simp,0.4732,0.4721,9795.4778,652.6066,158.1543,6.7503,0.9695,0.2339,1.2986,452.5289,148.8437,1.0723,0.3877,1.4079,0.5119,0.2673,0.1596,409.2571,1.2705,9.547,677.9923,0.6371,0.0857,0.7219
129,Temporal,3,np.log(bm) ~ ndii7 + swir2 + bai_126 + ndii7:swir2 + ndii7:bai_126 + swir2:bai_126,simp,0.5124,0.5114,9580.162,627.609,160.6884,5.9912,0.9346,0.2481,1.3187,428.0635,148.9725,0.9989,0.3795,1.3309,0.4964,0.2535,0.154,393.88,1.2144,8.6874,684.4491,0.5996,0.0726,0.734
130,Temporal,3,np.log(bm) ~ ndii7 + bai_126 + bai_136 + ndii7:bai_126 + ndii7:bai_136 + bai_126:bai_136,simp,0.3905,0.3892,10201.9901,795.6981,353.0321,7.5804,1.1669,0.4549,2.1079,517.7381,199.1328,1.1604,0.4249,1.496,0.5593,0.2842,0.1728,538.3992,1.6822,10.2955,863.23,0.7328,0.1969,1.1543
131,Temporal,3,np.log(bm) ~ ndii7 + bai_126 + bai_236 + ndii7:bai_126 + ndii7:bai_236 + bai_126:bai_236,simp,0.3934,0.3921,10188.7142,775.264,314.0238,7.4811,1.1361,0.4015,1.9255,511.4711,194.4805,1.1519,0.4214,1.484,0.5578,0.2822,0.1726,504.8886,1.5832,10.1637,836.8293,0.7226,0.1846,1.119
132,Temporal,3,np.log(bm) ~ nir + swir1 + bai_246 + nir:swir1 + nir:bai_246 + swir1:bai_246,simp,0.4947,0.4936,9679.6275,650.7652,168.184,6.215,0.9671,0.2522,1.2916,434.8086,143.3959,1.0035,0.3752,1.3322,0.5131,0.2542,0.1569,401.384,1.2559,8.8117,613.5676,0.6129,0.0926,0.7626
133,Temporal,3,np.log(bm) ~ nir + swir2 + bai_246 + nir:swir2 + nir:bai_246 + swir2:bai_246,simp,0.5226,0.5216,9521.0779,636.9272,161.6556,6.058,0.9464,0.2444,1.3022,430.7535,147.3778,0.9832,0.3707,1.3126,0.4943,0.25,0.151,400.7356,1.2492,8.8302,653.8394,0.6039,0.0792,0.7276
134,Temporal,3,np.log(bm) ~ nir + bai_136 + bai_246 + nir:bai_136 + nir:bai_246 + bai_136:bai_246,simp,0.4966,0.4955,9669.0291,692.111,288.8672,6.1991,1.0204,0.3855,1.7397,439.7441,173.4657,0.9661,0.3902,1.3053,0.5321,0.25,0.1604,507.2053,1.5505,8.7267,708.2169,0.6168,0.1555,0.947
135,Temporal,3,np.log(bm) ~ nir + bai_236 + bai_246 + nir:bai_236 + nir:bai_246 + bai_236:bai_246,simp,0.4828,0.4817,9744.1109,671.3304,247.368,6.2075,0.9952,0.3437,1.5622,433.7296,162.0033,0.9857,0.3957,1.3203,0.5377,0.2528,0.1622,461.2798,1.4344,8.6614,680.9343,0.6126,0.1452,0.9105
136,Temporal,3,np.log(bm) ~ swir1 + bai_126 + bai_246 + swir1:bai_126 + swir1:bai_246 + bai_126:bai_246,simp,0.4583,0.4571,9873.3308,1008.0183,971.4822,7.2908,1.2649,0.6488,2.7656,484.966,209.8489,1.075,0.397,1.4136,0.5257,0.2686,0.1632,435.0692,1.3231,10.1962,911.2679,0.6622,0.077,0.7469
137,Temporal,3,np.log(bm) ~ swir2 + bai_126 + bai_246 + swir2:bai_126 + swir2:bai_246 + bai_126:bai_246,simp,0.505,0.504,9622.0005,968.4404,919.1903,6.1664,1.2231,0.6173,2.6272,475.6968,232.2573,1.0041,0.3653,1.334,0.4836,0.2536,0.1529,440.294,1.3279,8.8818,975.0271,0.6411,0.0891,0.7992
138,Temporal,3,np.log(bm) ~ bai_126 + bai_136 + bai_246 + bai_126:bai_136 + bai_126:bai_246 + bai_136:bai_246,simp,0.3118,0.3103,10540.1229,721.1547,215.5642,10.1017,1.0523,0.2285,1.4539,511.2536,194.3114,1.2109,0.4532,1.5714,0.6081,0.2993,0.1876,420.1259,1.2961,13.2392,883.0109,0.7117,0.0905,0.8078
139,Temporal,3,np.log(bm) ~ bai_126 + bai_236 + bai_246 + bai_126:bai_236 + bai_126:bai_246 + bai_236:bai_246,simp,0.3207,0.3192,10504.1234,699.1263,185.6137,9.6578,1.0293,0.2355,1.4506,497.6642,178.8359,1.1903,0.4457,1.5422,0.6036,0.2942,0.1864,387.1456,1.2073,12.6989,823.6385,0.6962,0.0825,0.8045
140,Temporal,4,np.log(bm) ~ dfi + ndvi + satvi + nir + dfi:ndvi + dfi:satvi + dfi:nir + ndvi:satvi + ndvi:nir + satvi:nir,simp,0.5195,0.5177,9547.4384,684.0499,254.257,5.7484,1.0123,0.3491,1.5633,433.4681,159.6411,0.9751,0.3859,1.3012,0.5123,0.2485,0.1544,460.5214,1.4475,8.2445,672.3554,0.6076,0.109,0.7793
141,Temporal,4,np.log(bm) ~ dfi + ndvi + satvi + bai_126 + dfi:ndvi + dfi:satvi + dfi:bai_126 + ndvi:satvi + ndvi:bai_126 + satvi:bai_126,simp,0.5195,0.5178,9547.1398,619.0219,167.1362,5.6267,0.9284,0.2819,1.3557,411.393,142.314,0.933,0.3695,1.261,0.483,0.2403,0.1466,337.7343,1.0793,8.1423,643.5344,0.582,0.0933,0.7085
142,Temporal,4,np.log(bm) ~ dfi + ndvi + satvi + bai_246 + dfi:ndvi + dfi:satvi + dfi:bai_246 + ndvi:satvi + ndvi:bai_246 + satvi:bai_246,simp,0.5113,0.5096,9594.2669,781.6751,495.7144,5.8903,1.0687,0.3474,1.5974,439.8622,197.2874,0.9521,0.3744,1.282,0.4918,0.2445,0.151,357.0617,1.1185,8.4349,852.523,0.6046,0.095,0.7167
143,Temporal,4,np.log(bm) ~ dfi + ndvi + nir + bai_246 + dfi:ndvi + dfi:nir + dfi:bai_246 + ndvi:nir + ndvi:bai_246 + nir:bai_246,simp,0.528,0.5263,9497.6542,582.5352,145.3452,5.6953,0.877,0.2644,1.2667,394.7501,131.9919,0.9223,0.3773,1.2544,0.5091,0.2401,0.1524,337.7914,1.067,8.1316,594.5973,0.5593,0.0915,0.6927
144,Temporal,4,np.log(bm) ~ dfi + ndvi + bai_126 + bai_246 + dfi:ndvi + dfi:bai_126 + dfi:bai_246 + ndvi:bai_126 + ndvi:bai_246 + bai_126:bai_246,simp,0.4924,0.4906,9700.2417,765.8741,430.2407,5.9472,1.0605,0.3033,1.4534,496.1869,278.1266,0.9984,0.3713,1.331,0.487,0.2531,0.1535,449.5677,1.3372,8.4282,1114.1065,0.659,0.1259,0.9132
145,Temporal,4,np.log(bm) ~ dfi + ndti + ndii7 + nir + dfi:ndti + dfi:ndii7 + dfi:nir + ndti:ndii7 + ndti:nir + ndii7:nir,simp,0.5206,0.5188,9541.1656,682.5937,253.1842,6.0915,1.01,0.3436,1.5351,437.084,164.6553,0.9867,0.3932,1.3243,0.52,0.2529,0.157,443.6565,1.3923,8.756,684.0668,0.6136,0.1252,0.8351
146,Temporal,4,np.log(bm) ~ dfi + ndti + ndii7 + bai_126 + dfi:ndti + dfi:ndii7 + dfi:bai_126 + ndti:ndii7 + ndti:bai_126 + ndii7:bai_126,simp,0.4913,0.4894,9706.3939,633.866,192.6915,5.9397,0.9416,0.2775,1.3224,429.6014,162.7738,0.9871,0.3901,1.324,0.5171,0.2528,0.1577,372.2985,1.1735,8.3507,714.5077,0.6025,0.1041,0.7278
147,Temporal,4,np.log(bm) ~ dfi + ndti + ndii7 + bai_136 + dfi:ndti + dfi:ndii7 + dfi:bai_136 + ndti:ndii7 + ndti:bai_136 + ndii7:bai_136,simp,0.5042,0.5024,9634.8428,661.0071,202.0692,5.6582,0.9823,0.2874,1.3418,443.6905,164.7222,0.9938,0.3813,1.3241,0.5023,0.2521,0.1526,396.6043,1.2724,8.1018,714.5149,0.624,0.1182,0.7784
148,Temporal,4,np.log(bm) ~ dfi + ndti + ndii7 + bai_236 + dfi:ndti + dfi:ndii7 + dfi:bai_236 + ndti:ndii7 + ndti:bai_236 + ndii7:bai_236,simp,0.5113,0.5096,9594.267,662.2378,208.6633,5.5036,0.9849,0.2993,1.3576,441.6332,167.1736,0.9857,0.382,1.3166,0.4959,0.2505,0.1504,399.2007,1.2756,7.9605,717.8361,0.6212,0.1234,0.7999
149,Temporal,4,np.log(bm) ~ dfi + ndti + nir + bai_136 + dfi:ndti + dfi:nir + dfi:bai_136 + ndti:nir + ndti:bai_136 + nir:bai_136,simp,0.4962,0.4944,9679.2237,787.1845,457.9445,6.1391,1.1404,0.5816,2.415,467.5443,210.1087,0.9925,0.3855,1.3374,0.526,0.2554,0.1608,522.027,1.6171,8.5904,785.689,0.6469,0.1849,1.0506
150,Temporal,4,np.log(bm) ~ dfi + ndti + nir + bai_236 + dfi:ndti + dfi:nir + dfi:bai_236 + ndti:nir + ndti:bai_236 + nir:bai_236,simp,0.5114,0.5097,9593.7489,651.2209,217.3002,5.8195,0.9665,0.3052,1.3176,431.2626,169.4846,0.9791,0.3895,1.3199,0.5169,0.2518,0.156,392.2996,1.244,8.2808,707.3112,0.6046,0.127,0.8026
151,Temporal,4,np.log(bm) ~ dfi + ndti + nir + bai_246 + dfi:ndti + dfi:nir + dfi:bai_246 + ndti:nir + ndti:bai_246 + nir:bai_246,simp,0.5279,0.5262,9498.1491,600.2732,155.8299,5.7791,0.8969,0.2536,1.2554,405.6783,140.6323,0.9368,0.3692,1.2697,0.504,0.2427,0.1523,346.2871,1.0973,8.2514,610.863,0.5712,0.0908,0.6907
152,Temporal,4,np.log(bm) ~ dfi + ndti + bai_126 + bai_136 + dfi:ndti + dfi:bai_126 + dfi:bai_136 + ndti:bai_126 + ndti:bai_136 + bai_126:bai_136,simp,0.5084,0.5066,9611.2108,662.6576,212.1067,5.5158,0.9843,0.3004,1.3596,443.7388,170.0917,0.9927,0.3839,1.3242,0.5007,0.252,0.1519,400.8182,1.2725,7.9314,733.5095,0.6228,0.1206,0.7996
153,Temporal,4,np.log(bm) ~ dfi + ndti + bai_126 + bai_236 + dfi:ndti + dfi:bai_126 + dfi:bai_236 + ndti:bai_126 + ndti:bai_236 + bai_126:bai_236,simp,0.5086,0.5068,9609.9236,658.7659,209.1741,5.6231,0.9781,0.2969,1.3525,441.6883,169.4768,0.9893,0.3828,1.3221,0.5033,0.2517,0.1526,394.7292,1.2539,8.0806,724.7486,0.6192,0.1191,0.7972
154,Temporal,4,np.log(bm) ~ dfi + ndti + bai_126 + bai_246 + dfi:ndti + dfi:bai_126 + dfi:bai_246 + ndti:bai_126 + ndti:bai_246 + bai_126:bai_246,simp,0.4782,0.4763,9777.0404,800.5023,519.1604,6.2934,1.0824,0.3442,1.6585,507.3901,315.407,1.008,0.3674,1.3497,0.4975,0.2567,0.1561,433.3697,1.2971,8.7642,1216.5282,0.6641,0.1588,0.9972
155,Temporal,4,np.log(bm) ~ dfi + ndti + bai_136 + bai_246 + dfi:ndti + dfi:bai_136 + dfi:bai_246 + ndti:bai_136 + ndti:bai_246 + bai_136:bai_246,simp,0.5096,0.5078,9604.1259,620.5747,174.1708,5.374,0.9305,0.2837,1.3335,417.7719,154.6336,0.9525,0.3803,1.2817,0.504,0.2447,0.1524,350.7266,1.1067,7.6555,682.7822,0.5881,0.1048,0.7082
156,Temporal,4,np.log(bm) ~ dfi + ndti + bai_236 + bai_246 + dfi:ndti + dfi:bai_236 + dfi:bai_246 + ndti:bai_236 + ndti:bai_246 + bai_236:bai_246,simp,0.5154,0.5137,9570.9227,632.9371,180.484,5.6016,0.9482,0.2874,1.3423,425.4818,154.399,0.9654,0.3788,1.2973,0.5003,0.2472,0.151,379.8031,1.2069,8.0641,689.2278,0.6013,0.1138,0.7376
157,Temporal,4,np.log(bm) ~ dfi + satvi + ndii7 + nir + dfi:satvi + dfi:ndii7 + dfi:nir + satvi:ndii7 + satvi:nir + ndii7:nir,simp,0.5224,0.5206,9530.6403,735.802,328.4824,5.6837,1.0683,0.3952,1.7942,441.6053,168.7311,0.9695,0.3898,1.2962,0.5162,0.2477,0.1545,487.0784,1.5314,8.1632,693.0974,0.6175,0.1189,0.8172
158,Temporal,4,np.log(bm) ~ dfi + satvi + ndii7 + swir1 + dfi:satvi + dfi:ndii7 + dfi:swir1 + satvi:ndii7 + satvi:swir1 + ndii7:swir1,simp,0.5358,0.5342,9450.8826,620.9266,171.298,5.642,0.9281,0.2753,1.3167,416.4752,147.1959,0.9559,0.3918,1.2844,0.5118,0.2453,0.1517,361.2557,1.1493,8.25,636.4582,0.5868,0.1023,0.7358
159,Temporal,4,np.log(bm) ~ dfi + satvi + ndii7 + bai_126 + dfi:satvi + dfi:ndii7 + dfi:bai_126 + satvi:ndii7 + satvi:bai_126 + ndii7:bai_126,simp,0.5129,0.5112,9585.214,639.0937,179.3947,5.7119,0.9531,0.279,1.3405,423.1162,142.1515,0.9513,0.3659,1.2819,0.4835,0.2441,0.1477,355.8303,1.1357,8.1914,628.7966,0.598,0.0904,0.7093
160,Temporal,4,np.log(bm) ~ dfi + satvi + ndii7 + bai_236 + dfi:satvi + dfi:ndii7 + dfi:bai_236 + satvi:ndii7 + satvi:bai_236 + ndii7:bai_236,simp,0.5166,0.5149,9563.9133,664.6207,203.3291,5.4564,0.9878,0.295,1.3659,448.0622,166.5651,0.9843,0.3697,1.3061,0.4802,0.248,0.1459,404.359,1.297,7.9787,703.8415,0.629,0.1167,0.7922
161,Temporal,4,np.log(bm) ~ dfi + satvi + nir + swir1 + dfi:satvi + dfi:nir + dfi:swir1 + satvi:nir + satvi:swir1 + nir:swir1,simp,0.533,0.5313,9467.7871,684.0938,281.4099,5.6189,0.985,0.2716,1.3193,415.4724,147.5597,0.9498,0.3977,1.2776,0.5136,0.2442,0.1521,391.5879,1.2373,8.192,651.8295,0.5853,0.0959,0.7316
162,Temporal,4,np.log(bm) ~ dfi + satvi + nir + bai_236 + dfi:satvi + dfi:nir + dfi:bai_236 + satvi:nir + satvi:bai_236 + nir:bai_236,simp,0.4757,0.4738,9790.2626,657.9552,210.0243,6.57,0.9674,0.2653,1.3723,445.4804,176.3444,1.0146,0.3836,1.3547,0.5248,0.2583,0.1593,345.2702,1.1064,9.2974,746.6592,0.6178,0.0895,0.7307
163,Temporal,4,np.log(bm) ~ dfi + satvi + nir + bai_246 + dfi:satvi + dfi:nir + dfi:bai_246 + satvi:nir + satvi:bai_246 + nir:bai_246,simp,0.5234,0.5216,9524.8897,613.9969,159.6365,5.744,0.9215,0.2738,1.2972,408.1996,136.1749,0.9413,0.3778,1.2701,0.5071,0.2429,0.1527,384.266,1.2091,8.214,607.2396,0.5778,0.0935,0.7123
164,Temporal,4,np.log(bm) ~ dfi + satvi + swir1 + bai_126 + dfi:satvi + dfi:swir1 + dfi:bai_126 + satvi:swir1 + satvi:bai_126 + swir1:bai_126,simp,0.5462,0.5446,9388.1037,595.8279,139.7743,5.6707,0.9025,0.2835,1.3255,398.3635,134.2326,0.9164,0.3893,1.2481,0.5027,0.2386,0.1484,340.2321,1.0685,8.4111,613.1119,0.5652,0.0939,0.7317
165,Temporal,4,np.log(bm) ~ dfi + satvi + swir1 + bai_246 + dfi:satvi + dfi:swir1 + dfi:bai_246 + satvi:swir1 + satvi:bai_246 + swir1:bai_246,simp,0.5358,0.5342,9450.9931,593.6127,146.9962,5.6578,0.895,0.2744,1.3062,400.2575,134.7255,0.9274,0.3842,1.2557,0.5015,0.2401,0.1499,345.1464,1.0857,8.2451,614.4786,0.5673,0.0925,0.7233
166,Temporal,4,np.log(bm) ~ dfi + satvi + bai_126 + bai_236 + dfi:satvi + dfi:bai_126 + dfi:bai_236 + satvi:bai_126 + satvi:bai_236 + bai_126:bai_236,simp,0.4988,0.4969,9665.1024,651.663,174.1966,6.3196,0.9721,0.2746,1.403,443.5967,156.9778,0.9801,0.3594,1.32,0.4836,0.2506,0.1478,356.9962,1.1515,9.23,669.506,0.6229,0.095,0.7302
167,Temporal,4,np.log(bm) ~ dfi + satvi + bai_126 + bai_246 + dfi:satvi + dfi:bai_126 + dfi:bai_246 + satvi:bai_126 + satvi:bai_246 + bai_126:bai_246,simp,0.4621,0.4602,9861.6299,683.4355,225.4387,6.5197,0.9943,0.2472,1.3804,468.8511,191.7604,1.0143,0.3529,1.3574,0.4872,0.2576,0.1525,366.3253,1.1633,9.0432,763.5317,0.6447,0.0805,0.7257
168,Temporal,4,np.log(bm) ~ dfi + satvi + bai_236 + bai_246 + dfi:satvi + dfi:bai_236 + dfi:bai_246 + satvi:bai_236 + satvi:bai_246 + bai_236:bai_246,simp,0.5017,0.4999,9648.5396,669.8758,194.0724,5.8871,0.9867,0.2533,1.3971,462.7566,172.63,0.9975,0.3473,1.323,0.4623,0.2507,0.1451,400.8482,1.2559,8.5819,742.9676,0.6418,0.0673,0.7324
169,Temporal,4,np.log(bm) ~ dfi + ndii7 + nir + swir1 + dfi:ndii7 + dfi:nir + dfi:swir1 + ndii7:nir + ndii7:swir1 + nir:swir1,simp,0.5272,0.5255,9502.1157,638.0618,172.8494,6.3262,0.9474,0.2577,1.3171,426.9743,151.2927,0.9785,0.3824,1.3196,0.514,0.2518,0.1547,367.0238,1.152,9.1855,642.1506,0.5976,0.0922,0.7412
170,Temporal,4,np.log(bm) ~ dfi + ndii7 + nir + swir2 + dfi:ndii7 + dfi:nir + dfi:swir2 + ndii7:nir + ndii7:swir2 + nir:swir2,simp,0.535,0.5333,9455.8903,610.3832,163.3559,5.8321,0.9126,0.2659,1.3016,409.8792,145.515,0.9479,0.3883,1.2861,0.511,0.2457,0.1528,358.1647,1.1249,8.4915,627.7509,0.5762,0.0975,0.7247
171,Temporal,4,np.log(bm) ~ dfi + ndii7 + nir + bai_136 + dfi:ndii7 + dfi:nir + dfi:bai_136 + ndii7:nir + ndii7:bai_136 + nir:bai_136,simp,0.5145,0.5128,9576.0314,730.1039,310.3124,6.1725,1.0711,0.4019,1.8309,454.8439,171.9868,0.9904,0.3908,1.3276,0.5295,0.2537,0.1583,497.921,1.5674,8.8008,685.4162,0.6354,0.1295,0.8625
172,Temporal,4,np.log(bm) ~ dfi + ndii7 + nir + bai_236 + dfi:ndii7 + dfi:nir + dfi:bai_236 + ndii7:nir + ndii7:bai_236 + nir:bai_236,simp,0.5252,0.5235,9514.1414,684.8452,252.9531,6.4111,1.0083,0.3349,1.5323,436.3953,163.8994,0.9752,0.3948,1.3204,0.5261,0.2522,0.1566,452.2114,1.4295,9.2424,668.5692,0.6123,0.1278,0.8349
173,Temporal,4,np.log(bm) ~ dfi + ndii7 + swir1 + bai_126 + dfi:ndii7 + dfi:swir1 + dfi:bai_126 + ndii7:swir1 + ndii7:bai_126 + swir1:bai_126,simp,0.5251,0.5234,9514.6638,623.123,165.9151,6.4762,0.9309,0.2676,1.3333,417.7749,143.6216,0.9741,0.404,1.3159,0.5351,0.2518,0.158,358.6163,1.1348,9.3947,631.687,0.5895,0.1018,0.7523
174,Temporal,4,np.log(bm) ~ dfi + ndii7 + swir2 + bai_126 + dfi:ndii7 + dfi:swir2 + dfi:bai_126 + ndii7:swir2 + ndii7:bai_126 + swir2:bai_126,simp,0.5319,0.5302,9474.466,610.3822,159.654,6.0776,0.9148,0.2692,1.3266,409.7314,142.5269,0.955,0.3955,1.2948,0.5208,0.2475,0.1543,351.6581,1.1066,8.8699,639.5977,0.5776,0.0963,0.7439
175,Temporal,4,np.log(bm) ~ dfi + ndii7 + bai_126 + bai_136 + dfi:ndii7 + dfi:bai_126 + dfi:bai_136 + ndii7:bai_126 + ndii7:bai_136 + bai_126:bai_136,simp,0.5056,0.5038,9627.0242,669.0999,202.1865,6.2676,0.9937,0.2897,1.3507,448.8983,162.304,1.0023,0.3858,1.338,0.505,0.2547,0.1533,423.7831,1.3564,9.0224,704.1387,0.633,0.1217,0.7936
176,Temporal,4,np.log(bm) ~ dfi + ndii7 + bai_126 + bai_236 + dfi:ndii7 + dfi:bai_126 + dfi:bai_236 + ndii7:bai_126 + ndii7:bai_236 + bai_126:bai_236,simp,0.5089,0.5072,9607.9837,662.1183,201.5044,6.1612,0.9802,0.2807,1.3491,446.2439,165.5417,0.9984,0.3833,1.3325,0.503,0.2536,0.1528,404.8656,1.2964,8.8886,712.5162,0.627,0.1181,0.7845
177,Temporal,4,np.log(bm) ~ dfi + nir + swir1 + bai_246 + dfi:nir + dfi:swir1 + dfi:bai_246 + nir:swir1 + nir:bai_246 + swir1:bai_246,simp,0.5369,0.5352,9444.8311,593.3019,145.31,5.8319,0.8947,0.2734,1.3062,400.2891,134.4572,0.9346,0.3892,1.2669,0.5115,0.2423,0.1519,338.6156,1.0676,8.5097,598.0971,0.5671,0.0943,0.7278
178,Temporal,4,np.log(bm) ~ dfi + nir + swir2 + bai_246 + dfi:nir + dfi:swir2 + dfi:bai_246 + nir:swir2 + nir:bai_246 + swir2:bai_246,simp,0.5403,0.5386,9424.2625,596.5805,149.387,5.5884,0.8971,0.2699,1.3043,403.2489,140.2018,0.9345,0.387,1.2649,0.5082,0.2418,0.1504,340.8588,1.0747,8.1669,614.5247,0.5686,0.0909,0.7286
179,Temporal,4,np.log(bm) ~ dfi + nir + bai_136 + bai_246 + dfi:nir + dfi:bai_136 + dfi:bai_246 + nir:bai_136 + nir:bai_246 + bai_136:bai_246,simp,0.5214,0.5197,9536.0185,610.5279,165.2805,5.7317,0.9197,0.2871,1.2792,410.3047,140.255,0.9403,0.3836,1.2707,0.5206,0.2434,0.1552,390.3771,1.2253,8.1288,598.2669,0.5818,0.112,0.7431
180,Temporal,4,np.log(bm) ~ dfi + nir + bai_236 + bai_246 + dfi:nir + dfi:bai_236 + dfi:bai_246 + nir:bai_236 + nir:bai_246 + bai_236:bai_246,simp,0.5324,0.5307,9471.6176,606.4287,160.2805,5.6437,0.9104,0.2735,1.2919,411.5899,141.1054,0.9403,0.3761,1.2703,0.5024,0.2426,0.1507,366.2621,1.1583,8.1404,631.6496,0.5819,0.098,0.7101
181,Temporal,4,np.log(bm) ~ dfi + swir1 + bai_126 + bai_246 + dfi:swir1 + dfi:bai_126 + dfi:bai_246 + swir1:bai_126 + swir1:bai_246 + bai_126:bai_246,simp,0.5316,0.5299,9476.2037,611.5761,171.0122,6.1067,0.9126,0.2666,1.3253,407.4676,145.0712,0.9414,0.3897,1.2767,0.513,0.2442,0.1536,355.4057,1.105,8.86,664.2293,0.5736,0.0879,0.7374
182,Temporal,4,np.log(bm) ~ dfi + swir2 + bai_126 + bai_246 + dfi:swir2 + dfi:bai_126 + dfi:bai_246 + swir2:bai_126 + swir2:bai_246 + bai_126:bai_246,simp,0.5346,0.5329,9458.2808,618.2058,179.328,5.8147,0.9187,0.2628,1.3189,411.4713,155.1648,0.9345,0.3775,1.2681,0.4989,0.2422,0.1505,353.5886,1.0949,8.4544,695.294,0.5751,0.0832,0.73
183,Temporal,4,np.log(bm) ~ dfi + bai_126 + bai_136 + bai_246 + dfi:bai_126 + dfi:bai_136 + dfi:bai_246 + bai_126:bai_136 + bai_126:bai_246 + bai_136:bai_246,simp,0.4829,0.4811,9751.584,744.2777,332.196,6.596,1.0528,0.2509,1.3936,503.4952,239.4585,1.0352,0.3535,1.3712,0.4736,0.2597,0.1515,461.8419,1.4042,9.4271,999.4402,0.6792,0.0843,0.8192
184,Temporal,4,np.log(bm) ~ dfi + bai_126 + bai_236 + bai_246 + dfi:bai_126 + dfi:bai_236 + dfi:bai_246 + bai_126:bai_236 + bai_126:bai_246 + bai_236:bai_246,simp,0.4884,0.4866,9721.9799,702.1515,249.2882,6.3488,1.0149,0.2391,1.3867,488.1464,213.0611,1.0266,0.3525,1.357,0.4716,0.2572,0.1505,445.1491,1.3557,9.1077,906.008,0.6644,0.0641,0.7426
185,Temporal,4,np.log(bm) ~ ndvi + satvi + nir + bai_246 + ndvi:satvi + ndvi:nir + ndvi:bai_246 + satvi:nir + satvi:bai_246 + nir:bai_246,simp,0.5088,0.507,9608.8587,640.8776,190.5327,5.9851,0.9481,0.2666,1.2615,419.1865,142.2718,0.9644,0.3682,1.2942,0.5082,0.2473,0.1547,428.0109,1.3336,8.4777,584.0536,0.5897,0.093,0.7344
186,Temporal,4,np.log(bm) ~ ndvi + satvi + bai_126 + bai_246 + ndvi:satvi + ndvi:bai_126 + ndvi:bai_246 + satvi:bai_126 + satvi:bai_246 + bai_126:bai_246,simp,0.4754,0.4736,9791.7323,657.6902,174.0352,5.7265,0.9867,0.2926,1.4647,436.4316,144.6861,0.9987,0.4041,1.3314,0.5061,0.2538,0.1555,394.5309,1.2578,8.2726,689.751,0.622,0.1069,0.7337
187,Temporal,4,np.log(bm) ~ ndti + ndii7 + nir + bai_136 + ndti:ndii7 + ndti:nir + ndti:bai_136 + ndii7:nir + ndii7:bai_136 + nir:bai_136,simp,0.5192,0.5175,9548.877,703.31,315.2942,6.1254,1.0338,0.4122,1.7991,435.9778,175.2803,0.9744,0.3973,1.3183,0.5231,0.2518,0.157,491.0081,1.5321,8.8363,678.6964,0.6094,0.1442,0.8851
188,Temporal,4,np.log(bm) ~ ndti + ndii7 + nir + bai_236 + ndti:ndii7 + ndti:nir + ndti:bai_236 + ndii7:nir + ndii7:bai_236 + nir:bai_236,simp,0.517,0.5153,9561.5359,699.9031,309.5879,6.0188,1.0274,0.3999,1.7547,440.6584,184.0045,0.9774,0.3884,1.319,0.515,0.2517,0.156,488.8657,1.5272,8.6258,698.3076,0.6144,0.1535,0.9187
189,Temporal,4,np.log(bm) ~ ndti + ndii7 + bai_126 + bai_136 + ndti:ndii7 + ndti:bai_126 + ndti:bai_136 + ndii7:bai_126 + ndii7:bai_136 + bai_126:bai_136,simp,0.4943,0.4925,9689.5845,671.4769,183.7957,5.6958,0.9968,0.2633,1.3659,459.7311,164.0435,1.017,0.3836,1.3442,0.4918,0.2555,0.1538,435.2008,1.3456,8.1504,739.2909,0.6446,0.0964,0.7726
190,Temporal,4,np.log(bm) ~ ndti + ndii7 + bai_126 + bai_236 + ndti:ndii7 + ndti:bai_126 + ndti:bai_236 + ndii7:bai_126 + ndii7:bai_236 + bai_126:bai_236,simp,0.4926,0.4908,9699.1369,685.7033,187.7178,5.7077,1.0149,0.2598,1.365,466.9707,166.5418,1.021,0.3813,1.3493,0.4896,0.2564,0.1535,450.4139,1.3884,8.1772,732.6392,0.6539,0.1011,0.8056
191,Temporal,4,np.log(bm) ~ ndti + nir + bai_136 + bai_246 + ndti:nir + ndti:bai_136 + ndti:bai_246 + nir:bai_136 + nir:bai_246 + bai_136:bai_246,simp,0.5276,0.5259,9499.8929,617.1338,182.913,5.7657,0.9178,0.2715,1.2691,407.4269,148.2569,0.9318,0.3791,1.267,0.5103,0.2424,0.1531,381.2734,1.1923,8.2771,615.0175,0.5724,0.1039,0.7247
192,Temporal,4,np.log(bm) ~ ndti + nir + bai_236 + bai_246 + ndti:nir + ndti:bai_236 + ndti:bai_246 + nir:bai_236 + nir:bai_246 + bai_236:bai_246,simp,0.5134,0.5116,9582.5397,652.6205,218.4068,5.7157,0.9591,0.2821,1.2941,432.0219,170.3562,0.9671,0.3783,1.2992,0.5044,0.2479,0.1539,410.8728,1.2856,8.1337,672.3585,0.6003,0.111,0.7884
193,Temporal,4,np.log(bm) ~ ndti + bai_126 + bai_136 + bai_246 + ndti:bai_126 + ndti:bai_136 + ndti:bai_246 + bai_126:bai_136 + bai_126:bai_246 + bai_136:bai_246,simp,0.4896,0.4877,9715.6842,666.6373,189.9748,5.7209,0.9872,0.2675,1.3723,458.0299,168.3007,1.0211,0.3864,1.3499,0.4928,0.2566,0.1541,446.0497,1.373,8.2329,740.9275,0.6387,0.086,0.7549
194,Temporal,4,np.log(bm) ~ ndti + bai_126 + bai_236 + bai_246 + ndti:bai_126 + ndti:bai_236 + ndti:bai_246 + bai_126:bai_236 + bai_126:bai_246 + bai_236:bai_246,simp,0.4887,0.4868,9720.5814,677.8201,193.7947,5.8069,1.0015,0.2655,1.3705,464.9903,171.56,1.0261,0.3841,1.3557,0.4918,0.2576,0.1539,458.6486,1.4099,8.3751,743.145,0.6473,0.0894,0.7812
195,Temporal,4,np.log(bm) ~ satvi + ndii7 + nir + swir1 + satvi:ndii7 + satvi:nir + satvi:swir1 + ndii7:nir + ndii7:swir1 + nir:swir1,simp,0.52,0.5182,9544.6249,659.6969,209.6588,5.7296,0.974,0.2868,1.3223,435.7865,163.7818,0.9839,0.3901,1.312,0.5053,0.2502,0.1531,436.4334,1.3697,8.3155,664.0253,0.6086,0.1081,0.784
196,Temporal,4,np.log(bm) ~ satvi + ndii7 + nir + bai_236 + satvi:ndii7 + satvi:nir + satvi:bai_236 + ndii7:nir + ndii7:bai_236 + nir:bai_236,simp,0.5127,0.511,9586.205,870.641,587.3741,5.8355,1.235,0.7249,2.9125,467.4909,202.112,0.986,0.3783,1.3118,0.5115,0.2503,0.1547,628.593,1.9556,8.3448,796.836,0.6499,0.1844,1.0655
197,Temporal,4,np.log(bm) ~ satvi + ndii7 + swir1 + bai_126 + satvi:ndii7 + satvi:swir1 + satvi:bai_126 + ndii7:swir1 + ndii7:bai_126 + swir1:bai_126,simp,0.534,0.5323,9461.8655,651.3205,220.0518,5.4456,0.9579,0.2617,1.3672,416.7936,142.9935,0.9399,0.3695,1.2636,0.4726,0.2406,0.145,372.6476,1.163,8.0786,680.6448,0.5887,0.0815,0.7076
198,Temporal,4,np.log(bm) ~ satvi + ndii7 + bai_126 + bai_236 + satvi:ndii7 + satvi:bai_126 + satvi:bai_236 + ndii7:bai_126 + ndii7:bai_236 + bai_126:bai_236,simp,0.4809,0.479,9762.8181,685.3781,197.7002,5.523,1.0148,0.2716,1.4364,450.2681,148.0258,0.9991,0.3968,1.3198,0.4947,0.2513,0.1525,394.295,1.2528,7.8894,698.3999,0.6381,0.0941,0.7322
199,Temporal,4,np.log(bm) ~ satvi + nir + swir1 + bai_246 + satvi:nir + satvi:swir1 + satvi:bai_246 + nir:swir1 + nir:bai_246 + swir1:bai_246,simp,0.5035,0.5017,9638.5475,642.6866,190.2338,6.0804,0.9526,0.271,1.2747,426.7066,149.6891,0.9888,0.3939,1.3212,0.5318,0.2528,0.1593,417.5852,1.3099,8.6375,611.076,0.6011,0.1122,0.8051
200,Temporal,4,np.log(bm) ~ satvi + nir + bai_236 + bai_246 + satvi:nir + satvi:bai_236 + satvi:bai_246 + nir:bai_236 + nir:bai_246 + bai_236:bai_246,simp,0.4917,0.4899,9703.9922,675.8392,234.1539,6.2654,0.9976,0.3154,1.5248,441.7106,156.8045,1.0084,0.3772,1.3383,0.5201,0.2554,0.1584,467.6445,1.4541,8.8164,661.6525,0.6219,0.1292,0.8848
201,Temporal,4,np.log(bm) ~ satvi + swir1 + bai_126 + bai_246 + satvi:swir1 + satvi:bai_126 + satvi:bai_246 + swir1:bai_126 + swir1:bai_246 + bai_126:bai_246,simp,0.5355,0.5338,9453.1219,611.7312,145.8011,5.3546,0.9241,0.2779,1.3624,408.8696,134.3203,0.9403,0.3791,1.2662,0.4794,0.2412,0.1458,375.9366,1.1723,7.9662,652.9952,0.5812,0.0877,0.7121
202,Temporal,4,np.log(bm) ~ satvi + bai_126 + bai_236 + bai_246 + satvi:bai_126 + satvi:bai_236 + satvi:bai_246 + bai_126:bai_236 + bai_126:bai_246 + bai_236:bai_246,simp,0.4524,0.4505,9911.2637,664.5935,150.7486,6.1392,0.9977,0.2745,1.4648,455.0837,140.9708,1.026,0.3968,1.3656,0.5058,0.2599,0.1569,388.4976,1.2394,8.7639,651.5969,0.6468,0.092,0.7344
203,Temporal,5,np.log(bm) ~ dfi + ndvi + satvi + nir + bai_246 + dfi:ndvi + dfi:satvi + dfi:nir + dfi:bai_246 + ndvi:satvi + ndvi:nir + ndvi:bai_246 + satvi:nir + satvi:bai_246 + nir:bai_246,simp,0.5346,0.5321,9468.0809,604.5901,161.9399,5.6432,0.9056,0.2693,1.3164,409.6171,142.9668,0.9524,0.3955,1.2804,0.5159,0.2449,0.1534,361.929,1.1455,8.1797,640.56,0.5783,0.0986,0.7309
204,Temporal,5,np.log(bm) ~ dfi + ndvi + satvi + bai_126 + bai_246 + dfi:ndvi + dfi:satvi + dfi:bai_126 + dfi:bai_246 + ndvi:satvi + ndvi:bai_126 + ndvi:bai_246 + satvi:bai_126 + satvi:bai_246 + bai_126:bai_246,simp,0.5287,0.5262,9503.179,680.2106,277.6357,5.5762,0.9871,0.2851,1.368,429.4816,175.9443,0.9437,0.3744,1.2705,0.4831,0.242,0.1469,361.6304,1.144,8.1419,784.0289,0.5983,0.0983,0.7171
205,Temporal,5,np.log(bm) ~ dfi + ndti + ndii7 + nir + bai_136 + dfi:ndti + dfi:ndii7 + dfi:nir + dfi:bai_136 + ndti:ndii7 + ndti:nir + ndti:bai_136 + ndii7:nir + ndii7:bai_136 + nir:bai_136,simp,0.5275,0.5249,9510.5432,661.8365,216.9665,5.9059,0.982,0.3039,1.3489,435.8676,163.9351,0.9851,0.3904,1.3239,0.5205,0.2528,0.1565,411.9104,1.2912,8.5237,676.5523,0.6106,0.1221,0.8267
206,Temporal,5,np.log(bm) ~ dfi + ndti + ndii7 + nir + bai_236 + dfi:ndti + dfi:ndii7 + dfi:nir + dfi:bai_236 + ndti:ndii7 + ndti:nir + ndti:bai_236 + ndii7:nir + ndii7:bai_236 + nir:bai_236,simp,0.5291,0.5265,9501.1696,674.9823,238.7616,6.3758,0.9978,0.3224,1.4619,443.1415,170.6214,0.9942,0.3917,1.3383,0.5232,0.2554,0.157,425.8576,1.3438,9.2095,680.508,0.6213,0.1385,0.8877
207,Temporal,5,np.log(bm) ~ dfi + ndti + ndii7 + bai_126 + bai_136 + dfi:ndti + dfi:ndii7 + dfi:bai_126 + dfi:bai_136 + ndti:ndii7 + ndti:bai_126 + ndti:bai_136 + ndii7:bai_126 + ndii7:bai_136 + bai_126:bai_136,simp,0.512,0.5093,9600.7282,667.4241,212.7392,5.9823,0.9895,0.2948,1.3473,446.5693,170.103,0.9976,0.3865,1.3334,0.508,0.2539,0.1539,405.338,1.2948,8.5771,728.1485,0.6273,0.1241,0.8078
208,Temporal,5,np.log(bm) ~ dfi + ndti + ndii7 + bai_126 + bai_236 + dfi:ndti + dfi:ndii7 + dfi:bai_126 + dfi:bai_236 + ndti:ndii7 + ndti:bai_126 + ndti:bai_236 + ndii7:bai_126 + ndii7:bai_236 + bai_126:bai_236,simp,0.514,0.5114,9588.9612,660.1274,201.5612,5.9014,0.9779,0.2822,1.3334,443.696,167.3066,0.9913,0.3824,1.3244,0.5056,0.2523,0.1531,394.5485,1.2565,8.4863,714.4126,0.6223,0.1165,0.7915
209,Temporal,5,np.log(bm) ~ dfi + ndti + nir + bai_136 + bai_246 + dfi:ndti + dfi:nir + dfi:bai_136 + dfi:bai_246 + ndti:nir + ndti:bai_136 + ndti:bai_246 + nir:bai_136 + nir:bai_246 + bai_136:bai_246,simp,0.5322,0.5297,9482.4868,609.2877,168.6219,5.654,0.9065,0.2549,1.2577,409.0327,146.9304,0.9342,0.3702,1.2668,0.5,0.2421,0.1512,349.2633,1.1004,8.1314,626.7968,0.5739,0.0937,0.6959
210,Temporal,5,np.log(bm) ~ dfi + ndti + nir + bai_236 + bai_246 + dfi:ndti + dfi:nir + dfi:bai_236 + dfi:bai_246 + ndti:nir + ndti:bai_236 + ndti:bai_246 + nir:bai_236 + nir:bai_246 + bai_236:bai_246,simp,0.5442,0.5417,9410.2392,617.2485,165.296,5.802,0.9139,0.2377,1.2715,420.9131,151.538,0.9501,0.3502,1.2826,0.4749,0.244,0.1457,351.2297,1.112,8.4799,635.1717,0.5869,0.079,0.7088
211,Temporal,5,np.log(bm) ~ dfi + ndti + bai_126 + bai_136 + bai_246 + dfi:ndti + dfi:bai_126 + dfi:bai_136 + dfi:bai_246 + ndti:bai_126 + ndti:bai_136 + ndti:bai_246 + bai_126:bai_136 + bai_126:bai_246 + bai_136:bai_246,simp,0.5204,0.5178,9552.207,639.2003,193.731,5.6704,0.9539,0.289,1.3425,432.1452,169.4121,0.9723,0.3873,1.3055,0.5082,0.249,0.1535,388.7574,1.2183,8.1612,748.7837,0.6055,0.1109,0.7343
212,Temporal,5,np.log(bm) ~ dfi + ndti + bai_126 + bai_236 + bai_246 + dfi:ndti + dfi:bai_126 + dfi:bai_236 + dfi:bai_246 + ndti:bai_126 + ndti:bai_236 + ndti:bai_246 + bai_126:bai_236 + bai_126:bai_246 + bai_236:bai_246,simp,0.5222,0.5196,9541.5501,638.3355,191.8876,5.5776,0.9513,0.2851,1.3424,430.0958,169.2516,0.9641,0.3852,1.295,0.5046,0.247,0.1523,382.5666,1.1959,8.0574,744.5562,0.6018,0.1077,0.7307
213,Temporal,5,np.log(bm) ~ dfi + satvi + ndii7 + nir + swir1 + dfi:satvi + dfi:ndii7 + dfi:nir + dfi:swir1 + satvi:ndii7 + satvi:nir + satvi:swir1 + ndii7:nir + ndii7:swir1 + nir:swir1,simp,0.5465,0.5441,9396.0409,603.2303,160.8658,5.4729,0.9007,0.2604,1.2896,408.4543,146.2553,0.9411,0.374,1.2691,0.4877,0.2418,0.1465,329.367,1.0445,8.0699,632.2762,0.5723,0.0791,0.7193
214,Temporal,5,np.log(bm) ~ dfi + satvi + ndii7 + nir + bai_236 + dfi:satvi + dfi:ndii7 + dfi:nir + dfi:bai_236 + satvi:ndii7 + satvi:nir + satvi:bai_236 + ndii7:nir + ndii7:bai_236 + nir:bai_236,simp,0.5321,0.5296,9483.3215,663.9181,228.4105,5.8339,0.9859,0.324,1.4022,434.2147,163.1185,0.9849,0.4085,1.3192,0.526,0.2518,0.1553,436.9334,1.3858,8.444,680.5917,0.6113,0.1289,0.8163
215,Temporal,5,np.log(bm) ~ dfi + satvi + ndii7 + swir1 + bai_126 + dfi:satvi + dfi:ndii7 + dfi:swir1 + dfi:bai_126 + satvi:ndii7 + satvi:swir1 + satvi:bai_126 + ndii7:swir1 + ndii7:bai_126 + swir1:bai_126,simp,0.5505,0.5481,9371.3084,597.1062,147.9636,5.7894,0.9039,0.2886,1.3198,400.5665,135.8656,0.9235,0.39,1.2597,0.4952,0.2403,0.1469,352.7309,1.1133,8.6522,607.184,0.569,0.1032,0.7332
216,Temporal,5,np.log(bm) ~ dfi + satvi + ndii7 + bai_126 + bai_236 + dfi:satvi + dfi:ndii7 + dfi:bai_126 + dfi:bai_236 + satvi:ndii7 + satvi:bai_126 + satvi:bai_236 + ndii7:bai_126 + ndii7:bai_236 + bai_126:bai_236,simp,0.5242,0.5216,9529.9371,631.7326,171.2189,5.9427,0.9485,0.2896,1.3563,430.8153,150.3268,0.9634,0.3699,1.293,0.4833,0.2458,0.1462,381.291,1.2254,8.6905,657.6468,0.6098,0.1122,0.7552
217,Temporal,5,np.log(bm) ~ dfi + satvi + nir + swir1 + bai_246 + dfi:satvi + dfi:nir + dfi:swir1 + dfi:bai_246 + satvi:nir + satvi:swir1 + satvi:bai_246 + nir:swir1 + nir:bai_246 + swir1:bai_246,simp,0.5401,0.5376,9435.2924,591.1972,146.1202,5.8,0.891,0.2724,1.3119,402.6795,137.3792,0.9409,0.3907,1.2738,0.5107,0.2435,0.1514,345.2661,1.0928,8.4723,619.058,0.5694,0.092,0.7283
218,Temporal,5,np.log(bm) ~ dfi + satvi + nir + bai_236 + bai_246 + dfi:satvi + dfi:nir + dfi:bai_236 + dfi:bai_246 + satvi:nir + satvi:bai_236 + satvi:bai_246 + nir:bai_236 + nir:bai_246 + bai_236:bai_246,simp,0.5386,0.5361,9444.4692,619.3135,174.7229,5.7125,0.9295,0.2876,1.3224,417.9711,148.4092,0.9659,0.4041,1.2978,0.521,0.2479,0.1533,393.6401,1.2468,8.3308,644.8806,0.5919,0.1196,0.7642
219,Temporal,5,np.log(bm) ~ dfi + satvi + swir1 + bai_126 + bai_246 + dfi:satvi + dfi:swir1 + dfi:bai_126 + dfi:bai_246 + satvi:swir1 + satvi:bai_126 + satvi:bai_246 + swir1:bai_126 + swir1:bai_246 + bai_126:bai_246,simp,0.5524,0.5499,9360.0196,591.1755,143.5684,5.6011,0.8958,0.2865,1.3168,396.0761,132.5842,0.9134,0.3844,1.2465,0.4912,0.2379,0.1459,350.3597,1.1008,8.3312,610.9502,0.5632,0.0974,0.7254
220,Temporal,5,np.log(bm) ~ dfi + satvi + bai_126 + bai_236 + bai_246 + dfi:satvi + dfi:bai_126 + dfi:bai_236 + dfi:bai_246 + satvi:bai_126 + satvi:bai_236 + satvi:bai_246 + bai_126:bai_236 + bai_126:bai_246 + bai_236:bai_246,simp,0.512,0.5094,9600.3048,646.2616,177.5023,6.2577,0.962,0.2713,1.3866,443.3338,157.2012,0.9753,0.3574,1.3062,0.477,0.248,0.1464,380.6311,1.2154,9.1186,679.77,0.6217,0.0872,0.724
