Site,Disturbance,Exclosure,Date_cln,Year,Rep,Area (m^2),% sd ARTR,% ARCA,% ATCA,# OPPO cladodes,# COVI,% OPPO,Total Weight (g),Total Weight (g/m^2),C4 weight (g),C3 weight (g),Bromes weight (g),Forbs weight (g),Ann Forb weight (g),Per Forb weight (g),VUOC weight (g),Subshrub weight (g),Standing Dead weight (g),Check
steckley,control,ungulate ex,2015-07-21,2015.0,2.0,0.5,,0.0,0.0,11.666666666666666,0.0,-1.0,33.56333333333333,67.12666666666667,,,,,,,,,,
lake creek,fire,out,2015-07-21,2015.0,2.0,0.5,,0.0,0.0,0.0,0.0,-1.0,89.37,178.74,,,,,,,,,,
wildcat,fire,out,2015-07-21,2015.0,2.0,0.5,,0.0,0.0,0.0,0.0,-1.0,117.42333333333333,234.84666666666666,,,,,,,,,,
wildcat,fire,ungulate ex,2015-07-21,2015.0,2.0,0.5,,0.0,0.0,0.0,0.0,-1.0,150.09333333333333,300.18666666666667,,,,,,,,,,
lake creek,prairie dog,out,2015-07-21,2015.0,2.0,0.5,,0.0,0.0,0.3333333333333333,0.0,-1.0,71.96333333333334,143.92666666666668,,,,,,,,,,
wildcat,control,livestock ex,2015-07-21,2015.0,2.0,0.5,,0.0,0.0,3.3333333333333335,0.0,-1.0,42.79,85.58,,,,,,,,,,
lake creek,control,out,2015-07-21,2015.0,2.0,0.5,,0.0,0.0,1.0,0.0,-1.0,42.906666666666666,85.81333333333333,,,,,,,,,,
steckley,prairie dog,ungulate ex,2015-07-21,2015.0,2.0,0.5,,0.0,0.0,0.0,0.0,-1.0,62.54333333333333,125.08666666666666,,,,,,,,,,
steckley,prairie dog,out,2015-07-21,2015.0,2.0,0.5,,0.0,0.0,0.0,0.0,-1.0,51.423333333333325,102.84666666666665,,,,,,,,,,
wildcat,prairie dog,livestock ex,2015-07-21,2015.0,2.0,0.5,,0.0,0.0,0.0,0.0,-1.0,40.14,80.28,,,,,,,,,,
steckley,prairie dog,livestock ex,2015-07-21,2015.0,2.0,0.5,,0.0,0.0,0.0,0.0,-1.0,59.75666666666666,119.51333333333332,,,,,,,,,,
steckley,control,livestock ex,2015-07-21,2015.0,2.0,0.5,,0.0,0.0,1.0,0.0,-1.0,58.99666666666667,117.99333333333334,,,,,,,,,,
steckley,control,out,2015-07-21,2015.0,2.0,0.5,,0.0,0.0,1.0,0.0,-1.0,37.45333333333333,74.90666666666667,,,,,,,,,,
wildcat,prairie dog,ungulate ex,2015-07-21,2015.0,2.0,0.5,,0.0,0.0,0.0,0.0,-1.0,55.93666666666667,111.87333333333333,,,,,,,,,,
steckley,fire,ungulate ex,2015-07-21,2015.0,2.0,0.5,,0.0,0.0,0.0,0.0,-1.0,238.07666666666668,476.15333333333336,,,,,,,,,,
steckley,fire,out,2015-07-21,2015.0,2.0,0.5,,0.0,0.0,0.0,0.0,-1.0,102.74666666666667,205.49333333333334,,,,,,,,,,
wildcat,prairie dog,out,2015-07-21,2015.0,2.0,0.5,,0.0,0.0,0.0,0.0,-1.0,75.12,150.24,,,,,,,,,,
steckley,fire,livestock ex,2015-07-21,2015.0,2.0,0.5,,0.0,0.0,0.0,0.0,-1.0,100.50666666666666,201.01333333333332,,,,,,,,,,
west fork,prairie dog,ungulate ex,2015-07-27,2015.0,2.0,0.5,,0.0,0.0,0.0,0.0,-1.0,84.24333333333334,168.48666666666668,,,,,,,,,,
west fork,prairie dog,out,2015-07-27,2015.0,2.0,0.5,,0.0,0.0,0.0,0.0,-1.0,82.65666666666667,165.31333333333333,,,,,,,,,,
west fork,prairie dog,livestock ex,2015-07-27,2015.0,2.0,0.5,,0.0,0.0,0.0,0.0,-1.0,83.28333333333332,166.56666666666663,,,,,,,,,,
lake creek,fire,ungulate ex,2015-07-27,2015.0,2.0,0.5,,0.0,0.0,14.666666666666666,0.0,-1.0,97.35666666666668,194.71333333333337,,,,,,,,,,
west fork,fire,out,2015-07-27,2015.0,2.0,0.5,,0.0,0.0,0.0,0.0,-1.0,105.45333333333333,210.90666666666667,,,,,,,,,,
west fork,fire,livestock ex,2015-07-27,2015.0,2.0,0.5,,0.0,0.0,0.3333333333333333,0.0,-1.0,118.84666666666665,237.6933333333333,,,,,,,,,,
west fork,control,ungulate ex,2015-07-27,2015.0,2.0,0.5,,0.0,0.0,0.0,0.0,-1.0,70.17333333333333,140.34666666666666,,,,,,,,,,
west fork,control,out,2015-07-27,2015.0,2.0,0.5,,0.0,0.0,0.0,0.0,-1.0,89.46,178.92,,,,,,,,,,
west fork,control,livestock ex,2015-07-27,2015.0,2.0,0.5,,0.0,0.0,0.0,0.0,-1.0,135.48,270.96,,,,,,,,,,
west fork,fire,ungulate ex,2015-07-27,2015.0,2.0,0.5,,0.0,0.0,0.0,0.0,-1.0,146.39666666666668,292.79333333333335,,,,,,,,,,
lake creek,fire,livestock ex,2015-07-27,2015.0,2.0,0.5,,0.0,0.0,8.0,0.0,-1.0,115.79333333333334,231.58666666666667,,,,,,,,,,
lake creek,control,livestock ex,2015-07-27,2015.0,2.0,0.5,,0.0,0.0,2.0,0.0,-1.0,72.14999999999999,144.29999999999998,,,,,,,,,,
lake creek,control,ungulate ex,2015-07-27,2015.0,2.0,0.5,,0.0,0.0,0.0,0.0,-1.0,78.70666666666666,157.41333333333333,,,,,,,,,,
wildcat,control,ungulate ex,2015-08-01,2015.0,2.0,0.5,,0.0,0.0,0.0,0.0,-1.0,74.76,149.52,,,,,,,,,,
wildcat,control,out,2015-08-01,2015.0,2.0,0.5,,0.0,0.0,18.333333333333332,0.0,-1.0,58.45333333333334,116.90666666666668,,,,,,,,,,
lake creek,prairie dog,livestock ex,2015-08-01,2015.0,2.0,0.5,,0.0,0.0,0.3333333333333333,0.0,-1.0,79.40666666666667,158.81333333333333,,,,,,,,,,
wildcat,fire,livestock ex,2015-08-01,2015.0,2.0,0.5,,0.0,0.0,0.0,0.0,-1.0,111.75,223.5,,,,,,,,,,
lake creek,prairie dog,ungulate ex,2015-08-01,2015.0,2.0,0.5,,0.0,0.0,1.6666666666666667,0.0,-1.0,96.71,193.42,,,,,,,,,,
wildcat,fire,out,2016-08-01,2016.0,2.0,0.5,,0.0,0.0,-1.0,0.0,0.0,10.0,20.0,,,,,,,,,,
west fork,fire,livestock ex,2016-08-01,2016.0,2.0,0.5,,0.0,0.0,-1.0,0.0,0.0,73.83333333333333,147.66666666666666,,,,,,,,,,
wildcat,prairie dog,ungulate ex,2016-08-01,2016.0,2.0,0.5,,0.0,0.0,-1.0,0.0,0.0,6.833333333333333,13.666666666666666,,,,,,,,,,
west fork,control,out,2016-08-01,2016.0,2.0,0.5,,0.0,0.0,-1.0,0.0,0.0,62.5,125.0,,,,,,,,,,
wildcat,prairie dog,out,2016-08-01,2016.0,2.0,0.5,,0.0,0.0,-1.0,0.0,0.0,14.266666666666666,28.53333333333333,,,,,,,,,,
west fork,fire,out,2016-08-01,2016.0,2.0,0.5,,0.0,0.0,-1.0,0.0,0.0,57.93333333333334,115.86666666666667,,,,,,,,,,
west fork,control,livestock ex,2016-08-01,2016.0,2.0,0.5,,0.0,0.0,-1.0,0.0,0.0,142.5666666666667,285.1333333333334,,,,,,,,,,
west fork,fire,ungulate ex,2016-08-01,2016.0,2.0,0.5,,0.0,0.0,-1.0,0.0,0.0,82.96666666666665,165.9333333333333,,,,,,,,,,
west fork,control,ungulate ex,2016-08-01,2016.0,2.0,0.5,,0.0,0.0,-1.0,0.0,0.0,67.83333333333333,135.66666666666666,,,,,,,,,,
west fork,prairie dog,out,2016-08-01,2016.0,2.0,0.5,,0.0,0.0,-1.0,0.0,0.0,9.966666666666667,19.933333333333334,,,,,,,,,,
west fork,prairie dog,livestock ex,2016-08-01,2016.0,2.0,0.5,,0.0,0.0,-1.0,0.0,0.0,40.9,81.8,,,,,,,,,,
wildcat,fire,ungulate ex,2016-08-01,2016.0,2.0,0.5,,0.0,0.0,-1.0,0.0,0.0,90.36666666666667,180.73333333333335,,,,,,,,,,
wildcat,control,out,2016-08-01,2016.0,2.0,0.5,,0.0,0.0,-1.0,0.0,0.0,16.9,33.8,,,,,,,,,,
wildcat,fire,livestock ex,2016-08-01,2016.0,2.0,0.5,,0.0,0.0,-1.0,0.0,0.16666666666666666,39.199999999999996,78.39999999999999,,,,,,,,,,
wildcat,control,ungulate ex,2016-08-01,2016.0,2.0,0.5,,0.0,0.0,-1.0,0.0,0.8333333333333334,35.0,70.0,,,,,,,,,,
wildcat,control,livestock ex,2016-08-01,2016.0,2.0,0.5,,0.0,0.0,-1.0,0.0,0.0,24.066666666666666,48.13333333333333,,,,,,,,,,
west fork,prairie dog,ungulate ex,2016-08-01,2016.0,2.0,0.5,,0.0,0.0,-1.0,0.0,0.0,9.166666666666666,18.333333333333332,,,,,,,,,,
wildcat,prairie dog,livestock ex,2016-08-01,2016.0,2.0,0.5,,0.0,0.0,-1.0,0.0,0.0,9.066666666666668,18.133333333333336,,,,,,,,,,
lake creek,prairie dog,out,2016-08-02,2016.0,2.0,0.5,,0.0,0.0,-1.0,0.0,1.0,4.366666666666666,8.733333333333333,,,,,,,,,,
lake creek,fire,livestock ex,2016-08-02,2016.0,2.0,0.5,,0.0,0.0,-1.0,0.0,4.5,60.800000000000004,121.60000000000001,,,,,,,,,,
lake creek,prairie dog,livestock ex,2016-08-02,2016.0,2.0,0.5,,0.0,0.0,-1.0,0.0,0.3333333333333333,8.333333333333334,16.666666666666668,,,,,,,,,,
lake creek,control,livestock ex,2016-08-02,2016.0,2.0,0.5,,0.0,0.0,-1.0,0.0,0.0,32.93333333333333,65.86666666666666,,,,,,,,,,
lake creek,prairie dog,ungulate ex,2016-08-02,2016.0,2.0,0.5,,0.0,0.0,-1.0,0.0,0.0,7.3,14.6,,,,,,,,,,
lake creek,control,ungulate ex,2016-08-02,2016.0,2.0,0.5,,0.0,0.0,-1.0,0.0,0.0,60.699999999999996,121.39999999999999,,,,,,,,,,
lake creek,fire,ungulate ex,2016-08-02,2016.0,2.0,0.5,,0.0,0.0,-1.0,0.0,9.666666666666666,45.333333333333336,90.66666666666667,,,,,,,,,,
lake creek,fire,out,2016-08-02,2016.0,2.0,0.5,,0.0,0.0,-1.0,0.0,1.0,28.899999999999995,57.79999999999999,,,,,,,,,,
lake creek,control,out,2016-08-02,2016.0,2.0,0.5,,0.0,0.0,-1.0,0.0,0.0,36.300000000000004,72.60000000000001,,,,,,,,,,
steckley,fire,ungulate ex,2016-08-03,2016.0,2.0,0.5,,0.0,0.0,-1.0,0.0,0.0,71.03333333333333,142.06666666666666,,,,,,,,,,
steckley,fire,livestock ex,2016-08-03,2016.0,2.0,0.5,,0.0,0.0,-1.0,0.0,0.0,41.03333333333333,82.06666666666666,,,,,,,,,,
steckley,prairie dog,ungulate ex,2016-08-03,2016.0,2.0,0.5,,0.0,0.0,-1.0,0.0,0.0,22.599999999999998,45.199999999999996,,,,,,,,,,
steckley,control,out,2016-08-03,2016.0,2.0,0.5,,0.0,0.0,-1.0,0.0,0.0,29.433333333333334,58.86666666666667,,,,,,,,,,
steckley,control,ungulate ex,2016-08-03,2016.0,2.0,0.5,,0.0,0.0,-1.0,0.0,0.0,10.466666666666667,20.933333333333334,,,,,,,,,,
steckley,prairie dog,out,2016-08-03,2016.0,2.0,0.5,,0.0,0.0,-1.0,0.0,0.0,32.9,65.8,,,,,,,,,,
steckley,control,livestock ex,2016-08-03,2016.0,2.0,0.5,,0.0,0.0,-1.0,0.0,1.0,21.733333333333334,43.46666666666667,,,,,,,,,,
steckley,prairie dog,livestock ex,2016-08-03,2016.0,2.0,0.5,,0.0,0.0,-1.0,0.0,0.0,35.666666666666664,71.33333333333333,,,,,,,,,,
steckley,fire,out,2016-08-03,2016.0,2.0,0.5,,0.16666666666666666,0.0,-1.0,0.0,0.6666666666666666,21.866666666666664,43.73333333333333,,,,,,,,,,
steckley,prairie dog,livestock ex,2017-07-17,2017.0,2.0,0.5,,0.0,0.0,0.0,0.0,-1.0,67.08999999999999,134.17999999999998,,45.459999999999994,,0.71,,,,,,46.169999999999995
steckley,control,livestock ex,2017-07-17,2017.0,2.0,0.5,,0.0,0.0,15.333333333333334,0.0,-1.0,52.78,105.56,,36.129999999999995,1.9700000000000006,0.11000000000000032,,,,,,38.209999999999994
steckley,prairie dog,ungulate ex,2017-07-17,2017.0,2.0,0.5,,0.0,0.0,0.0,0.0,-1.0,125.58666666666666,251.17333333333332,,102.82,,,,,,,,102.82
steckley,prairie dog,out,2017-07-17,2017.0,2.0,0.5,,0.0,0.0,0.0,0.0,-1.0,71.96333333333332,143.92666666666665,0.1399999999999988,70.67,,0.14999999999999858,,,,,,70.96000000000001
steckley,fire,ungulate ex,2017-07-17,2017.0,2.0,0.5,,0.0,0.0,0.0,0.0,-1.0,144.18000000000004,288.36000000000007,,114.63000000000001,16.720000000000002,0.6800000000000006,,,,,,132.03000000000003
steckley,control,ungulate ex,2017-07-17,2017.0,2.0,0.5,,0.0,0.0,3.6666666666666665,0.0,-1.0,40.07333333333333,80.14666666666666,15.820000000000004,1.8800000000000008,,,,,,1.200000000000001,,18.900000000000006
steckley,fire,out,2017-07-17,2017.0,2.0,0.5,,0.0,0.0,0.0,0.0,-1.0,77.44333333333333,154.88666666666666,49.81999999999999,26.8,0.29000000000000004,,,,,,,76.91
steckley,control,out,2017-07-17,2017.0,2.0,0.5,,0.0,0.0,2.3333333333333335,0.0,-1.0,58.06666666666666,116.13333333333333,,39.06,4.1899999999999995,0.26,,,,,,43.51
steckley,fire,livestock ex,2017-07-17,2017.0,2.0,0.5,,0.0,0.0,0.0,0.0,-1.0,80.73333333333333,161.46666666666667,74.03,23.759999999999998,20.159999999999997,,,,,,,117.94999999999999
wildcat,fire,ungulate ex,2017-07-18,2017.0,2.0,0.5,,0.0,0.0,0.0,0.0,-1.0,88.28666666666668,176.57333333333335,,60.36,0.15000000000000036,0.1200000000000001,,,,,,60.629999999999995
wildcat,control,livestock ex,2017-07-18,2017.0,2.0,0.5,,0.0,0.0,10.666666666666666,0.0,-1.0,49.47333333333333,98.94666666666666,5.1899999999999995,29.689999999999998,,0.6100000000000003,,,,,,35.489999999999995
wildcat,prairie dog,livestock ex,2017-07-18,2017.0,2.0,0.5,,0.0,0.0,0.0,0.0,-1.0,36.82666666666667,73.65333333333334,,14.540000000000003,,4.83,,,,,,19.370000000000005
wildcat,control,ungulate ex,2017-07-18,2017.0,2.0,0.5,,0.0,0.0,5.0,0.0,-1.0,46.169999999999995,92.33999999999999,3.799999999999999,58.0,0.3200000000000003,0.9700000000000006,,,,,,63.089999999999996
wildcat,prairie dog,out,2017-07-18,2017.0,2.0,0.5,,0.0,0.0,0.0,0.0,-1.0,45.080000000000005,90.16000000000001,,17.38,,1.1500000000000004,,,,,,18.53
wildcat,control,out,2017-07-18,2017.0,2.0,0.5,,0.0,0.0,0.0,0.0,-1.0,42.486666666666665,84.97333333333333,4.949999999999999,20.13,,0.5199999999999996,,,,,,25.599999999999998
wildcat,fire,livestock ex,2017-07-18,2017.0,2.0,0.5,,0.0,0.0,8.0,0.0,-1.0,70.42333333333333,140.84666666666666,15.400000000000002,31.94,0.16999999999999993,0.5,,,0.16000000000000014,,,48.17
wildcat,fire,out,2017-07-18,2017.0,2.0,0.5,,0.0,0.0,0.0,0.0,-1.0,71.15666666666665,142.3133333333333,1.3200000000000003,60.209999999999994,0.20999999999999908,,,,,0.3000000000000007,,62.03999999999999
wildcat,prairie dog,ungulate ex,2017-07-18,2017.0,2.0,0.5,,0.0,0.0,0.0,0.0,-1.0,69.93333333333332,139.86666666666665,,61.64999999999999,,,,,,,,61.64999999999999
west fork,control,ungulate ex,2017-07-19,2017.0,2.0,0.5,,0.0,0.0,0.0,0.0,-1.0,73.06333333333333,146.12666666666667,7.030000000000001,40.3,3.1899999999999995,0.4500000000000002,,,0.03000000000000025,,,51.0
west fork,fire,ungulate ex,2017-07-19,2017.0,2.0,0.5,,0.0,0.0,0.0,0.0,-1.0,117.90666666666668,235.81333333333336,0.22999999999999865,77.78,2.9299999999999997,8.019999999999998,,,,,,88.96
west fork,prairie dog,out,2017-07-19,2017.0,2.0,0.5,,0.0,0.0,0.0,0.0,-1.0,60.343333333333334,120.68666666666667,0.6699999999999999,33.339999999999996,,11.08,,,0.010000000000000009,,,45.099999999999994
west fork,prairie dog,ungulate ex,2017-07-19,2017.0,2.0,0.5,,0.0,0.0,0.0,0.0,-1.0,47.446666666666665,94.89333333333333,0.15000000000000036,13.040000000000003,,7.390000000000001,,,,,,20.580000000000005
west fork,control,livestock ex,2017-07-19,2017.0,2.0,0.5,,0.0,0.0,0.0,0.0,-1.0,91.42666666666666,182.85333333333332,4.5600000000000005,43.989999999999995,1.2800000000000011,4.9399999999999995,,,,26.689999999999998,,81.46
west fork,fire,out,2017-07-19,2017.0,2.0,0.5,,0.0,0.0,0.0,0.0,-1.0,89.13333333333333,178.26666666666665,5.25,47.39,0.5700000000000003,5.630000000000001,,,,,,58.84
west fork,control,out,2017-07-19,2017.0,2.0,0.5,,0.0,0.0,0.0,0.0,-1.0,74.87333333333333,149.74666666666667,0.9000000000000004,46.59,0.7199999999999989,0.4500000000000002,,,0.1800000000000006,44.08,,92.92
west fork,fire,livestock ex,2017-07-19,2017.0,2.0,0.5,,0.0,0.0,0.0,0.0,-1.0,80.16666666666667,160.33333333333334,6.640000000000001,57.95,,5.0,,,,,,69.59
west fork,prairie dog,livestock ex,2017-07-19,2017.0,2.0,0.5,,0.0,0.0,0.0,0.0,-1.0,50.39333333333334,100.78666666666668,,42.33,,0.3200000000000003,,,,,,42.65
lake creek,fire,ungulate ex,2017-07-20,2017.0,2.0,0.5,,0.0,0.0,13.666666666666666,0.0,-1.0,75.46666666666665,150.9333333333333,13.919999999999998,6.3100000000000005,0.09000000000000075,33.849999999999994,,,5.829999999999999,,,59.999999999999986
lake creek,fire,out,2017-07-20,2017.0,2.0,0.5,,0.0,0.0,2.0,0.0,-1.0,73.17666666666666,146.35333333333332,0.17999999999999972,37.61,1.5599999999999987,26.55,,,1.9299999999999997,,,67.82999999999998
lake creek,fire,livestock ex,2017-07-20,2017.0,2.0,0.5,,0.0,0.0,14.333333333333334,0.0,-1.0,84.05333333333334,168.10666666666668,23.349999999999998,26.500000000000004,,11.03,,,6.74,,,67.62
lake creek,control,out,2017-07-25,2017.0,2.0,0.5,,0.0,0.0,0.0,0.0,-1.0,40.556666666666665,81.11333333333333,14.1,12.080000000000002,5.610000000000001,5.73,,,5.45,,,42.97
lake creek,prairie dog,out,2017-07-25,2017.0,2.0,0.5,,0.0,0.0,0.0,0.0,-1.0,39.67,79.34,12.739999999999998,12.170000000000002,,37.980000000000004,,,,,,62.89
lake creek,prairie dog,livestock ex,2017-07-25,2017.0,2.0,0.5,,0.0,0.0,-0.6666666666666666,0.0,-1.0,38.96666666666667,77.93333333333334,10.879999999999999,12.600000000000001,8.809999999999999,28.380000000000003,,,7.6499999999999995,,,68.32000000000001
lake creek,control,ungulate ex,2017-07-25,2017.0,2.0,0.5,,0.0,0.0,9.666666666666666,0.0,-1.0,89.02,178.04,19.890000000000004,32.059999999999995,5.580000000000002,11.6,,,,,,69.13
lake creek,control,livestock ex,2017-07-25,2017.0,2.0,0.5,,0.0,0.0,0.0,0.0,-1.0,49.796666666666674,99.59333333333335,14.979999999999999,10.739999999999998,11.34,9.03,,,5.43,,,51.52
lake creek,prairie dog,ungulate ex,2017-07-25,2017.0,2.0,0.5,,0.0,0.0,0.0,0.0,-1.0,42.473333333333336,84.94666666666667,5.859999999999999,9.71,,42.59,,,9.79,,,67.95
west fork,control,out,2018-06-04,2018.0,2.0,0.5,,0.0,0.0,0.0,0.0,-1.0,99.8,199.6,,,,,,,,,,
west fork,fire,livestock ex,2018-06-04,2018.0,2.0,0.5,,0.0,0.0,0.0,0.0,-1.0,98.64999999999999,197.29999999999998,,,,,,,,,,
west fork,fire,out,2018-06-04,2018.0,2.0,0.5,,0.0,0.0,0.0,0.0,-1.0,95.75,191.5,,,,,,,,,,
west fork,fire,ungulate ex,2018-06-04,2018.0,2.0,0.5,,0.0,0.0,0.0,0.0,-1.0,105.16666666666667,210.33333333333334,,,,,,,,,,
west fork,prairie dog,livestock ex,2018-06-04,2018.0,2.0,0.5,,0.0,0.0,0.0,0.0,-1.0,72.41666666666667,144.83333333333334,,,,,,,,,,
west fork,prairie dog,out,2018-06-04,2018.0,2.0,0.5,,0.0,0.0,0.0,0.0,-1.0,75.61666666666666,151.23333333333332,,,,,,,,,,
west fork,prairie dog,ungulate ex,2018-06-04,2018.0,2.0,0.5,,0.0,0.0,0.0,0.0,-1.0,121.7,243.4,,,,,,,,,,
west fork,control,ungulate ex,2018-06-04,2018.0,2.0,0.5,,0.0,0.0,0.0,0.0,-1.0,107.78333333333335,215.5666666666667,,,,,,,,,,
west fork,control,livestock ex,2018-06-04,2018.0,2.0,0.5,,0.0,0.0,0.0,0.3333333333333333,-1.0,86.60000000000001,173.20000000000002,,,,,,,,,,
wildcat,prairie dog,out,2018-06-05,2018.0,2.0,0.5,,0.0,0.0,0.0,0.0,-1.0,113.96666666666665,227.9333333333333,,,,,,,,,,
wildcat,control,ungulate ex,2018-06-05,2018.0,2.0,0.5,,0.0,0.0,0.0,0.0,-1.0,101.76666666666667,203.53333333333333,,,,,,,,,,
wildcat,prairie dog,ungulate ex,2018-06-05,2018.0,2.0,0.5,,0.0,0.0,0.0,0.0,-1.0,151.4,302.8,,,,,,,,,,
wildcat,control,livestock ex,2018-06-05,2018.0,2.0,0.5,,1.0,0.0,13.0,0.0,-1.0,76.28333333333335,152.5666666666667,,,,,,,,,,
wildcat,fire,ungulate ex,2018-06-05,2018.0,2.0,0.5,,0.0,0.0,0.0,0.0,-1.0,143.73333333333332,287.46666666666664,,,,,,,,,,
wildcat,fire,out,2018-06-05,2018.0,2.0,0.5,,0.0,0.0,0.0,0.0,-1.0,182.88333333333333,365.76666666666665,,,,,,,,,,
wildcat,control,out,2018-06-05,2018.0,2.0,0.5,,0.0,0.0,12.333333333333334,0.0,-1.0,63.15,126.3,,,,,,,,,,
wildcat,prairie dog,livestock ex,2018-06-05,2018.0,2.0,0.5,,0.0,0.0,0.0,0.0,-1.0,94.68333333333334,189.36666666666667,,,,,,,,,,
wildcat,fire,livestock ex,2018-06-05,2018.0,2.0,0.5,,0.0,0.0,0.0,0.0,-1.0,126.2,252.4,,,,,,,,,,
steckley,control,out,2018-06-06,2018.0,2.0,0.5,,0.0,0.0,0.6666666666666666,0.0,-1.0,86.8,173.6,,,,,,,,,,
steckley,prairie dog,ungulate ex,2018-06-06,2018.0,2.0,0.5,,0.0,0.0,0.0,0.0,-1.0,164.65,329.3,,,,,,,,,,
steckley,control,livestock ex,2018-06-06,2018.0,2.0,0.5,,0.0,0.0,0.6666666666666666,0.0,-1.0,92.73333333333333,185.46666666666667,,,,,,,,,,
steckley,fire,livestock ex,2018-06-06,2018.0,2.0,0.5,,0.0,0.0,0.0,0.0,-1.0,120.58333333333333,241.16666666666666,,,,,,,,,,
steckley,prairie dog,livestock ex,2018-06-06,2018.0,2.0,0.5,,0.0,0.0,0.0,0.0,-1.0,111.60000000000001,223.20000000000002,,,,,,,,,,
steckley,prairie dog,out,2018-06-06,2018.0,2.0,0.5,,0.0,0.0,0.3333333333333333,0.0,-1.0,112.55,225.1,,,,,,,,,,
steckley,control,ungulate ex,2018-06-06,2018.0,2.0,0.5,,0.0,0.0,3.3333333333333335,0.0,-1.0,79.8,159.6,,,,,,,,,,
steckley,fire,out,2018-06-06,2018.0,2.0,0.5,,0.0,0.0,4.0,0.0,-1.0,105.08333333333333,210.16666666666666,,,,,,,,,,
steckley,fire,ungulate ex,2018-06-06,2018.0,2.0,0.5,,0.0,0.0,0.0,0.0,-1.0,158.16666666666666,316.3333333333333,,,,,,,,,,
lake creek,prairie dog,out,2018-06-07,2018.0,2.0,0.5,,0.0,0.0,0.0,0.3333333333333333,-1.0,104.71666666666665,209.4333333333333,,,,,,,,,,
lake creek,control,out,2018-06-07,2018.0,2.0,0.5,,0.0,0.0,4.0,0.0,-1.0,60.51666666666667,121.03333333333335,,,,,,,,,,
lake creek,fire,out,2018-06-07,2018.0,2.0,0.5,,0.0,0.0,2.3333333333333335,0.0,-1.0,66.25,132.5,,,,,,,,,,
lake creek,prairie dog,ungulate ex,2018-06-07,2018.0,2.0,0.5,,0.0,0.0,0.0,0.0,-1.0,96.39999999999999,192.79999999999998,,,,,,,,,,
lake creek,fire,ungulate ex,2018-06-07,2018.0,2.0,0.5,,0.0,0.0,3.6666666666666665,0.0,-1.0,90.33333333333333,180.66666666666666,,,,,,,,,,
lake creek,fire,livestock ex,2018-06-07,2018.0,2.0,0.5,,0.0,0.0,2.6666666666666665,0.0,-1.0,101.0,202.0,,,,,,,,,,
lake creek,control,ungulate ex,2018-06-07,2018.0,2.0,0.5,,0.0,0.0,1.6666666666666667,0.0,-1.0,125.35000000000001,250.70000000000002,,,,,,,,,,
lake creek,prairie dog,livestock ex,2018-06-07,2018.0,2.0,0.5,,0.0,0.0,0.0,0.0,-1.0,82.93333333333334,165.86666666666667,,,,,,,,,,
lake creek,control,livestock ex,2018-06-07,2018.0,2.0,0.5,,0.0,0.0,1.6666666666666667,0.0,-1.0,112.86666666666667,225.73333333333335,,,,,,,,,,
steckley,prairie dog,ungulate ex,2018-06-25,2018.0,2.0,0.10000000000000002,,0.0,0.0,0.0,0.0,-1.0,43.31666666666666,433.1666666666667,,,,,,,,,,
steckley,control,out,2018-06-25,2018.0,2.0,0.10000000000000002,,0.0,0.0,0.0,0.0,-1.0,26.25,262.5,,,,,,,,,,
steckley,prairie dog,out,2018-06-25,2018.0,2.0,0.10000000000000002,,0.0,0.0,0.0,0.0,-1.0,24.083333333333332,240.83333333333334,,,,,,,,,,
steckley,prairie dog,livestock ex,2018-06-25,2018.0,2.0,0.10000000000000002,,0.0,0.0,0.0,0.0,-1.0,39.6,396.0,,,,,,,,,,
wildcat,prairie dog,ungulate ex,2018-06-26,2018.0,2.0,0.10000000000000002,,0.0,0.0,0.0,0.0,-1.0,36.93333333333333,369.3333333333333,,,,,,,,,,
wildcat,prairie dog,livestock ex,2018-06-26,2018.0,2.0,0.10000000000000002,,0.0,0.0,0.0,0.0,-1.0,48.650000000000006,486.5,,,,,,,,,,
wildcat,control,livestock ex,2018-06-26,2018.0,2.0,0.10000000000000002,,6.333333333333333,0.0,0.0,0.0,-1.0,10.066666666666666,100.66666666666667,,,,,,,,,,
wildcat,prairie dog,out,2018-06-26,2018.0,2.0,0.10000000000000002,,0.0,0.0,0.0,0.0,-1.0,27.0,270.0,,,,,,,,,,
wildcat,control,out,2018-06-26,2018.0,2.0,0.10000000000000002,,0.0,0.0,1.0,0.0,-1.0,12.533333333333333,125.33333333333333,,,,,,,,,,
wildcat,control,ungulate ex,2018-06-26,2018.0,2.0,0.10000000000000002,,0.0,0.0,0.0,0.0,-1.0,29.133333333333336,291.3333333333333,,,,,,,,,,
wildcat,fire,livestock ex,2018-06-27,2018.0,2.0,0.10000000000000002,,0.0,0.0,0.0,0.0,-1.0,29.650000000000002,296.5,,,,,,,,,,
steckley,fire,out,2018-06-27,2018.0,2.0,0.10000000000000002,,0.0,0.0,0.0,0.0,-1.0,32.71666666666666,327.1666666666667,,,,,,,,,,
steckley,fire,livestock ex,2018-06-27,2018.0,2.0,0.10000000000000002,,0.0,0.0,1.6666666666666667,0.0,-1.0,23.53333333333333,235.33333333333334,,,,,,,,,,
wildcat,fire,out,2018-06-27,2018.0,2.0,0.10000000000000002,,0.0,0.0,0.0,0.0,-1.0,29.28333333333333,292.8333333333333,,,,,,,,,,
wildcat,fire,ungulate ex,2018-06-27,2018.0,2.0,0.10000000000000002,,0.0,0.0,0.0,0.0,-1.0,56.46666666666667,564.6666666666666,,,,,,,,,,
steckley,fire,ungulate ex,2018-06-27,2018.0,2.0,0.10000000000000002,,0.0,0.0,0.0,0.0,-1.0,28.083333333333332,280.8333333333333,,,,,,,,,,
steckley,control,livestock ex,2018-06-28,2018.0,2.0,0.10000000000000002,,0.0,0.0,1.0,0.0,-1.0,18.150000000000002,181.5,,,,,,,,,,
steckley,control,ungulate ex,2018-06-28,2018.0,2.0,0.10000000000000002,,0.0,0.0,2.3333333333333335,0.0,-1.0,10.299999999999999,103.0,,,,,,,,,,
west fork,control,out,2018-07-02,2018.0,2.0,0.10000000000000002,,0.0,0.0,0.0,0.0,-1.0,22.96666666666667,229.66666666666666,,,,,,,,,,
west fork,fire,ungulate ex,2018-07-02,2018.0,2.0,0.10000000000000002,,0.0,0.0,0.0,0.0,-1.0,44.03333333333333,440.3333333333333,,,,,,,,,,
west fork,prairie dog,ungulate ex,2018-07-02,2018.0,2.0,0.10000000000000002,,0.0,0.0,0.0,0.0,-1.0,31.333333333333332,313.3333333333333,,,,,,,,,,
west fork,fire,livestock ex,2018-07-02,2018.0,2.0,0.10000000000000002,,0.0,0.0,0.0,0.0,-1.0,26.183333333333334,261.8333333333333,,,,,,,,,,
west fork,control,ungulate ex,2018-07-02,2018.0,2.0,0.10000000000000002,,0.0,0.0,0.0,0.0,-1.0,17.450000000000003,174.5,,,,,,,,,,
west fork,control,livestock ex,2018-07-02,2018.0,2.0,0.10000000000000002,,0.0,0.0,0.0,0.0,-1.0,20.849999999999998,208.5,,,,,,,,,,
west fork,prairie dog,livestock ex,2018-07-02,2018.0,2.0,0.10000000000000002,,0.0,0.0,0.0,0.0,-1.0,17.65,176.5,,,,,,,,,,
west fork,prairie dog,out,2018-07-02,2018.0,2.0,0.10000000000000002,,0.0,0.0,0.0,0.0,-1.0,20.55,205.5,,,,,,,,,,
west fork,fire,out,2018-07-02,2018.0,2.0,0.10000000000000002,,0.0,0.0,0.0,0.0,-1.0,23.099999999999998,231.0,,,,,,,,,,
lake creek,control,ungulate ex,2018-07-03,2018.0,2.0,0.10000000000000002,,0.0,0.0,0.0,0.0,-1.0,29.666666666666668,296.6666666666667,,,,,,,,,,
lake creek,prairie dog,livestock ex,2018-07-03,2018.0,2.0,0.10000000000000002,,0.0,0.0,5.0,0.0,-1.0,16.05,160.49999999999997,,,,,,,,,,
lake creek,control,out,2018-07-03,2018.0,2.0,0.10000000000000002,,0.0,0.0,0.3333333333333333,0.0,-1.0,11.866666666666667,118.66666666666667,,,,,,,,,,
lake creek,fire,ungulate ex,2018-07-03,2018.0,2.0,0.10000000000000002,,0.0,0.0,0.0,0.0,-1.0,22.8,228.0,,,,,,,,,,
lake creek,fire,livestock ex,2018-07-03,2018.0,2.0,0.10000000000000002,,0.0,0.0,3.3333333333333335,0.0,-1.0,27.75,277.5,,,,,,,,,,
lake creek,prairie dog,out,2018-07-03,2018.0,2.0,0.10000000000000002,,0.0,0.0,7.0,0.0,-1.0,26.266666666666666,262.6666666666667,,,,,,,,,,
lake creek,fire,out,2018-07-03,2018.0,2.0,0.10000000000000002,,0.0,0.0,0.3333333333333333,0.0,-1.0,20.8,208.0,,,,,,,,,,
lake creek,control,livestock ex,2018-07-03,2018.0,2.0,0.10000000000000002,,0.0,0.0,0.0,0.0,-1.0,21.416666666666668,214.16666666666666,,,,,,,,,,
lake creek,prairie dog,ungulate ex,2018-07-03,2018.0,2.0,0.10000000000000002,,0.0,0.0,0.0,0.0,-1.0,17.75,177.5,,,,,,,,,,
lake creek,prairie dog,livestock ex,2018-07-30,2018.0,2.0,0.5,,0.0,0.0,7.333333333333333,0.0,-1.0,62.85333333333333,125.70666666666666,8.56,2.25,15.4,20.64,,,0.16,,3.57,50.58
lake creek,fire,livestock ex,2018-07-30,2018.0,2.0,0.5,,0.0,0.0,1.3333333333333333,0.0,-1.0,104.24666666666667,208.49333333333334,15.91,23.86,1.35,57.22,,,8.16,,10.98,117.48
lake creek,fire,ungulate ex,2018-07-30,2018.0,2.0,0.5,,0.0,0.0,2.6666666666666665,0.0,-1.0,66.41666666666667,132.83333333333334,12.81,4.14,,40.79,,,0.11,,5.85,63.699999999999996
lake creek,prairie dog,out,2018-07-30,2018.0,2.0,0.5,,0.0,0.0,0.0,0.0,-1.0,77.64,155.28,13.29,11.06,,63.79,,,1.21,,0.05,89.39999999999999
lake creek,fire,out,2018-07-30,2018.0,2.0,0.5,,0.0,0.0,0.3333333333333333,0.0,-1.0,74.11,148.22,15.61,4.33,0.82,40.51,,,0.14,,2.1,63.51
lake creek,prairie dog,ungulate ex,2018-07-30,2018.0,2.0,0.5,,0.0,0.0,0.0,0.0,-1.0,74.45666666666666,148.91333333333333,16.09,0.44,0.03,53.01,,,0.24,,0.12,69.92999999999999
steckley,prairie dog,out,2018-07-31,2018.0,2.0,0.5,,0.0,0.0,0.0,0.0,-1.0,115.23000000000002,230.46000000000004,,133.68,,3.07,,,,,1.11,137.86
steckley,control,ungulate ex,2018-07-31,2018.0,2.0,0.5,,0.0,0.0,4.333333333333333,0.3333333333333333,-1.0,46.09153833333334,92.18307666666668,43.03,11.72,0.08,0.15,,,0.004615,,4.27,59.254615
steckley,prairie dog,livestock ex,2018-07-31,2018.0,2.0,0.5,,0.0,0.0,0.0,0.0,-1.0,113.85333333333334,227.70666666666668,,123.06,,2.49,,,0.02,,0.26,125.83
steckley,control,livestock ex,2018-07-31,2018.0,2.0,0.5,,0.0,0.0,0.0,0.0,-1.0,100.75999999999999,201.51999999999998,,62.65,11.31,1.27,,,,,4.72,79.94999999999999
steckley,fire,livestock ex,2018-07-31,2018.0,2.0,0.5,,0.0,0.0,0.0,0.0,-1.0,165.49333333333334,330.9866666666667,51.25,12.37,29.62,7.09,,,0.39,,37.46,138.18
steckley,control,out,2018-07-31,2018.0,2.0,0.5,,0.0,0.0,0.0,0.0,-1.0,90.02,180.04,15.58,48.25,31.21,1.76,,,,,10.27,107.07
steckley,fire,ungulate ex,2018-07-31,2018.0,2.0,0.5,,0.0,0.0,0.0,0.0,-1.0,221.7733333333333,443.5466666666666,29.44,3.72,56.97,4.18,,,0.37,,21.02,115.7
steckley,prairie dog,ungulate ex,2018-07-31,2018.0,2.0,0.5,,0.0,0.0,0.0,0.0,-1.0,178.11,356.22,,149.9,,6.55,,,,,5.56,162.01000000000002
steckley,fire,out,2018-07-31,2018.0,2.0,0.5,,0.0,0.0,0.0,0.0,-1.0,139.80333333333334,279.6066666666667,10.23,59.23,36.29,6.15,,,0.13,,33.95,145.98000000000002
west fork,control,livestock ex,2018-08-01,2018.0,2.0,0.5,,0.0,0.0,0.0,0.0,-1.0,134.16,268.32,3.41,51.97,25.71,12.14,,,,0.02,29.96,123.21000000000001
west fork,fire,ungulate ex,2018-08-01,2018.0,2.0,0.5,,0.0,0.0,0.0,0.0,-1.0,139.20666666666668,278.41333333333336,12.32,68.36,5.55,11.0,,,,,15.04,112.27000000000001
west fork,fire,livestock ex,2018-08-01,2018.0,2.0,0.5,,0.0,0.0,0.0,0.0,-1.0,140.71333333333334,281.4266666666667,0.72,53.62,,49.12,,,,0.93,13.53,117.92
west fork,prairie dog,livestock ex,2018-08-01,2018.0,2.0,0.5,,0.0,0.0,0.0,0.0,-1.0,93.87333333333333,187.74666666666667,0.44,51.68,0.25,12.98,,,,,1.46,66.80999999999999
west fork,control,ungulate ex,2018-08-01,2018.0,2.0,0.5,,0.0,0.0,0.0,0.0,-1.0,99.35666666666668,198.71333333333337,5.6,25.75,0.09,0.62,,,0.01,22.05,7.05,61.17
west fork,prairie dog,ungulate ex,2018-08-01,2018.0,2.0,0.5,,0.0,0.0,0.0,0.0,-1.0,115.12,230.24,1.61,58.85,,18.91,,,,,3.35,82.72
west fork,control,out,2018-08-01,2018.0,2.0,0.5,,0.0,0.0,0.0,0.0,-1.0,84.28666666666666,168.57333333333332,11.94,47.68,4.44,2.62,,,0.1,4.55,22.4,93.72999999999999
west fork,prairie dog,out,2018-08-01,2018.0,2.0,0.5,,0.0,0.0,0.0,0.0,-1.0,116.18,232.36,2.96,48.31,,23.34,,,,0.05,0.64,75.3
west fork,fire,out,2018-08-01,2018.0,2.0,0.5,,0.0,0.0,0.0,0.6666666666666666,-1.0,89.05666666666666,178.11333333333332,3.71,71.19,9.99,7.32,,,,,21.45,113.65999999999998
wildcat,control,ungulate ex,2018-08-02,2018.0,2.0,0.5,,0.0,0.0,0.6666666666666666,0.0,-1.0,107.45666666666666,214.91333333333333,19.75,15.13,4.08,6.7,,,0.57,,4.06,50.290000000000006
wildcat,control,out,2018-08-02,2018.0,2.0,0.5,,0.0,0.0,0.3333333333333333,0.0,-1.0,56.26666666666666,112.53333333333332,22.77,23.11,0.11,1.18,,,0.19,,0.91,48.26999999999999
wildcat,prairie dog,out,2018-08-02,2018.0,2.0,0.5,,0.0,0.0,0.0,0.0,-1.0,143.89,287.78,,198.59,,7.39,,,0.04,,1.29,207.30999999999997
wildcat,control,livestock ex,2018-08-02,2018.0,2.0,0.5,,0.0,0.0,0.6666666666666666,0.0,-1.0,99.21333333333332,198.42666666666665,24.45,78.69,1.65,2.1,,,0.45,,13.85,121.19
wildcat,prairie dog,livestock ex,2018-08-02,2018.0,2.0,0.5,,0.0,0.0,0.0,0.0,-1.0,54.576666666666675,109.15333333333335,,77.42,0.4,14.17,,,0.01,,0.11,92.11000000000001
wildcat,prairie dog,ungulate ex,2018-08-02,2018.0,2.0,0.5,,0.0,0.0,0.0,0.0,-1.0,245.74,491.48,,219.53,,8.09,,,0.27,,37.56,265.45000000000005
wildcat,fire,livestock ex,2018-08-06,2018.0,2.0,0.5,,0.0,0.0,1.0,0.0,-1.0,124.31,248.62,35.89,54.06,37.38,2.9,,,1.42,,13.26,144.91
lake creek,control,livestock ex,2018-08-06,2018.0,2.0,0.5,,0.0,0.0,0.6666666666666666,0.0,-1.0,92.50666666666666,185.01333333333332,17.19,20.33,22.45,17.9,,,,,16.57,94.44
lake creek,control,out,2018-08-06,2018.0,2.0,0.5,,0.0,0.0,0.0,0.0,-1.0,50.14333333333334,100.28666666666668,11.32,6.72,1.69,14.78,,,,,3.25,37.76
wildcat,fire,out,2018-08-06,2018.0,2.0,0.5,,0.0,0.0,0.0,0.0,-1.0,148.64666666666668,297.29333333333335,8.37,130.14,3.08,0.93,,,6.64,,9.63,158.79
lake creek,control,ungulate ex,2018-08-06,2018.0,2.0,0.5,,0.0,0.0,0.0,0.0,-1.0,126.54,253.08,7.79,70.28,16.23,19.8,,,,,20.58,134.68
wildcat,fire,ungulate ex,2018-08-06,2018.0,2.0,0.5,,0.0,0.0,0.0,0.0,-1.0,235.47333333333333,470.94666666666666,,200.1,38.44,1.79,,,0.03,,30.23,270.59
steckley,prairie dog,livestock ex,2019-06-24,2019.0,2.0,0.10000000000000002,,0.0,0.0,0.0,0.0,-1.0,50.23333333333333,502.3333333333333,,,,,,,,,,
steckley,prairie dog,out,2019-06-24,2019.0,2.0,0.10000000000000002,,0.0,0.0,0.0,0.0,-1.0,46.56666666666666,465.6666666666667,,,,,,,,,,
steckley,fire,livestock ex,2019-06-26,2019.0,2.0,0.10000000000000002,,0.0,0.0,0.0,0.0,-1.0,13.75,137.49999999999997,,,,,,,,,,
steckley,prairie dog,ungulate ex,2019-06-26,2019.0,2.0,0.10000000000000002,,0.0,0.0,0.0,0.0,-1.0,48.6,486.0,,,,,,,,,,
steckley,fire,ungulate ex,2019-06-26,2019.0,2.0,0.10000000000000002,,0.0,0.0,0.0,0.0,-1.0,44.583333333333336,445.8333333333333,,,,,,,,,,
steckley,control,ungulate ex,2019-06-26,2019.0,2.0,0.10000000000000002,,0.0,0.0,0.3333333333333333,0.0,-1.0,9.35,93.5,,,,,,,,,,
steckley,control,out,2019-06-26,2019.0,2.0,0.10000000000000002,,0.0,0.0,0.0,0.0,-1.0,24.066666666666666,240.66666666666666,,,,,,,,,,
steckley,control,livestock ex,2019-06-26,2019.0,2.0,0.10000000000000002,,0.0,0.0,0.0,0.0,-1.0,34.48333333333333,344.8333333333333,,,,,,,,,,
steckley,fire,out,2019-06-26,2019.0,2.0,0.10000000000000002,,0.0,0.0,0.0,0.0,-1.0,15.066666666666668,150.66666666666666,,,,,,,,,,
lake creek,fire,ungulate ex,2019-07-01,2019.0,2.0,0.10000000000000002,,0.0,0.0,0.3333333333333333,0.0,-1.0,22.71666666666667,227.16666666666663,,,,,,,,,,
lake creek,control,ungulate ex,2019-07-01,2019.0,2.0,0.10000000000000002,,0.0,0.0,0.0,0.0,-1.0,23.083333333333332,230.83333333333334,,,,,,,,,,
lake creek,fire,out,2019-07-01,2019.0,2.0,0.10000000000000002,,0.0,0.0,0.0,0.0,-1.0,19.0,190.0,,,,,,,,,,
lake creek,fire,livestock ex,2019-07-01,2019.0,2.0,0.10000000000000002,,0.0,0.0,0.0,0.0,-1.0,24.066666666666666,240.66666666666663,,,,,,,,,,
lake creek,control,out,2019-07-01,2019.0,2.0,0.10000000000000002,,0.0,0.0,0.0,0.0,-1.0,14.516666666666666,145.16666666666666,,,,,,,,,,
lake creek,prairie dog,livestock ex,2019-07-01,2019.0,2.0,0.10000000000000002,,0.0,0.0,0.3333333333333333,0.0,-1.0,23.433333333333334,234.33333333333334,,,,,,,,,,
lake creek,prairie dog,ungulate ex,2019-07-01,2019.0,2.0,0.10000000000000002,,0.0,0.0,0.0,0.0,-1.0,17.833333333333332,178.33333333333334,,,,,,,,,,
lake creek,control,livestock ex,2019-07-01,2019.0,2.0,0.10000000000000002,,0.0,0.0,0.0,0.0,-1.0,18.066666666666666,180.66666666666663,,,,,,,,,,
lake creek,prairie dog,out,2019-07-01,2019.0,2.0,0.10000000000000002,,0.0,0.0,0.0,0.0,-1.0,19.816666666666666,198.16666666666666,,,,,,,,,,
west fork,fire,out,2019-07-02,2019.0,2.0,0.10000000000000002,,0.0,0.0,0.0,0.0,-1.0,25.399999999999995,254.0,,,,,,,,,,
west fork,control,livestock ex,2019-07-02,2019.0,2.0,0.10000000000000002,,0.0,0.0,0.0,0.0,-1.0,33.0,330.0,,,,,,,,,,
west fork,fire,livestock ex,2019-07-02,2019.0,2.0,0.10000000000000002,,0.0,0.0,0.0,0.0,-1.0,41.0,410.0,,,,,,,,,,
west fork,control,out,2019-07-02,2019.0,2.0,0.10000000000000002,,0.0,0.0,0.0,0.0,-1.0,27.3,273.0,,,,,,,,,,
west fork,prairie dog,livestock ex,2019-07-02,2019.0,2.0,0.10000000000000002,,0.0,0.0,0.0,0.0,-1.0,44.18333333333334,441.8333333333333,,,,,,,,,,
west fork,fire,ungulate ex,2019-07-02,2019.0,2.0,0.10000000000000002,,0.0,0.0,0.0,0.0,-1.0,32.199999999999996,322.0,,,,,,,,,,
west fork,prairie dog,out,2019-07-02,2019.0,2.0,0.10000000000000002,,0.0,0.0,0.0,0.0,-1.0,33.733333333333334,337.3333333333333,,,,,,,,,,
west fork,control,ungulate ex,2019-07-02,2019.0,2.0,0.10000000000000002,,0.0,0.0,0.0,0.0,-1.0,31.8,318.0,,,,,,,,,,
west fork,prairie dog,ungulate ex,2019-07-02,2019.0,2.0,0.10000000000000002,,0.0,0.0,0.0,0.0,-1.0,49.300000000000004,493.0,,,,,,,,,,
wildcat,prairie dog,out,2019-07-03,2019.0,2.0,0.10000000000000002,,0.0,0.0,0.0,0.0,-1.0,42.13333333333333,421.3333333333333,,,,,,,,,,
wildcat,control,out,2019-07-03,2019.0,2.0,0.10000000000000002,,0.0,0.0,0.0,0.0,-1.0,12.883333333333333,128.83333333333331,,,,,,,,,,
wildcat,prairie dog,ungulate ex,2019-07-03,2019.0,2.0,0.10000000000000002,,0.0,0.0,0.0,0.0,-1.0,47.300000000000004,473.0,,,,,,,,,,
wildcat,fire,ungulate ex,2019-07-03,2019.0,2.0,0.10000000000000002,,0.0,0.0,0.0,0.0,-1.0,42.233333333333334,422.3333333333333,,,,,,,,,,
wildcat,control,livestock ex,2019-07-03,2019.0,2.0,0.10000000000000002,,0.0,0.0,0.0,0.0,-1.0,33.03333333333333,330.3333333333333,,,,,,,,,,
wildcat,fire,livestock ex,2019-07-03,2019.0,2.0,0.10000000000000002,,6.0,0.0,0.3333333333333333,0.0,-1.0,27.266666666666666,272.6666666666667,,,,,,,,,,
wildcat,prairie dog,livestock ex,2019-07-03,2019.0,2.0,0.10000000000000002,,0.0,0.0,0.0,0.0,-1.0,24.316666666666666,243.16666666666666,,,,,,,,,,
wildcat,control,ungulate ex,2019-07-03,2019.0,2.0,0.10000000000000002,,0.0,0.0,0.0,0.0,-1.0,22.849999999999998,228.5,,,,,,,,,,
wildcat,fire,out,2019-07-03,2019.0,2.0,0.10000000000000002,,0.0,0.0,0.0,0.0,-1.0,33.18333333333334,331.8333333333333,,,,,,,,,,
steckley,prairie dog,livestock ex,2019-07-29,2019.0,2.0,0.5,,0.0,0.0,0.0,0.0,-1.0,250.4033333333333,500.8066666666666,0.1,215.1,0.45,,4.7,1.7,0.01,,0.25,222.30999999999995
steckley,control,ungulate ex,2019-07-29,2019.0,2.0,0.5,,0.0,0.0,4.0,0.0,-1.0,47.09,94.18,29.7,7.15,,,0.7,0.2,0.04,,0.3,38.09
steckley,control,livestock ex,2019-07-29,2019.0,2.0,0.5,,0.0,0.0,0.0,0.0,-1.0,134.26,268.52,0.1,67.2,63.05,,0.06,1.85,,,6.3,138.56
steckley,prairie dog,out,2019-07-29,2019.0,2.0,0.5,,0.0,0.0,0.0,0.0,-1.0,224.12666666666667,448.25333333333333,0.07,211.8,2.15,,2.45,0.01,,,0.6,217.07999999999998
steckley,control,out,2019-07-29,2019.0,2.0,0.5,,0.0,0.0,1.3333333333333333,0.0,-1.0,130.06666666666663,260.13333333333327,0.65,110.55,66.25,,0.2,3.6,,,0.45,181.69999999999996
steckley,prairie dog,ungulate ex,2019-07-29,2019.0,2.0,0.5,,0.0,0.0,0.0,0.0,-1.0,261.3666666666667,522.7333333333333,0.3,213.1,,,27.8,,,,1.6,242.8
steckley,fire,out,2019-07-30,2019.0,2.0,0.5,,0.0,0.0,4.0,0.0,-1.0,60.95333333333334,121.90666666666668,18.95,15.35,10.35,,3.35,0.01,,,0.15,48.16
steckley,fire,ungulate ex,2019-07-30,2019.0,2.0,0.5,,0.0,0.0,0.0,0.0,-1.0,142.85999999999999,285.71999999999997,6.8,192.0,22.55,,0.1,1.95,,,0.13,223.53
steckley,fire,livestock ex,2019-07-30,2019.0,2.0,0.5,,0.0,0.0,0.0,0.0,-1.0,78.51666666666667,157.03333333333333,31.15,5.2,47.15,,5.25,,0.3,,1.05,90.1
lake creek,control,ungulate ex,2019-07-31,2019.0,2.0,0.5,,0.0,0.0,0.0,0.0,-1.0,113.39999999999999,226.79999999999998,4.55,28.6,38.65,,32.6,0.25,,,1.1,105.75
lake creek,control,out,2019-07-31,2019.0,2.0,0.5,,0.0,0.0,0.0,0.0,-1.0,46.833333333333336,93.66666666666667,7.0,10.25,21.6,,11.1,,,,1.15,51.1
lake creek,control,livestock ex,2019-07-31,2019.0,2.0,0.5,,0.0,0.0,0.0,0.0,-1.0,59.77,119.54,35.65,,22.45,,8.9,0.45,0.01,,1.8,69.26
lake creek,fire,livestock ex,2019-07-31,2019.0,2.0,0.5,,0.0,0.0,5.333333333333333,0.0,-1.0,95.25,190.5,44.35,2.35,14.6,,17.0,,0.4,,0.65,79.35000000000002
lake creek,prairie dog,out,2019-07-31,2019.0,2.0,0.5,,0.0,0.0,14.666666666666666,0.0,-1.0,117.50333333333333,235.00666666666666,15.55,14.9,0.01,,49.65,0.3,0.4,1.6,0.45,82.86
lake creek,prairie dog,ungulate ex,2019-07-31,2019.0,2.0,0.5,,0.0,0.0,0.0,0.0,-1.0,104.56666666666666,209.13333333333333,45.85,1.45,0.4,,45.15,,8.9,,1.0,102.75
lake creek,prairie dog,livestock ex,2019-07-31,2019.0,2.0,0.5,,0.0,0.0,25.0,0.0,-1.0,96.0,192.0,29.85,18.85,26.8,,27.45,0.7,0.95,,1.2,105.80000000000001
lake creek,fire,out,2019-07-31,2019.0,2.0,0.5,,0.0,0.0,0.6666666666666666,0.0,-1.0,79.07,158.14,19.8,39.6,0.3,,31.05,,0.01,,0.6,91.36
lake creek,fire,ungulate ex,2019-07-31,2019.0,2.0,0.5,,0.0,0.0,3.6666666666666665,0.0,-1.0,77.73333333333333,155.46666666666667,14.35,43.5,0.75,,27.3,,,,0.75,86.65
wildcat,prairie dog,ungulate ex,2019-08-05,2019.0,2.0,0.5,,0.0,0.0,0.0,0.0,-1.0,230.51999999999998,461.03999999999996,,142.1,,,10.65,,0.25,,23.45,176.45
wildcat,control,ungulate ex,2019-08-05,2019.0,2.0,0.5,,0.0,3.3333333333333335,0.6666666666666666,0.0,-1.0,75.45,150.9,,0.3,0.2,,0.4,,,12.55,,13.450000000000001
wildcat,fire,ungulate ex,2019-08-05,2019.0,2.0,0.5,,0.0,0.0,0.0,0.0,-1.0,167.14999999999998,334.29999999999995,1.45,110.1,5.1,,9.0,,0.45,,58.05,184.14999999999998
wildcat,prairie dog,livestock ex,2019-08-05,2019.0,2.0,0.5,,0.0,0.0,0.0,0.0,-1.0,102.39666666666666,204.79333333333332,,,,,96.15,12.1,,,3.15,111.4
wildcat,fire,livestock ex,2019-08-05,2019.0,2.0,0.5,,0.0,0.0,0.0,0.0,-1.0,152.73999999999998,305.47999999999996,16.5,56.35,11.5,,4.65,1.0,0.02,,42.55,132.57
wildcat,fire,out,2019-08-05,2019.0,2.0,0.5,,0.0,0.0,0.0,0.0,-1.0,102.26666666666667,204.53333333333333,21.35,43.3,16.85,,1.3,,0.3,,18.45,101.55
wildcat,control,livestock ex,2019-08-05,2019.0,2.0,0.5,,1.3333333333333333,0.0,0.0,0.0,-1.0,79.91,159.82,18.15,63.45,0.03,,0.25,1.2,,,12.05,95.13
wildcat,prairie dog,out,2019-08-05,2019.0,2.0,0.5,,0.0,0.0,0.0,0.0,-1.0,155.26333333333335,310.5266666666667,,105.45,,,24.5,,3.3,,18.35,151.6
wildcat,control,out,2019-08-05,2019.0,2.0,0.5,,0.0,0.0,0.0,0.0,-1.0,37.336666666666666,74.67333333333333,9.05,16.85,0.01,,0.1,1.8,,,0.55,28.360000000000007
west fork,prairie dog,ungulate ex,2019-08-07,2019.0,2.0,0.5,,0.0,0.0,0.0,0.0,-1.0,253.05999999999997,506.11999999999995,0.4,126.85,,,17.0,3.1,0.03,,7.15,154.53
west fork,fire,ungulate ex,2019-08-07,2019.0,2.0,0.5,,0.0,0.0,0.0,0.0,-1.0,117.34333333333335,234.6866666666667,4.75,75.45,30.95,,17.4,3.3,,,4.4,136.25000000000003
west fork,control,ungulate ex,2019-08-07,2019.0,2.5,0.5,,0.0,0.0,0.0,0.0,-1.0,115.55000000000001,231.10000000000002,,,,,,,,,,
west fork,fire,livestock ex,2019-08-07,2019.0,2.0,0.5,,0.0,0.0,0.0,0.0,-1.0,103.06666666666666,206.13333333333333,,76.9,0.15,,1.8,3.45,,,17.05,99.35000000000001
west fork,control,out,2019-08-07,2019.0,2.0,0.5,,0.0,0.0,0.0,0.0,-1.0,145.5,291.0,8.9,58.15,0.25,,1.75,,,11.4,35.6,116.05000000000001
west fork,fire,out,2019-08-07,2019.0,2.0,0.5,,0.0,0.0,0.0,0.0,-1.0,102.01666666666667,204.03333333333333,1.1,42.25,3.25,,0.45,0.7,,2.75,13.15,63.650000000000006
west fork,prairie dog,out,2019-08-07,2019.0,2.0,0.5,,0.0,5.0,0.0,0.0,-1.0,142.8,285.6,,75.15,,,21.2,3.9,0.2,,3.55,104.00000000000001
west fork,control,livestock ex,2019-08-07,2019.0,2.0,0.5,,0.0,0.0,0.0,0.0,-1.0,144.83333333333334,289.6666666666667,,39.05,3.95,,16.05,1.0,,0.1,11.4,71.55
west fork,prairie dog,livestock ex,2019-08-07,2019.0,2.5,0.5,,0.0,0.0,0.0,0.0,-1.0,168.64999999999998,337.29999999999995,,,,,,,,,,
lake creek,control,out,2020-07-01,2020.0,2.0,0.10000000000000002,,0.0,0.0,0.0,0.0,0.0,8.26,16.52,,,,,,,,,,
lake creek,fire,livestock ex,2020-07-01,2020.0,1.5,0.1,,0.0,0.0,0.0,0.0,0.0,12.145,24.29,,,,,,,,,,
lake creek,fire,ungulate ex,2020-07-01,2020.0,1.5,0.1,,0.0,0.0,0.0,0.0,3.0,27.78,55.56,,,,,,,,,,
lake creek,prairie dog,out,2020-07-01,2020.0,2.0,0.10000000000000002,,0.0,0.0,0.0,0.0,0.0,14.439999999999998,28.879999999999995,,,,,,,,,,
lake creek,control,ungulate ex,2020-07-01,2020.0,2.0,0.10000000000000002,,0.0,0.0,0.0,0.0,0.0,11.416666666666666,22.833333333333332,,,,,,,,,,
lake creek,fire,out,2020-07-01,2020.0,2.0,0.10000000000000002,,0.0,0.0,0.0,0.0,0.0,14.1,28.2,,,,,,,,,,
lake creek,prairie dog,livestock ex,2020-07-01,2020.0,2.0,0.10000000000000002,,0.0,0.0,0.0,0.0,2.0,9.126666666666667,18.253333333333334,,,,,,,,,,
lake creek,prairie dog,ungulate ex,2020-07-01,2020.0,2.0,0.10000000000000002,,0.0,0.0,0.0,0.0,0.0,15.44,30.88,,,,,,,,,,
lake creek,control,livestock ex,2020-07-01,2020.0,2.0,0.10000000000000002,,0.0,0.0,0.0,0.0,0.0,7.236666666666667,14.473333333333334,,,,,,,,,,
steckley,prairie dog,out,2020-07-07,2020.0,2.0,0.10000000000000002,,0.0,0.0,0.0,0.0,0.0,29.169999999999998,58.339999999999996,,,,,,,,,,
steckley,prairie dog,livestock ex,2020-07-07,2020.0,2.0,0.10000000000000002,,0.0,0.0,0.0,0.0,0.0,51.30333333333334,102.60666666666668,,,,,,,,,,74.27
steckley,prairie dog,ungulate ex,2020-07-07,2020.0,2.0,0.10000000000000002,,0.0,0.0,0.0,0.0,0.0,26.363333333333333,52.72666666666667,,,,,,,,,,
steckley,control,ungulate ex,2020-07-07,2020.0,2.0,0.1,,0.0,0.0,0.0,0.0,0.0,10.045,20.09,,,,,,,,,,
steckley,control,out,2020-07-07,2020.0,2.0,0.10000000000000002,,0.0,0.0,0.0,0.0,0.0,25.873333333333335,51.74666666666667,,,,,,,,,,
steckley,control,livestock ex,2020-07-07,2020.0,2.0,0.1,,0.0,0.0,0.0,0.0,0.0,22.395,44.79,,,,,,,,,,
wildcat,control,livestock ex,2020-07-09,2020.0,2.0,0.10000000000000002,,0.0,0.0,0.0,0.0,0.0,13.026666666666666,26.05333333333333,,,,,,,,,,
wildcat,control,ungulate ex,2020-07-09,2020.0,2.0,0.10000000000000002,,0.0,0.0,0.0,0.0,0.0,14.663333333333334,29.326666666666668,,,,,,,,,,
wildcat,fire,out,2020-07-09,2020.0,2.0,0.10000000000000002,,0.0,0.0,0.0,0.0,0.0,11.086666666666666,22.173333333333332,,,,,,,,,,
wildcat,fire,ungulate ex,2020-07-09,2020.0,2.0,0.10000000000000002,,0.0,0.0,0.0,0.0,0.0,33.916666666666664,67.83333333333333,,,,,,,,,,
wildcat,fire,livestock ex,2020-07-09,2020.0,2.0,0.10000000000000002,,0.0,0.0,0.0,0.0,0.0,21.583333333333332,43.166666666666664,,,,,,,,,,
wildcat,control,out,2020-07-09,2020.0,2.0,0.10000000000000002,,0.0,0.0,0.0,0.0,0.6666666666666666,9.746666666666666,19.493333333333332,,,,,,,,,,
west fork,fire,livestock ex,2020-07-13,2020.0,2.0,0.10000000000000002,,0.0,0.0,0.0,0.0,0.0,30.80666666666667,61.61333333333334,,,,,,,,,,
wildcat,prairie dog,ungulate ex,2020-07-13,2020.0,2.0,0.10000000000000002,,0.0,0.0,0.0,0.0,0.0,25.78333333333333,51.56666666666666,,,,,,,,,,
west fork,control,out,2020-07-13,2020.0,2.0,0.10000000000000002,,0.0,0.0,0.0,0.0,0.3333333333333333,19.81,39.62,,,,,,,,,,
west fork,prairie dog,ungulate ex,2020-07-13,2020.0,2.0,0.10000000000000002,,0.0,0.0,0.0,0.0,0.3333333333333333,46.85999999999999,93.71999999999998,,,,,,,,,,
west fork,fire,out,2020-07-13,2020.0,2.0,0.10000000000000002,,0.0,0.0,0.0,0.0,0.0,26.94333333333333,53.88666666666666,,,,,,,,,,
west fork,prairie dog,livestock ex,2020-07-13,2020.0,2.0,0.10000000000000002,,0.0,0.0,0.0,0.0,0.0,35.68,71.36,,,,,,,,,,
west fork,control,livestock ex,2020-07-13,2020.0,2.0,0.10000000000000002,,0.0,0.0,0.0,0.0,0.0,21.013333333333332,42.026666666666664,,,,,,,,,,
west fork,fire,ungulate ex,2020-07-13,2020.0,2.0,0.10000000000000002,,0.0,0.0,0.0,0.0,0.0,26.476666666666663,52.953333333333326,,,,,,,,,,
west fork,control,ungulate ex,2020-07-13,2020.0,2.0,0.10000000000000002,,0.0,0.0,0.0,0.0,0.0,25.51,51.02,,,,,,,,,,
wildcat,prairie dog,livestock ex,2020-07-13,2020.0,2.0,0.10000000000000002,,0.0,0.0,0.0,0.0,3.6666666666666665,31.266666666666666,62.53333333333333,,,,,,,,,,
west fork,prairie dog,out,2020-07-13,2020.0,2.0,0.10000000000000002,,0.0,0.0,0.0,0.0,0.0,29.28,58.56,,,,,,,,,,
wildcat,prairie dog,out,2020-07-13,2020.0,2.0,0.10000000000000002,,0.0,0.0,0.0,0.0,0.0,17.146666666666665,34.29333333333333,,,,,,,,,,
lake creek,prairie dog,livestock ex,2020-08-03,2020.0,1.0,0.5,0.0,0.0,0.0,2.0,0.0,0.0,33.32,66.64,,10.55,8.7,,0.34,,0.05,,12.5,
lake creek,control,livestock ex,2020-08-03,2020.0,1.0,0.5,0.0,0.0,0.0,0.0,0.0,0.0,41.68,83.36,11.06,,6.95,,0.15,,,,11.9,
lake creek,control,out,2020-08-03,2020.0,1.0,0.5,0.0,0.0,0.0,0.0,0.0,0.0,19.7109,39.4218,9.51,0.86,1.01,,0.02,,0.0009,,7.99,
lake creek,prairie dog,out,2020-08-03,2020.0,1.0,0.5,0.0,0.0,0.0,0.0,0.0,0.0,23.943,47.886,,3.32,3.33,,0.25,,0.003,,7.81,
lake creek,fire,livestock ex,2020-08-03,2020.0,1.0,0.5,0.0,0.0,0.0,0.0,0.0,0.0,53.1,106.2,,4.34,8.65,,0.31,0.12,,,26.6,
lake creek,fire,ungulate ex,2020-08-03,2020.0,1.0,0.5,0.0,0.0,0.0,0.0,0.0,0.0,81.72999999999999,163.45999999999998,,32.01,0.22,,,,,,47.37,
lake creek,control,ungulate ex,2020-08-03,2020.0,1.0,0.5,0.0,0.0,0.0,0.0,0.0,0.0,75.0,150.0,5.05,22.65,19.85,,0.7,,,,26.75,
lake creek,fire,out,2020-08-03,2020.0,1.0,0.5,0.0,0.0,0.0,0.0,0.0,0.0,62.24999999999999,124.49999999999999,,31.95,4.56,,0.11,,,,25.45,
lake creek,prairie dog,ungulate ex,2020-08-03,2020.0,1.0,0.5,0.0,0.0,0.0,0.0,0.0,0.0,51.269999999999996,102.53999999999999,1.8,0.4,0.67,,19.95,,0.04,,14.15,
west fork,control,livestock ex,2020-08-05,2020.0,1.0,0.5,0.0,0.0,0.0,0.0,0.0,0.0,78.68,157.36,,1.98,26.05,,0.3,2.35,,14.15,33.85,
west fork,fire,out,2020-08-05,2020.0,1.0,0.5,0.0,0.0,0.0,0.0,0.0,0.0,38.410000000000004,76.82000000000001,,22.07,,,0.47,2.21,,1.56,7.65,
west fork,prairie dog,livestock ex,2020-08-05,2020.0,1.0,0.5,0.0,0.0,0.0,0.0,0.0,0.0,72.53,145.06,,28.43,,,2.95,0.25,,,40.9,
west fork,fire,livestock ex,2020-08-05,2020.0,1.0,0.5,0.0,0.0,0.0,0.0,0.0,0.0,77.63999999999999,155.27999999999997,,39.4,1.59,,0.05,0.48,,,35.05,
west fork,fire,ungulate ex,2020-08-05,2020.0,1.0,0.5,0.0,0.0,0.0,0.0,0.0,0.0,36.839999999999996,73.67999999999999,0.13,8.73,9.14,,0.05,2.5,,,13.64,
west fork,prairie dog,ungulate ex,2020-08-05,2020.0,1.0,0.5,0.0,0.0,0.0,0.0,0.0,0.0,135.9648,271.9296,,31.6,,,0.0652,0.0996,,,104.2,
west fork,prairie dog,out,2020-08-05,2020.0,1.0,0.5,0.0,0.0,0.0,0.0,0.0,0.0,57.11,114.22,,16.75,,,0.05,0.35,,0.45,39.51,
west fork,control,out,2020-08-05,2020.0,1.0,0.5,0.0,0.0,0.0,0.0,0.0,0.0,56.2572,112.5144,,25.7,3.38,,0.27,,0.0372,0.38,24.14,
wildcat,control,ungulate ex,2020-08-06,2020.0,1.0,0.5,0.0,0.0,0.0,4.0,0.0,0.0,29.980000000000004,59.96000000000001,,10.6,0.55,,0.1,0.48,,,13.15,
wildcat,fire,out,2020-08-06,2020.0,1.0,0.5,0.0,0.0,0.0,0.0,0.0,0.0,30.26,60.52,,10.7,6.44,,,,,,7.92,
wildcat,fire,ungulate ex,2020-08-06,2020.0,1.0,0.5,0.0,0.0,0.0,0.0,0.0,0.0,52.03,104.06,,40.02,1.75,,,,,,10.26,
wildcat,prairie dog,out,2020-08-06,2020.0,1.0,0.5,0.0,0.0,0.0,0.0,0.0,0.0,78.616,157.232,,20.45,0.0241,,1.14,0.0319,2.24,,54.53,
wildcat,prairie dog,livestock ex,2020-08-06,2020.0,1.0,0.5,0.0,0.0,0.0,0.0,0.0,0.0,79.08,158.16,0.24,28.88,,,1.55,9.98,,,38.43,
wildcat,fire,livestock ex,2020-08-06,2020.0,1.0,0.5,0.0,0.0,0.0,0.0,0.0,0.0,65.44160000000001,130.88320000000002,,13.8,3.55,,0.05,,0.0016,,37.84,
wildcat,prairie dog,ungulate ex,2020-08-06,2020.0,1.0,0.5,0.0,0.0,0.0,0.0,0.0,0.0,163.82999999999998,327.65999999999997,,26.9,,,23.87,,0.18,,112.88,
steckley,prairie dog,ungulate ex,2020-08-10,2020.0,1.0,0.5,0.0,0.0,0.0,0.0,0.0,0.0,41.0,82.0,,29.86,,,3.35,,,,7.79,
steckley,prairie dog,out,2020-08-10,2020.0,1.0,0.5,0.0,0.0,0.0,0.0,0.0,0.0,77.78,155.56,,31.1,,,0.77,,,,45.91,
steckley,control,out,2020-08-10,2020.0,1.0,0.5,0.0,0.0,0.0,0.0,0.0,0.0,28.86,57.72,,15.6,6.65,,0.11,0.18,,,4.5,
steckley,control,livestock ex,2020-08-10,2020.0,1.0,0.5,0.0,0.0,0.0,0.0,0.0,0.0,34.7,69.4,,15.21,3.04,,0.12,,,,16.28,
steckley,prairie dog,livestock ex,2020-08-10,2020.0,1.0,0.5,0.0,0.0,0.0,0.0,0.0,0.0,53.84,107.68,,14.75,,,,,,,39.09,
steckley,control,ungulate ex,2020-08-10,2020.0,1.0,0.5,0.0,0.0,0.0,0.0,0.0,0.0,17.040300000000002,34.080600000000004,,0.9,0.22,,0.0128,,0.0075,,6.24,
steckley,prairie dog,ungulate ex,2021-06-30,2021.0,2.0,0.10000000000000002,0.0,0.0,0.0,0.0,0.0,0.0,9.916666666666666,99.16666666666667,,,,,,,,,,
steckley,control,ungulate ex,2021-06-30,2021.0,2.0,0.10000000000000002,0.0,0.0,0.0,0.6666666666666666,0.0,-0.3333333333333333,2.3066666666666666,23.066666666666663,,,,,,,,,,
steckley,control,livestock ex,2021-06-30,2021.0,2.0,0.10000000000000002,3.3333333333333335,0.0,0.0,0.3333333333333333,0.0,-0.3333333333333333,6.47,64.69999999999999,,,,,,,,,,
steckley,control,out,2021-06-30,2021.0,2.0,0.10000000000000002,0.0,0.0,0.0,0.0,0.0,0.0,4.86,48.599999999999994,,,,,,,,,,
steckley,prairie dog,out,2021-06-30,2021.0,2.0,0.10000000000000002,0.0,0.0,0.0,0.0,0.0,0.0,6.06,60.599999999999994,,,,,,,,,,
steckley,prairie dog,livestock ex,2021-07-01,2021.0,2.0,0.10000000000000002,0.0,0.0,0.0,0.0,0.0,0.0,9.216666666666667,92.16666666666667,,,,,,,,,,
lake creek,prairie dog,ungulate ex,2021-07-01,2021.0,2.0,0.10000000000000002,0.0,0.0,0.0,0.0,0.0,0.0,19.59,195.89999999999998,,,,,,,,,,
lake creek,prairie dog,livestock ex,2021-07-01,2021.0,2.0,0.10000000000000002,0.0,0.0,0.0,0.0,0.0,0.0,11.143333333333333,111.43333333333332,,,,,,,,,,
lake creek,fire,out,2021-07-06,2021.0,2.0,0.10000000000000002,0.0,0.0,0.0,0.0,0.0,0.0,2.3066666666666666,23.066666666666666,,,,,,,,,,
lake creek,fire,livestock ex,2021-07-06,2021.0,2.0,0.10000000000000002,0.0,0.0,0.0,0.0,0.0,0.0,4.28,42.79999999999999,,,,,,,,,,
lake creek,fire,ungulate ex,2021-07-06,2021.0,2.0,0.10000000000000002,0.0,0.0,0.0,3.0,0.0,-0.6666666666666666,5.29,52.9,,,,,,,,,,
lake creek,prairie dog,out,2021-07-06,2021.0,2.0,0.10000000000000002,0.0,0.0,0.0,1.3333333333333333,0.0,-0.3333333333333333,4.71,47.1,,,,,,,,,,
wildcat,fire,ungulate ex,2021-07-07,2021.0,3.0,0.1,0.0,0.0,0.0,0.0,0.0,0.0,3.85,38.5,,,,,,,,,,
wildcat,fire,out,2021-07-07,2021.0,2.0,0.10000000000000002,0.0,0.0,0.0,0.0,0.0,0.0,9.67,96.69999999999999,,,,,,,,,,
wildcat,fire,livestock ex,2021-07-07,2021.0,2.0,0.10000000000000002,0.0,0.0,0.0,0.0,0.0,0.0,5.28,52.79999999999999,,,,,,,,,,
lake creek,control,ungulate ex,2021-07-08,2021.0,2.0,0.10000000000000002,0.0,0.0,0.0,0.0,0.0,0.0,17.096666666666668,170.9666666666666,,,,,,,,,,
lake creek,control,livestock ex,2021-07-08,2021.0,2.0,0.10000000000000002,0.0,0.0,0.0,0.0,0.0,0.0,4.673333333333333,46.73333333333333,,,,,,,,,,
lake creek,control,out,2021-07-08,2021.0,2.0,0.10000000000000002,0.0,0.0,0.0,0.0,0.0,0.0,6.516666666666667,65.16666666666667,,,,,,,,,,
wildcat,prairie dog,out,2021-07-12,2021.0,2.0,0.10000000000000002,0.0,0.0,0.0,0.0,0.0,0.0,8.47,84.7,,,,,,,,,,
wildcat,prairie dog,ungulate ex,2021-07-12,2021.0,2.0,0.10000000000000002,0.0,0.0,0.0,0.0,0.0,0.0,11.386666666666665,113.86666666666666,,,,,,,,,,
wildcat,fire,ungulate ex,2021-07-12,2021.0,1.5,0.1,0.0,0.0,0.0,0.0,0.0,0.0,4.24,42.39999999999999,,,,,,,,,,
wildcat,control,ungulate ex,2021-07-12,2021.0,2.0,0.10000000000000002,0.0,0.0,0.0,0.0,0.0,0.0,6.550000000000001,65.49999999999999,,,,,,,,,,
wildcat,control,out,2021-07-12,2021.0,2.0,0.10000000000000002,0.0,0.0,0.0,2.6666666666666665,0.0,-0.3333333333333333,3.643333333333333,36.43333333333334,,,,,,,,,,
wildcat,control,livestock ex,2021-07-12,2021.0,2.0,0.10000000000000002,0.0,0.0,0.0,0.0,0.0,0.0,4.2700000000000005,42.699999999999996,,,,,,,,,,
west fork,prairie dog,out,2021-07-12,2021.0,2.0,0.10000000000000002,0.0,0.0,0.0,0.0,0.0,0.0,7.28,72.8,,,,,,,,,,
wildcat,prairie dog,livestock ex,2021-07-12,2021.0,2.0,0.10000000000000002,0.0,0.0,0.0,0.0,0.0,0.0,8.323333333333332,83.23333333333333,,,,,,,,,,
west fork,control,livestock ex,2021-07-13,2021.0,2.0,0.10000000000000002,0.0,0.0,0.0,0.0,0.0,0.0,5.2299999999999995,52.29999999999999,,,,,,,,,,
west fork,control,ungulate ex,2021-07-13,2021.0,2.0,0.10000000000000002,0.0,0.0,0.0,0.0,0.0,0.0,13.85,138.5,,,,,,,,,,
west fork,fire,livestock ex,2021-07-13,2021.0,2.0,0.10000000000000002,0.0,0.0,0.0,0.0,0.0,0.0,21.66333333333333,216.63333333333333,,,,,,,,,,
west fork,fire,out,2021-07-13,2021.0,2.0,0.10000000000000002,0.0,0.0,0.0,0.0,0.0,0.0,8.69,86.89999999999998,,,,,,,,,,
west fork,fire,ungulate ex,2021-07-13,2021.0,2.0,0.10000000000000002,0.0,0.0,0.0,0.0,0.0,0.0,11.753333333333332,117.53333333333332,,,,,,,,,,
west fork,prairie dog,livestock ex,2021-07-13,2021.0,2.0,0.10000000000000002,0.0,0.0,0.0,0.0,0.0,0.0,9.106666666666667,91.06666666666666,,,,,,,,,,
west fork,prairie dog,ungulate ex,2021-07-13,2021.0,2.0,0.10000000000000002,0.0,0.0,0.0,0.0,0.0,0.0,18.033333333333335,180.33333333333334,,,,,,,,,,
west fork,control,out,2021-07-13,2021.0,2.0,0.10000000000000002,0.0,0.0,0.0,0.0,0.0,0.0,5.413333333333333,54.133333333333326,,,,,,,,,,
