Date,Point,Year,TotalCurrentYear,Grass,Forb,Brome,C3,C4,BOBU,Other C4P,VUOC,subshrub,shortlived/annual forb,perennial forb,unk forb,unidentifiable,A/B forb,A/B/P forb,A/P forb,annual forb,parasitic plant,B/P forb,perennial forb.1,unk basal Leaf,unk basal leaf from LACO,unk boraginaceae,unk chenopod with spines on tip,unk opposite leaf glandular forb,unk physaria,unk POAV? PODO?,unk tall mustard,SD total,SD annual forb,SD Brome,SD C3,SD C4,SD perennial forb,SD subshrub,SD unidentifiable,SD VUOC,Total_Weight_(g/m^2),Meter,Cacti_cladodes,%Shrub Cover,% YUGL cover,Richness,OOMU,Mean.GPS_E.Biomass,Mean.GPS_N.Biomass
2017-07-26,E51.1,2017.0,17.21,6.734999999999999,10.475000000000001,,6.715,0.02,,,0.02,,10.29,0.185,0.0,,0.31,,,9.98,,,0.37,,,,,,,,,0.11,0.06,,0.13,,,,0.03,,8.66,15.0,0.0,0.0,0.0,8.0,,492395.16,4804248.775
2017-07-26,E51.3,2017.0,23.494999999999997,19.905,3.405,0.28,12.37,14.79,,,,0.37,0.16,3.245,0.0,,,,,0.32,,,3.245,,,,,,,,,1.55,,,0.4,2.3,,,,,12.5225,15.0,5.5,4.0,0.0,12.5,,492009.775,4803930.33
2017-07-27,E22.6,2017.0,17.18,1.61,15.57,,0.62,1.94,,,0.04,,14.75,0.29,0.53,,,,,14.75,,,0.29,,,,,,,,1.06,0.23,0.04,,0.09,0.33,,,,,8.705,15.0,28.5,0.0,0.0,8.0,,497631.145,4817312.795
2017-07-27,E22.8,2017.0,43.29875,7.5287500000000005,35.769999999999996,,2.5,6.27,,,0.0175,,35.144999999999996,0.625,0.0,,,0.1,,35.095,,,0.625,,,,,,,,,0.195,,,,0.39,,,,,21.746875,15.0,45.5,0.0,0.0,8.5,,498016.59,4817003.05
2017-07-27,E51.4,2017.0,29.2575,27.1525,2.105,0.25,12.18,14.71,,,0.0125,,0.81,1.295,0.0,,,,0.35,0.635,,,1.295,,,,,,,,,3.16,,,0.43000000000000005,2.73,,,,,16.208750000000002,15.0,0.5,6.0,0.0,14.0,,491835.395,4803744.0
2017-07-31,L3.8,2017.0,22.41,20.6,1.7650000000000001,1.25,13.875,12.2,,,,0.09,0.005,1.565,0.195,,,,,0.01,,,1.565,,0.39,,,,,,,0.0,,,,,,,,,11.205,15.0,0.0,2.5,0.0,8.5,,478253.1,4807539.9
2017-07-31,L3.3,2017.0,42.85,41.345,1.505,5.1,35.56,0.685,,,,,0.13,1.375,0.0,,,,,0.13,,,2.75,,,,,,,,,0.0,,,,,,,,,21.425,15.0,27.0,7.5,0.0,7.0,,479506.625,4807570.75
2017-07-31,L11.7,2017.0,23.35,17.465000000000003,1.6099999999999999,0.01,9.39,12.760000000000002,,,0.01,4.275,0.365,1.22,0.025,,,,,0.365,,,2.44,,,,,,0.05,,,0.0,,,,,,,,,11.675,15.0,0.0,0.0,0.0,11.5,,479633.44,4807098.875
2017-07-31,E57.5,2017.0,25.765,24.205,1.56,,15.665000000000001,8.54,,,,,0.125,1.435,0.0,,,,,0.125,,,1.435,,,,,,,,,2.6,,,0.88,1.7200000000000002,,,,,14.182500000000001,15.0,3.5,12.0,0.0,12.0,,476878.825,4808709.785
2017-07-31,E57.2,2017.0,27.625,25.259999999999998,2.3649999999999998,,25.259999999999998,,,,,,0.03,2.335,0.0,,,,,0.03,,,2.335,,,,,,,,,0.495,,,0.495,,,,,,14.059999999999999,15.0,0.0,0.0,0.0,6.0,,476538.155,4809375.665
2017-07-31,E57.1,2017.0,30.744999999999997,27.404999999999998,3.3400000000000003,,27.404999999999998,,,,,,0.0,3.3400000000000003,0.0,,,,,,,,3.3400000000000003,,,,,,,,,0.24,,,0.24,,,,,,15.4925,15.0,0.0,0.0,0.0,4.0,,476459.5,4809618.115
2017-07-31,L11.3,2017.0,111.46000000000001,109.85,1.61,3.82,103.38,2.65,,,,,0.095,0.42000000000000004,1.095,,,,,0.095,,,0.42000000000000004,,,,,2.19,,,,0.0,,,,,,,,,55.730000000000004,15.0,0.5,5.0,0.0,11.5,,478629.825,4807094.79
2017-08-01,E7.5,2017.0,37.371,4.241,33.13,,1.525,2.715,,,0.002,,32.69,0.44,0.0,,,,,32.69,,,0.88,,,,,,,,,0.0,,,,,,,,,18.6855,15.0,0.0,0.0,0.0,6.5,,499400.105,4824461.605
2017-08-01,L8.3,2017.0,22.275,21.06,1.215,,11.85,9.2,,,0.02,,0.05,1.165,0.0,,,,,0.05,,,1.165,,,,,,,,,0.0,,,,,,,,,11.1375,15.0,29.0,2.0,0.0,12.0,,499863.035,4824897.685
2017-08-01,E9.2,2017.0,25.427750000000003,21.627750000000002,3.8,,2.675,18.950000000000003,,,0.00275,,3.7199999999999998,0.08,0.0,,,,,3.7199999999999998,,,0.16,,,,,,,,,2.035,,,0.14,1.965,,,,,13.731375,17.5,4.5,0.0,0.0,10.0,,498708.65,4824545.78
2017-08-01,E7.4,2017.0,16.30905,12.30405,3.99,,2.575,9.725,,,0.0081,0.03,3.5949999999999998,0.395,0.0,,,,,3.5949999999999998,,,0.79,,,,,,,,,0.5800000000000001,0.02,,,0.5700000000000001,,,,,8.444525,15.0,0.0,1.75,0.0,8.5,,499331.725,4824705.485
2017-08-01,L8.8,2017.0,16.48,16.42,0.06,,7.95,8.469999999999999,,,,,0.06,0.0,0.0,,,,,0.06,,,,,,,,,,,,0.0,,,,,,,,,8.24,15.0,8.0,13.0,0.0,7.5,,500727.58,4823992.515
2017-08-01,E10.7,2017.0,25.435000000000002,8.335,15.145,,1.17,7.135,,,0.06,3.91,14.545,0.6,0.0,,,,,14.545,,,0.6,,,,,,,,,0.015,,,,0.03,,,,,12.725000000000001,15.0,0.0,8.0,0.0,13.0,,500331.42,4822660.72
2017-08-01,E10.6,2017.0,14.84,1.2349999999999999,13.605,,0.73,0.505,,,,,12.97,0.635,0.0,,,1.65,,12.145,,,0.635,,,,,,,,,0.0,,,,,,,,,7.42,15.0,0.0,0.0,0.0,10.0,,500127.29,4822810.445
2017-08-01,E10.3,2017.0,20.05005,8.915049999999999,10.754999999999999,,2.7,6.205,,,0.0201,0.76,0.26,10.495000000000001,0.0,,,,0.49,0.03,,,10.495000000000001,,,,,,,,,0.33499999999999996,,,0.02,0.295,0.06,,,,10.192525,15.0,0.0,0.0,2.0,12.5,,499598.745,4823337.42
2017-08-01,E7.2,2017.0,70.79645000000001,67.82645000000001,2.97,7.455,60.35,0.0429,,,,,1.62,1.35,0.0,,,,,1.62,,,1.35,,,,,,,,,1.835,,0.1,1.785,,,,,,36.315725,15.0,2.5,0.0,0.0,8.5,,499217.33,4825202.565
2017-08-02,E8.1,2017.0,26.89,12.759999999999998,14.129999999999999,0.01,6.05,6.6850000000000005,,,0.02,,12.595,1.5350000000000001,0.0,,,,,12.595,,,1.5350000000000001,,,,,,,,,0.115,,,,0.14,,,0.09,,13.502500000000001,15.0,12.0,0.0,0.0,11.5,,498397.175,4825093.895
2017-08-02,E8.2,2017.0,46.53000000000001,45.995000000000005,0.535,0.28,39.005,6.734999999999999,,,0.23,,0.45,0.085,0.0,,,,,0.45,,,0.17,,,,,,,,,0.15,,,0.15,,,,,,23.340000000000003,15.0,0.0,3.0,0.0,11.0,,498138.77,4825071.385
2017-08-02,E8.6,2017.0,20.145,12.620000000000001,6.734999999999999,,12.585,0.07,,,,0.79,0.025,6.709999999999999,0.0,,,,,0.025,,,6.709999999999999,,,,,,,,,1.615,,,1.615,,,,,,10.879999999999999,15.0,0.0,0.0,0.0,9.0,,497153.705,4825005.925
2017-08-02,E9.1,2017.0,17.564999999999998,15.649999999999999,1.915,,11.379999999999999,4.215,,,0.11,,1.915,0.0,0.0,,,,,1.915,,,,,,,,,,,,0.235,,,0.22,0.24,,,,0.01,8.9,15.0,6.5,0.0,0.0,10.0,,498685.315,4824801.325
2017-08-02,E9.4,2017.0,31.310000000000002,26.935000000000002,4.375,,9.41,17.525,,,,,0.385,3.99,0.0,,,,,0.385,,,3.99,,,,,,,,,6.395,,,0.45,5.944999999999999,,,,,18.8525,15.0,20.5,0.25,0.0,11.5,,498816.99,4824057.415
2017-08-02,L7.1,2017.0,34.305,25.72,4.365,0.06,25.689999999999998,,,,,8.44,0.0,4.365,0.0,,,,,,,,4.365,,,,,,,,,0.0,,,,,,,,,17.1525,15.0,0.0,0.0,0.0,9.0,,497625.725,4825445.76
2017-08-02,L7.6,2017.0,26.58685,23.92185,2.465,0.355,13.725,9.84,,,0.0037,0.4,1.335,1.13,0.0,,,,,1.335,,,1.13,,,,,,,,,0.0,,,,,,,,,13.293425,15.0,0.5,1.5,0.0,12.5,,496378.77,4825476.695
2017-08-03,sau01,2017.0,39.82,0.31,39.510000000000005,,,0.31,,,,,39.510000000000005,0.0,0.0,,0.95,,,39.035,,,,,,,,,,,,0.195,0.39,,,,,,,,20.0075,15.0,0.0,0.0,0.0,5.5,,494576.41,4811810.845
2017-08-03,E39.6,2017.0,23.685000000000002,20.79,2.855,0.05,11.165,9.6,,,,0.08,0.025,2.83,0.0,,,,,0.05,,,5.66,,,,,,,,,2.2443,0.0086,,0.18,2.06,,,,,12.964649999999999,15.0,6.0,0.0,0.0,9.5,,495515.625,4810353.73
2017-08-03,E39.4,2017.0,26.582250000000002,11.687249999999999,14.895,0.35000000000000003,3.87,7.405,,,0.06225,,14.895,0.0,0.0,,,,,14.895,,,,,,,,,,,,0.3,0.29,,0.01,0.12,,,0.04,0.02,13.441125000000001,15.0,22.0,0.0,0.0,11.5,,495193.185,4810731.685
2017-08-03,E39.1,2017.0,21.95,5.175,16.775,,5.085,0.09,,,,,16.42,0.355,0.0,,,,,16.42,,,0.355,,,,,,,,,0.015,,,0.03,,,,,,10.9825,15.0,5.0,1.5,0.0,11.0,,494729.025,4811324.255
2017-08-03,E35.3,2017.0,52.205349999999996,3.87035,48.335,,3.035,0.835,,,0.0007,,48.335,0.0,0.0,,0.01,,,48.33,,,,,,,,,,,,0.18,0.36,,,,,,,,26.192675,15.0,0.0,0.0,0.0,11.0,,494790.915,4812857.1
2017-08-03,E33.8,2017.0,14.174999999999997,11.825,2.35,0.03,9.86,1.9,,,0.05,,2.3200000000000003,0.03,0.0,,,,,2.3200000000000003,,,0.06,,,,,,,,,0.475,0.02,,0.275,0.19,,,,,7.324999999999999,15.0,32.5,0.0,0.0,10.0,,495080.14,4811620.305
2017-08-03,E33.5,2017.0,26.018899999999995,23.1389,1.775,0.07,19.02,4.08,,,0.0078,1.105,0.955,0.8200000000000001,0.0,,0.12,,0.17,0.75,,,0.8200000000000001,,,,,,,,,0.6599999999999999,,0.09,0.445,0.07,0.2,,,,13.33945,15.0,0.0,0.25,0.0,12.5,,495781.125,4811879.375
2017-08-03,E33.3,2017.0,28.570000000000004,24.745,3.5250000000000004,,24.745,,,,,0.6,1.215,2.31,0.0,,,,,1.215,,,2.31,,,,,,,,,1.705,,,3.41,,,,,,15.137500000000001,15.0,0.0,1.5,0.0,7.0,,496240.22,4812074.5
2017-08-03,C4.4,2017.0,12.69011,4.35543,8.334679999999999,,3.20923,1.1461999999999999,,,,,2.2263450000000002,6.093335,0.015,,,0.65,,1.901345,,,6.093335,,,,,,,0.03,,0.0,,,,,,,,,6.345055,15.0,0.0,10.0,0.0,14.0,,494402.705,4811289.075
2017-08-03,E35.1,2017.0,22.035,13.735,8.3,,6.415,7.32,,,,,2.94,5.36,0.0,,0.16,,,2.86,,,10.72,,,,,,,,,0.8300000000000001,0.07,,0.3,1.29,,,,,11.432500000000001,15.0,22.5,0.0,0.0,7.5,,494989.12,4812396.835
2017-08-07,E55.2,2017.0,31.294549999999997,28.474549999999997,2.82,0.23,15.834999999999999,12.485,,,0.03955,,0.195,2.625,0.0,,,,,0.195,,,5.25,,,,,,,,,0.0,,,,,,,,,15.647274999999999,15.0,0.0,0.0,0.0,11.0,,484042.19,4804376.2
2017-08-07,E55.5,2017.0,40.972545,40.551199999999994,0.42134499999999997,2.56,47.69,14.1462,,,,,0.42134499999999997,0.0,0.0,,,,,0.42134499999999997,,,,,,,,,,,,1.9900000000000002,,0.02,3.41,0.55,,,,,21.4812725,15.0,4.5,0.0,0.0,7.0,,483602.52,4803796.0
2017-08-07,E55.1,2017.0,23.677799999999998,13.4428,10.235,0.0156,9.645,3.72,,,0.14,,3.8499999999999996,6.385,0.0,,0.25,,,3.7249999999999996,,,6.385,,,,,,,,,0.07,,,0.07,0.035,,,,,11.873899999999999,15.0,0.5,0.0,0.0,9.5,,484164.595,4804593.605
2017-08-07,E52.1,2017.0,22.869999999999997,16.5,5.265000000000001,,12.709999999999999,3.77,,,0.04,2.21,4.48,0.785,0.0,,,,,4.48,,,1.57,,,,,,,,,0.63,,,0.36,0.54,,,,,11.75,15.0,0.0,0.0,0.0,8.0,,487645.49,4803208.29
2017-08-07,E52.1,2017.0,22.869999999999997,16.5,5.265000000000001,,12.709999999999999,3.77,,,0.04,2.21,4.48,0.785,0.0,,,,,4.48,,,1.57,,,,,,,,,0.63,,,0.36,0.54,,,,,11.75,15.0,0.0,0.0,0.0,8.0,,487645.49,4803208.29
2017-08-07,E52.2,2017.0,77.50105,24.41105,53.09,4.165,2.2,17.92,,,0.12605,,51.745000000000005,1.345,0.0,,0.51,7.6499999999999995,,43.839999999999996,,,1.345,,,,,,,,,0.085,,,,0.17,,,,,38.793025,14.5,11.0,0.0,0.0,14.5,,487894.55,4803210.47
2017-08-07,E52.4,2017.0,30.784799999999997,27.0548,3.58,1.75,15.7698,10.235,,,0.35,0.3,0.45999999999999996,2.87,0.25,,0.18,,,0.74,,,2.87,0.33,,0.17,,,,,,1.9128500000000002,,,0.4552,1.455,,0.0053,,,16.348824999999998,15.0,0.0,0.25,0.0,14.5,,488389.87,4803157.49
2017-08-08,C1.2,2017.0,17.86932,17.49663,0.37268999999999997,,6.15923,11.2874,,,0.1,,0.37268999999999997,0.0,0.0,,,,,0.37268999999999997,,,,,,,,,,,,0.0,,,,,,,,,8.93466,15.0,11.5,0.0,0.0,6.0,,487106.76,4813085.065
2017-08-08,E46.7,2017.0,34.935,2.08,32.855000000000004,,1.635,0.445,,,,,32.855000000000004,0.0,0.0,,,,,32.855000000000004,,,,,,,,,,,,0.0,,,,,,,,,17.4675,14.5,0.0,0.0,0.0,5.5,,485606.845,4812226.995
2017-08-08,E46.5,2017.0,28.835,24.84,3.995,,18.21,6.625,,,0.01,,3.995,0.0,0.0,,0.02,,2.18,2.895,,,,,,,,,,,,0.03,,,0.06,,,,,,14.432500000000001,15.0,0.0,0.0,0.0,7.5,,485173.1,4812476.735
2017-08-08,E46.2,2017.0,26.780050000000003,26.50945,0.2706,0.13,5.78,20.66,,,0.0089,,0.0156,0.255,0.0,,,0.02,,0.0056,,,0.255,,,,,,,,,5.425000000000001,,,0.425,5.0,,,,,16.102525,15.0,0.5,0.0,0.0,9.0,,484499.505,4812824.065
2017-08-08,E49.6,2017.0,29.18,27.64,1.54,13.19,17.634999999999998,6.77,,,0.05,,0.665,0.875,0.0,,0.24,,,1.09,,,0.875,,,,,,,,,0.39999999999999997,,0.03,0.32999999999999996,0.11,,,,,14.790000000000001,15.0,0.0,0.5,0.0,11.0,,490919.255,4805326.96
2017-08-08,C2.1,2017.0,31.910989999999998,30.301630000000003,1.60936,,29.86423,0.39740000000000003,,,0.08,,1.24769,0.36167,0.0,,,,,1.24769,,,0.36167,,,,,,,,,0.0,,,,,,,,,15.955494999999999,15.0,0.0,0.0,0.0,6.0,,488905.585,4812358.095
2017-08-08,C1.6,2017.0,40.07432,27.28663,12.787690000000001,,26.65923,0.4324,,,0.39,,12.787690000000001,0.0,0.0,,,,,12.787690000000001,,,,,,,,,,,,0.0,,,,,,,,,20.03716,15.0,0.0,0.0,0.0,8.5,,487791.38,4812356.02
2017-08-08,C2.7,2017.0,31.39599,20.591630000000002,10.804359999999999,,13.00423,7.4974,,,0.18,,0.52269,10.28167,0.0,,,,,0.52269,,,10.28167,,,,,,,,,0.0,,,,,,,,,15.697995,15.0,0.0,0.0,0.0,7.0,,490406.685,4812356.03
2017-08-09,C9.6,2017.0,14.54932,13.46663,1.08269,,11.65923,1.8074,,,,,1.08269,0.0,0.0,,,,,1.08269,,,,,,,,,,,,0.0,,,,,,,,,7.27466,15.0,0.0,0.0,0.0,7.5,,498815.4,4816563.83
2017-08-09,E21.2,2017.0,125.07999999999998,92.715,32.364999999999995,21.695,67.33,3.69,,,,,32.364999999999995,0.0,0.0,,1.19,,,31.77,,,,,,,,,,,,1.47,,,1.47,,,,,,63.27499999999999,14.5,0.0,16.0,0.0,10.0,,499646.225,4817672.21
2017-08-09,E21.8,2017.0,23.01,6.0,17.009999999999998,,4.725,1.26,,,0.03,,16.795,0.215,0.0,,,,,16.795,,,0.215,,,,,,,,,0.4,,,0.365,0.04,0.03,,,,11.705000000000002,15.0,0.0,0.0,0.0,10.5,,499122.24,4816264.635
2017-08-09,C9.1,2017.0,18.747655,4.10163,14.646025,,0.25423,3.8474000000000004,,,,,14.59769,0.048335,0.0,,,,,14.59769,,,0.09667,,,,,,,,,0.0,,,,,,,,,9.3738275,14.5,0.0,0.0,0.0,6.5,,498787.335,4815312.395
2017-08-10,E23.4,2017.0,18.913400000000003,8.5834,10.330000000000002,,0.825,7.755,,,0.0034,,9.98,0.35,0.0,,,,,9.98,,,0.35,,,,,,,,,0.5650000000000001,,,,,,,0.5650000000000001,,9.7392,15.0,0.0,0.0,0.0,8.5,,497350.38,4816755.25
2017-08-10,E23.8,2017.0,23.785000000000004,8.59,15.195,,5.165,3.425,,,,,14.71,0.485,0.0,,,,,14.71,,,0.485,,,,,,,,,0.5549999999999999,,,0.425,0.13,,,,,12.170000000000002,15.0,0.0,0.0,0.0,6.5,,498290.095,4816413.415
2017-08-10,E23.2,2017.0,15.744999999999997,15.57,0.175,0.04,10.29,5.26,,,,,0.08499999999999999,0.09,0.0,,,,,0.08499999999999999,,,0.09,,,,,,,,,0.255,,,0.075,0.18,,,,,7.999999999999998,15.0,0.0,0.0,0.0,7.0,,496881.27,4816921.76
2017-08-10,E20.2,2017.0,28.7688,3.4588,25.31,0.1,0.75,2.58,,,0.0788,,23.735,0.19,1.385,,,,,23.735,,,0.38,,,,2.77,,,,,0.03625,,,0.05,0.0083,,,0.0042,0.01,14.402525,15.0,47.0,0.0,0.0,11.5,,499778.17,4816287.56
2017-08-14,C6.7,2017.0,30.83484,23.73548,7.06936,,14.31423,9.4174,,,0.0077,0.06,1.01769,6.05167,0.0,,,,,1.01769,,,6.05167,,,,,,,,,0.0,,,,,,,,,15.41742,15.0,20.5,0.0,0.0,13.5,,501651.68,4812898.965
2017-08-14,C7.2,2017.0,45.90932,5.18163,40.72769,,4.77923,0.4024,,,,,40.72769,0.0,0.0,,,,,40.72769,,,,,,,,,,,,0.0,,,,,,,,,22.95466,15.0,29.5,0.0,0.0,11.5,,499804.75,4814227.455
2017-08-14,C7.7,2017.0,22.256905,21.26588,0.991025,0.12,11.44423,9.752400000000002,,,0.0185,,0.56769,0.423335,0.0,,,,,0.56769,,,0.84667,,,,,,,,,0.0,,,,,,,,,11.1284525,15.5,21.5,0.0,0.0,9.5,,500660.525,4813326.78
2017-08-14,E26.1,2017.0,25.875,18.994999999999997,4.640000000000001,0.99,10.215,7.965,,,0.31999999999999995,4.48,3.925,0.7150000000000001,0.0,,,,,3.925,,,0.7150000000000001,,,,,,,,,0.47000000000000003,0.01,,0.28,0.185,,,,,13.1725,14.5,28.5,2.0,0.0,16.0,,499696.475,4813866.46
2017-08-14,E26.3,2017.0,5.385,5.07,0.315,,1.8900000000000001,3.1799999999999997,,,,,0.025,0.29000000000000004,0.0,,,,,0.05,,,0.29000000000000004,,,,,,,,,0.04,,,,0.08,,,,,2.7125,15.0,0.0,0.0,0.0,5.0,,499413.315,4813462.255
2017-08-15,2duchardtE24,2017.0,29.33,0.015,29.16,,,0.03,,,,,23.27,5.89,0.0,0.15500000000000003,,,,46.54,,,11.78,,,,,,,,,0.0,,,,,,,,,14.665,15.0,0.0,0.0,0.0,2.0,,493635.375,4818164.66
2017-08-15,1nw01,2017.0,29.015,0.07500000000000001,28.939999999999998,,,0.07500000000000001,,,,,27.990000000000002,0.95,0.0,,,,,27.990000000000002,,,1.9,,,,,,,,,0.14500000000000002,0.19,,,,,,0.1,,14.58,15.0,0.0,0.0,0.0,6.0,,494356.295,4817504.255
2017-08-15,E30.1,2017.0,102.095,4.31,97.785,3.7649999999999997,0.16499999999999998,0.37,,,0.02,,95.845,1.94,0.0,,1.92,,,94.88499999999999,,,1.94,,,,,,,,,0.425,0.385,0.08,,,,,,,51.26,15.0,1.5,0.0,0.0,12.5,,492161.655,4815918.655
2017-08-15,E30.3,2017.0,42.84,1.945,40.894999999999996,,1.2850000000000001,0.66,,,,,39.405,1.4900000000000002,0.0,,,,,39.405,,,1.4900000000000002,,,,,,,,,0.09,0.12,,0.05,0.01,,,,,21.465,15.0,3.0,0.0,0.0,11.0,,492656.625,4815891.45
2017-08-15,L5.2,2017.0,25.689999999999998,22.63,2.765,,10.765,11.865,,,,0.59,0.07,2.6950000000000003,0.0,,,,,0.14,1.42,,1.985,,,,,,,,,0.0,,,,,,,,,12.844999999999999,15.0,0.0,0.5,5.0,14.0,,494747.95,4816285.835
2017-08-15,L5.7,2017.0,21.345000000000002,20.560000000000002,0.7850000000000001,1.525,15.825,3.13,,,0.16,,0.63,0.15500000000000003,0.0,,,,,0.63,,,0.15500000000000003,,,,,,,,,0.0,,,,,,,,,10.672500000000001,15.0,0.0,12.5,0.0,12.5,,493835.31,4817146.37
2017-08-16,E49.3,2017.0,35.0711,31.341099999999997,2.185,0.0022,31.145,0.195,,,,1.545,1.055,1.13,0.0,,,,,1.055,,,1.13,,,,,,,,,1.21,0.74,,1.68,,,,,,18.14055,15.0,21.5,0.75,0.0,8.5,,491638.905,4805495.165
2017-08-16,E49.1,2017.0,25.375,18.12,7.255,,18.12,,,,,,6.344999999999999,0.9099999999999999,0.0,,0.12,,,6.285,,,0.9099999999999999,,,,,,,,,0.62,0.19,,0.525,,,,,,12.997499999999999,15.0,0.0,0.0,0.0,7.0,,492121.125,4805582.195
2017-08-16,L6.6,2017.0,22.125,21.085,1.04,0.66,0.9850000000000001,19.72,,,0.049999999999999996,,1.04,0.0,0.0,,,,,1.04,,,,,,,,,,,,0.0,,,,,,,,,11.0625,15.0,0.0,0.0,0.0,6.5,,496142.935,4817562.27
2017-08-16,E18.8,2017.0,33.48,31.095,2.385,8.72,13.24,9.03,,,0.105,,2.28,0.105,0.0,,1.26,,,1.02,,,0.21,,,,,,,,,2.4450000000000003,,0.235,1.23,0.98,0.0,,,,17.9625,15.0,19.5,15.5,0.0,11.5,,502182.595,4818394.555
2017-08-16,C10.1,2017.0,18.219320000000003,8.98163,9.23769,,6.87923,2.1024000000000003,,,,,9.23769,0.0,0.0,,,,,9.23769,,,,,,,,,,,,0.0,,,,,,,,,9.109660000000002,15.0,0.0,0.0,0.0,6.5,,499864.725,4819259.32
2017-08-16,E18.2,2017.0,23.19,16.835,6.355,,12.465,4.335,,,0.07,,6.355,0.0,0.0,,,,,6.355,,,,,,,,,,,,0.0,,,,,,,,,11.595,15.0,39.0,0.0,0.0,13.5,,500761.29,4818870.41
2017-08-16,C10.6,2017.0,18.10432,8.38163,9.72269,,5.3042300000000004,3.0774,,,,,9.72269,0.0,0.0,,,2.64,,8.40269,,,,,,,,,,,,0.0,,,,,,,,,9.05216,15.0,0.0,0.0,0.0,8.0,,500734.67,4818331.285
2017-08-16,E18.4,2017.0,22.932299999999998,13.1473,9.785,,9.9,3.245,,,0.0046,,9.504999999999999,0.28,0.0,,,,,9.504999999999999,,,0.56,,,,,,,,,0.11,,,0.1,0.12,,,,,11.521149999999999,15.5,27.0,0.0,0.0,11.0,,501238.335,4818712.165
2017-08-17,E60.2,2017.0,31.069199999999995,29.169199999999996,1.9000000000000001,2.8850000000000002,13.575,12.5,,,0.2092,,1.8150000000000002,0.085,0.0,,,,,1.8150000000000002,,,0.17,,,,,,,,,7.139999999999999,,0.07,2.61,4.484999999999999,0.02,,,,19.104599999999998,15.0,1.0,7.5,0.0,11.5,,488290.725,4798056.44
2017-08-17,E60.5,2017.0,12.0059,8.015899999999998,3.99,0.07,0.6499999999999999,7.324999999999999,,,0.0118,,3.535,0.455,0.0,,,,,3.535,,,0.455,,,,,,,,,0.235,,,,0.235,,,,,6.12045,15.0,0.5,1.0,0.0,10.0,,489045.615,4798033.19
2017-08-17,L4.2,2017.0,23.952650000000002,21.910000000000004,2.04265,9.17,5.345,11.97,,,0.02,,0.38265,1.6600000000000001,0.0,,,,,0.38265,,,1.6600000000000001,,,,,,,,,0.0,,,,,,,,,11.976325000000001,15.0,5.5,2.5,0.0,12.5,,488699.52,4798880.98
2017-08-17,L4.6,2017.0,26.720000000000002,25.085,1.635,4.62,16.075,4.39,,,,,1.635,0.0,0.0,,,,,1.635,,,,,,,,,,,,0.0,,,,,,,,,13.360000000000001,15.0,18.0,2.0,0.0,14.5,,489517.62,4798307.475
2017-08-17,L4.8,2017.0,29.134999999999998,27.355000000000004,1.7799999999999998,0.30500000000000005,22.54,4.31,,,0.2,,1.42,0.36,0.0,,,,,1.42,,,0.72,,,,,,,,,0.0,,,,,,,,,14.567499999999999,15.0,19.5,0.0,0.0,11.0,,489928.98,4798020.465
2018-07-12,E46.2,2018.0,45.169,28.608500000000003,16.4095,2.61,9.9075,34.71,,,0.082,0.151,0.6355,15.774000000000001,,,,,,,,,,,,,,,,,,0.151,,,,,,,,,22.66,10.0,0.0,1.0,0.0,,,484499.505,4812824.065
2018-07-12,E46.5,2018.0,60.7825,28.405,32.3775,,19.726,17.198,,,0.16,,32.3775,,,,,,,,,,,,,,,,,,,,,,,,,,,,30.39125,10.0,0.0,0.0,0.0,,,485173.1,4812476.735
2018-07-12,E46.7,2018.0,47.2035,9.796,37.4075,0.129,5.5845,3.958,,,0.189,,35.541,1.8665,,,,,,,,,,,,,,,,,,,,,,,,,,,23.60175,10.0,0.0,0.0,0.0,,,485606.845,4812226.995
2018-07-13,E39.6,2018.0,124.143,121.149,2.9939999999999998,2.8449999999999998,110.17500000000001,7.76,,,0.369,,2.7825,0.21150000000000002,,,,,,,,,,,,,,,,,,,,,,,,,,,62.0715,10.0,8.0,0.0,0.0,,,495515.625,4810353.73
2018-07-13,E39.4,2018.0,66.50399999999999,50.994,15.51,2.9019999999999997,26.975,17.3385,,,3.7784999999999997,,14.1735,2.673,,,,,,,,,,,,,,,,,,,,,,,,,,,33.251999999999995,10.0,19.0,0.0,0.0,,,495193.185,4810731.685
2018-07-13,E35.3,2018.0,78.34700000000001,7.357000000000001,70.99,0.075,5.5075,1.5485,,,0.2635,,70.99,,,,,,,,,,,,,,,,,,,,,,,,,,,,39.173500000000004,10.0,5.0,0.0,0.0,,,494790.915,4812857.1
2018-07-13,E35.1,2018.0,92.5085,23.2265,69.28200000000001,7.8265,13.968499999999999,0.7540000000000001,,,0.6775,0.0,68.179,1.103,,,,,,,,,,,,,,,,,,0.0,,,,,,,,,46.25425,10.0,22.0,0.0,0.0,,,494989.12,4812396.835
2018-07-13,E33.5,2018.0,18.912,13.937000000000001,3.173,,6.722,7.215,,,,1.802,0.682,2.491,,,,,,,,,,,,,,,,,,1.802,,,,,,,,,10.357,10.0,0.0,0.0,0.0,,,495781.125,4811879.375
2018-07-13,E33.3,2018.0,45.798500000000004,30.2655,14.500499999999999,0.408,30.0615,,,,,2.065,9.4795,5.021,,,,,,,,,,,,,,,,,,2.065,,,,,,,,,23.4155,10.0,0.0,0.0,0.0,,,496240.22,4812074.5
2018-07-13,C4.4,2018.0,35.5275,8.612,26.9155,,8.612,,,,,,23.2725,3.6430000000000002,,,,,,,,,,,,,,,,,,,,,,,,,,,17.76375,10.0,0.0,0.0,0.0,,,494402.705,4811289.075
2018-07-16,C10.6,2018.0,153.95999999999998,81.892,72.068,0.329,79.05,3.323,,,2.032,,64.8425,7.225499999999999,,,,,,,,,,,,,,,,,,,,,,,,,,,76.97999999999999,10.0,6.0,0.0,0.0,,,500734.67,4818331.285
2018-07-16,L6.6,2019.0,63.892,53.523,10.369,0.315,21.917,28.822,,,2.469,,10.369,,,,,,,,,,,,,,,,,,,22.295,,,,,,,,,43.093500000000006,10.0,0.5,0.0,0.0,,,496142.935,4817562.27
2018-07-17,L8.3,2018.0,51.3665,39.672,4.193499999999999,,17.362000000000002,22.310000000000002,,,,7.501,1.896,2.2975,,,,,,,,,,,,,,,,,,7.501,,,,,,,,,29.433750000000003,10.0,15.0,0.0,0.0,,,499863.035,4824897.685
2018-07-17,E9.1,2018.0,80.10900000000001,48.0355,32.0735,,31.4,8.034500000000001,,,8.600999999999999,,30.352000000000004,3.443,,,,,,,,,,,,,,,,,,,,,,,,,,,40.054500000000004,10.0,42.0,0.0,0.0,,,498685.315,4824801.325
2018-07-17,E8.6,2018.0,104.93299999999998,92.01749999999998,10.4135,1.034,88.09149999999998,6.818,,,,5.004,5.6055,4.808,,,,,,,,,,,,,,,,,,5.004,,,,,,,,,53.71749999999999,10.0,0.0,0.0,0.0,,,497153.705,4825005.925
2018-07-17,E8.2,2018.0,83.73750000000001,80.00050000000002,3.737,0.031,77.30000000000001,2.685,,,,,3.737,,,,,,,,,,,,,,,,,,,,,,,,,,,,41.868750000000006,10.0,0.5,12.5,0.0,,,498138.77,4825071.385
2018-07-17,E8.1,2018.0,62.777,23.703,39.074,,11.757,11.946,,,,,35.945,3.129,,,,,,,,,,,,,,,,,,,,,,,,,,,31.3885,10.0,4.5,0.0,0.0,,,498397.175,4825093.895
2018-07-17,L7.6,2018.0,55.531000000000006,48.8815,5.127,0.9500000000000001,43.793499999999995,4.138,,,,3.045,4.7825,0.689,,,,,,,,,,,,,,,,,,3.045,,,,,,,,,28.52675,10.0,29.0,0.0,0.0,,,496378.77,4825476.695
2018-07-17,E7.4,2018.0,53.06,28.295,24.751,,7.66,20.613,,,0.044,0.028,23.0835,3.335,,,,,,,,,,,,,,,,,,0.028,,,,,,,,,26.537,10.0,1.5,0.0,0.0,,,499331.725,4824705.485
2018-07-17,E18.2,2018.0,60.11,57.7485,2.3615,,50.075,7.474500000000001,,,0.19899999999999998,,2.3615,,,,,,,,,,,,,,,,,,,,,,,,,,,,30.055,10.0,0.0,0.0,0.0,,,500761.29,4818870.41
2018-07-17,E10.3,2018.0,29.891000000000002,17.833000000000002,11.44,0.006,3.188,14.199,,,0.44,0.618,0.495,10.945,,,,,,,,,,,,,,,,,,0.618,,,,,,,,,15.2545,10.0,0.0,0.0,0.0,,,499598.745,4823337.42
2018-07-17,C10.1,2018.0,71.645,42.685,28.96,,33.379999999999995,9.186499999999999,,,0.1185,,28.96,,,,,,,,,,,,,,,,,,,,,,,,,,,,35.8225,10.0,0.0,0.0,0.0,,,499864.725,4819259.32
2018-07-17,E7.5,2018.0,71.67150000000001,7.4620000000000015,64.20949999999999,,2.754,4.5895,,,0.1185,,60.205,4.0045,,,,,,,,,,,,,,,,,,,,,,,,,,,35.835750000000004,10.0,0.0,0.0,0.0,,,499400.105,4824461.605
2018-07-18,L8.8,2018.0,50.568,45.8635,3.419,0.039,75.48,7.4815000000000005,,,0.6225,2.571,6.838,,,,,,,,,,,,,,,,,,,2.571,,,,,,,,,25.92675,10.0,0.5,0.0,0.0,,,500727.58,4823992.515
2018-07-18,L6.6,2018.0,72.2675,37.5535,34.714,1.69,7.853,25.3995,,,3.456,,34.714,,,,,,,,,,,,,,,,,,,,,,,,,,,,36.13375,10.0,0.5,0.0,0.0,,,496142.935,4817562.27
2018-07-18,E9.2,2018.0,39.0165,36.0995,2.917,,25.786,10.109,,,0.2045,,2.8095,0.1075,,,,,,,,,,,,,,,,,,,,,,,,,,,19.50825,10.0,0.0,10.0,0.0,,,498708.65,4824545.78
2018-07-18,E33.5,2018.0,74.344,40.377,15.546,,38.749,1.628,,,,18.421,14.484,1.062,,,,,,,,,,,,,,,,,,18.421,,,,,,,,,46.38249999999999,10.0,0.0,0.0,0.0,,,495781.125,4811879.375
2018-07-18,E23.2,2018.0,26.1045,23.1515,2.953,,6.3084999999999996,16.843,,,,,1.1075,3.691,,,,,,,,,,,,,,,,,,,,,,,,,,,13.05225,10.0,1.5,0.0,0.0,,,496881.27,4816921.76
2018-07-18,E22.8,2018.0,59.421499999999995,8.751000000000001,50.6705,,,8.4815,,,0.2695,,40.345,10.3255,,,,,,,,,,,,,,,,,,,,,,,,,,,29.710749999999997,10.0,11.5,0.0,0.0,,,498016.59,4817003.05
2018-07-18,E22.6,2018.0,28.515499999999996,1.392,27.1235,,0.9570000000000001,0.407,,,0.2315,,24.805,2.3185000000000002,,,,,,,,,,,,,,,,,,,,,,,,,,,14.257749999999998,10.0,0.0,0.0,0.0,,,497631.145,4817312.795
2018-07-18,E10.3,2018.0,54.669,20.526999999999997,26.236,,10.382,9.579,,,0.566,7.906,8.39,17.846,,,,,,,,,,,,,,,,,,7.906,,,,,,,,,31.287499999999998,10.0,0.0,0.0,0.0,,,499598.745,4823337.42
2018-07-18,E23.4,2018.0,31.1595,8.765500000000001,22.394,0.036,2.383,5.4545,,,0.91,,22.136499999999998,0.2575,,,,,,,,,,,,,,,,,,,,,,,,,,,15.57975,10.0,3.5,0.0,0.0,,,497350.38,4816755.25
2018-07-19,L5.2,2018.0,25.62,9.0965,14.271,,6.6610000000000005,2.4355,,,,2.2525,1.095,13.7235,,,,,,,,,,,,,,,,,,2.2525,,,,,,,,,13.936250000000001,10.0,0.0,0.0,0.0,,,494747.95,4816285.835
2018-07-19,L4.2,2018.0,44.6015,20.679,23.9225,0.207,7.2435,26.554,,,0.055,25.709,1.807,9.261000000000001,,,,,,,,,,,,,,,,,,25.709,,,,,,,,,28.728,10.0,0.5,0.0,0.0,,,488699.52,4798880.98
2018-07-19,E51.4,2018.0,57.369,43.883,13.486,1.4834999999999998,15.955,26.282,,,0.1625,0.0,12.826,0.66,,,,,,,,,,,,,,,,,,0.0,,,,,,,,,28.6845,10.0,0.0,0.0,0.0,,,491835.395,4803744.0
2018-07-19,E51.1,2018.0,94.0745,3.3195,90.755,0.6835,4.575,,,,0.697,,90.755,,,,,,,,,,,,,,,,,,,,,,,,,,,,47.03725,10.0,0.0,0.0,0.0,,,492395.16,4804248.775
2018-07-19,E51.3,2018.0,30.786,27.421,3.3649999999999998,0.241,18.4265,8.687000000000001,,,0.0665,,0.6045,2.7605,,,,,,,,,,,,,,,,,,,,,,,,,,,15.393,10.0,0.0,18.0,0.0,,,492009.775,4803930.33
2018-07-19,C9.6,2018.0,64.21199999999999,51.39699999999999,12.815,,34.954499999999996,15.681,,,0.7615,,12.815,,,,,,,,,,,,,,,,,,,,,,,,,,,,32.105999999999995,10.0,0.0,0.0,0.0,,,498815.4,4816563.83
2018-07-19,C9.1,2018.0,77.10750000000002,37.347,39.7605,,4.683,30.21,,,2.4539999999999997,,39.3095,0.45099999999999996,,,,,,,,,,,,,,,,,,,,,,,,,,,38.55375000000001,10.0,0.0,0.0,0.0,,,498787.335,4815312.395
2018-07-19,C2.7,2018.0,27.4105,23.738999999999997,3.4139999999999997,,18.014499999999998,5.7245,,,,0.515,1.9245,1.4895,,,,,,,,,,,,,,,,,,0.515,,,,,,,,,13.834,10.0,0.0,1.0,0.0,,,490406.685,4812356.03
2018-07-19,E22.2,2018.0,33.916000000000004,30.778,3.138,6.889,20.9555,2.047,,,1.91,,3.138,,,,,,,,,,,,,,,,,,,,,,,,,,,,16.958000000000002,10.0,5.0,15.0,0.0,,,496850.285,4817941.085
2018-07-23,E21.8,2018.0,60.3375,26.088,34.2495,,22.985,3.064,,,0.078,,27.0,7.2495,,,,,,,,,,,,,,,,,,,,,,,,,,,30.16875,10.0,0.0,0.0,0.0,,,499122.24,4816264.635
2018-07-23,E23.8,2018.0,69.716,46.4975,23.218500000000002,,13.5505,61.4,,,2.247,,16.5025,6.716,,,,,,,,,,,,,,,,,,,,,,,,,,,34.858,10.0,0.0,0.0,0.0,,,498290.095,4816413.415
2018-07-24,E52.4,2018.0,85.349,47.89,23.7535,3.592,26.773,19.3115,,,0.019,27.411,14.819,8.9345,,,,,,,,,,,,,,,,,,27.411,,,,,,,,,49.527249999999995,10.0,0.0,2.5,0.0,,,488389.87,4803157.49
2018-07-24,E52.2,2018.0,36.9075,11.1545,25.753,0.47700000000000004,4.582000000000001,12.053,,,0.069,,22.635,6.236,,,,,,,,,,,,,,,,,,,,,,,,,,,18.45375,10.0,19.5,0.0,0.0,,,487894.55,4803210.47
2018-07-24,E49.3,2018.0,50.51050000000001,37.19,11.427499999999998,0.161,34.1125,2.912,,,0.009,3.786,4.415,7.0125,,,,,,,,,,,,,,,,,,3.786,,,,,,,,,26.201750000000004,10.0,0.0,0.0,0.0,,,491638.905,4805495.165
2018-07-24,E49.1,2018.0,141.395,114.3,27.095,,114.3,,,,,,10.5905,16.5045,,,,,,,,,,,,,,,,,,,,,,,,,,,70.6975,10.0,0.0,0.0,0.0,,,492121.125,4805582.195
2018-07-24,E52.1,2018.0,24.3855,17.433500000000002,3.2415,,16.5395,0.854,,,0.08,7.421,2.0869999999999997,1.1545,,,,,,,,,,,,,,,,,,7.421,,,,,,,,,14.047999999999998,10.0,0.0,0.5,0.0,,,487645.49,4803208.29
2018-07-24,E52.1,2018.0,24.3855,17.433500000000002,3.2415,,16.5395,0.854,,,0.08,7.421,2.0869999999999997,1.1545,,,,,,,,,,,,,,,,,,7.421,,,,,,,,,14.047999999999998,10.0,0.0,0.5,0.0,,,487645.49,4803208.29
2018-07-25,E60.2,2018.0,71.16499999999999,55.159499999999994,16.0055,13.081000000000001,29.386499999999998,12.6105,,,0.0815,,14.847999999999999,1.1575,,,,,,,,,,,,,,,,,,,,,,,,,,,35.582499999999996,10.0,6.5,0.0,0.0,,,488290.725,4798056.44
2018-07-25,E60.5,2018.0,51.7195,23.029,28.690500000000004,,11.889500000000002,11.128,,,0.023,,28.464000000000002,0.453,,,,,,,,,,,,,,,,,,,,,,,,,,,25.85975,10.0,3.5,5.0,0.0,,,489045.615,4798033.19
2018-07-25,L4.6,2018.0,80.53300000000002,54.89,25.643,9.578,36.657,8.5105,,,0.1445,,24.197,1.4460000000000002,,,,,,,,,,,,,,,,,,,,,,,,,,,40.26650000000001,10.0,0.0,0.0,0.0,,,489517.62,4798307.475
2018-07-25,L4.8,2018.0,46.36399999999999,32.330999999999996,13.877499999999998,1.3165,12.965,15.632000000000001,,,2.4175,0.311,9.331999999999999,4.5455,,,,,,,,,,,,,,,,,,0.311,,,,,,,,,23.259749999999997,10.0,1.0,15.0,0.0,,,489928.98,4798020.465
2018-07-25,L5.7,2018.0,47.411,32.159,15.252,,24.5585,7.6005,,,,,0.6134999999999999,14.6385,,,,,,,,,,,,,,,,,,,,,,,,,,,23.7055,10.0,2.5,0.0,0.0,,,493835.31,4817146.37
2019-07-15,L4.2,2019.0,60.827,48.039,12.788,13.199,6.853,23.883,,,4.104,,12.788,,,,,,,,,,,,,,,,,,,4.651,,,,,,,,,32.739,13.0,16.0,3.5,0.0,,,488699.52,4798880.98
2019-07-15,E60.5,2019.0,58.22200000000001,20.552,37.67,,11.725000000000001,8.782,,,0.045,,37.67,,,,,,,,,,,,,,,,,,,0.7060000000000001,,,,,,,,,29.464,13.0,0.0,0.0,0.0,,,489045.615,4798033.19
2019-07-15,E21.8,2019.0,123.01400000000001,92.51,30.504,,87.12,5.306,,,0.084,,22.51,7.994,,,,,,,,,,,,,,,,,,22.148,,,,,,,,,72.581,13.0,0.0,0.0,0.0,,,499122.24,4816264.635
2019-07-15,E60.2,2019.0,34.768,27.7115,7.0565,0.438,17.2395,10.1755,,,0.155,,2.436,4.6205,,,,,,,,,,,,,,,,,,5.101,,,,,,,,,19.9345,13.0,9.0,3.0,0.0,,,488290.725,4798056.44
2019-07-16,E22.2,2019.0,94.02199999999999,91.459,2.563,53.132,35.974999999999994,4.655,,,0.049,,2.563,,,,,,,,,,,,,,,,,,,7.105499999999999,,,,,,,,,50.56375,13.0,0.0,6.0,0.0,,,496850.285,4817941.085
2019-07-16,L7.6,2019.0,33.994499999999995,23.813499999999998,5.1114999999999995,0.1405,12.588,10.872,,,0.426,5.069500000000001,1.6105,3.501,,,,,,,,,,,,,,,,,,8.223,,,,,,,,,21.108749999999997,13.0,0.0,0.0,0.0,,,496378.77,4825476.695
2019-07-16,L7.1,2019.0,31.8895,25.351,6.5385,,10.071,30.56,,,,,1.057,6.01,,,,,,,,,,,,,,,,,,10.7215,,,,,,,,,21.305500000000002,13.0,0.0,1.5,0.0,,,497625.725,4825445.76
2019-07-16,L6.6,2019.0,50.496,40.024,10.472,0.054,14.352,25.068,,,0.55,,10.472,,,,,,,,,,,,,,,,,,,7.852,,,,,,,,,29.174,13.0,6.0,0.0,0.0,,,496142.935,4817562.27
2019-07-16,L4.6,2019.0,65.0085,53.971500000000006,11.036999999999999,26.988500000000002,20.7075,6.187,,,0.0885,,4.869,6.168,,,,,,,,,,,,,,,,,,10.519,,,,,,,,,37.76375,13.0,22.0,0.0,0.0,,,489517.62,4798307.475
2019-07-16,L4.2,2019.0,49.208999999999996,42.586999999999996,6.622,10.289,6.79,20.843,,,4.665,,6.063,0.559,,,,,,,,,,,,,,,,,,,,,,,,,,,24.604499999999998,13.0,16.0,3.5,0.0,,,488699.52,4798880.98
2019-07-16,E9.2,2019.0,41.488,36.0665,5.4215,0.322,16.346,19.5285,,,0.062,,4.364,1.0575,,,,,,,,,,,,,,,,,,7.9795,,,,,,,,,24.73375,13.0,17.5,0.0,0.0,,,498708.65,4824545.78
2019-07-16,E8.2,2019.0,62.67850000000001,53.761500000000005,4.1905,8.45,41.207,3.221,,,10.217,9.453,0.8634999999999999,6.654,,,,,,,,,,,,,,,,,,2.0869999999999997,,,,,,,,,32.38275,13.0,0.0,1.0,0.0,,,498138.77,4825071.385
2019-07-16,E8.1,2019.0,148.219,100.48250000000002,47.73649999999999,,97.355,3.1275,,,,,41.739999999999995,5.9965,,,,,,,,,,,,,,,,,,18.336,,,,,,,,,83.2775,13.0,12.5,0.0,0.0,,,498397.175,4825093.895
2019-07-16,E52.4,2019.0,43.207499999999996,12.4995,30.3065,0.592,4.5105,7.693,,,,0.803,0.224,30.194499999999998,,,,,,,,,,,,,,,,,,0.445,,,,,,,,,21.715,13.0,0.5,0.0,0.0,,,488389.87,4803157.49
2019-07-16,E9.1,2019.0,116.685,87.0755,29.609499999999997,,62.67,10.733,,,13.6725,,29.609499999999997,,,,,,,,,,,,,,,,,,,9.502,,,,,,,,,63.0935,13.0,4.5,0.0,0.0,,,498685.315,4824801.325
2019-07-16,E52.1,2019.0,36.138,22.896,4.6610000000000005,,22.0715,0.8045,,,0.02,17.162,3.9605,0.7005,,,,,,,,,,,,,,,,,,5.279,,,,,,,,,20.708499999999997,13.0,0.0,1.0,0.0,,,487645.49,4803208.29
2019-07-16,E52.1,2019.0,36.138,22.896,4.6610000000000005,,22.0715,0.8045,,,0.02,17.162,3.9605,0.7005,,,,,,,,,,,,,,,,,,5.279,,,,,,,,,20.708499999999997,13.0,0.0,1.0,0.0,,,487645.49,4803208.29
2019-07-16,E52.2,2019.0,65.565,48.176500000000004,17.3885,0.183,37.175,7.423,,,3.3955,,17.162499999999998,0.226,,,,,,,,,,,,,,,,,,9.4785,,,,,,,,,37.52175,13.0,24.0,0.0,0.0,,,487894.55,4803210.47
2019-07-16,E22.8,2019.0,127.973,51.228500000000004,76.7445,,,43.298500000000004,,,7.93,,56.8845,39.72,,,,,,,,,,,,,,,,,,1.756,,,,,,,,,64.86449999999999,13.0,0.0,0.0,0.0,,,498016.59,4817003.05
2019-07-16,E23.2,2019.0,21.3465,19.0745,2.2720000000000002,,9.306000000000001,9.7685,,,,,0.9249999999999999,2.694,,,,,,,,,,,,,,,,,,2.654,,,,,,,,,12.000250000000001,13.0,5.5,0.0,0.0,,,496881.27,4816921.76
2019-07-16,E23.4,2019.0,62.18,48.033,14.147000000000002,,15.075,29.581000000000003,,,10.9145,,12.611,3.072,,,,,,,,,,,,,,,,,,6.3294999999999995,,,,,,,,,34.25475,13.0,10.0,0.0,0.0,,,497350.38,4816755.25
2019-07-16,E23.8,2019.0,78.171,41.827000000000005,36.344,,27.341,12.838,,,1.648,,35.76,0.584,,,,,,,,,,,,,,,,,,5.389,,,,,,,,,41.78,13.0,-0.5,-0.5,-0.5,,,498290.095,4816413.415
2019-07-16,E22.6,2019.0,136.11849999999998,87.27799999999999,48.840500000000006,78.27,,0.096,,,48.095,,39.83,9.0105,,,,,,,,,,,,,,,,,,,,,,,,,,,68.05924999999999,13.0,0.0,0.0,0.0,,,497631.145,4817312.795
2019-07-16,E51.1,2019.0,121.2625,98.474,22.7885,35.6555,37.266,,,,25.552500000000002,,22.5865,0.404,,,,,,,,,,,,,,,,,,4.2245,,,,,,,,,62.7435,13.0,0.0,0.0,0.0,,,492395.16,4804248.775
2019-07-16,E51.3,2019.0,36.067499999999995,21.625999999999998,13.8935,15.088,1.8335,3.59,,,-0.3855,-0.452,10.863,2.5305,-1.0,-1.0,-1.0,-1.0,-1.0,-1.0,-1.0,-1.0,-1.0,-1.0,-1.0,-1.0,-1.0,-1.0,-1.0,-1.0,-1.0,3.335,-1.0,-1.0,-1.0,-1.0,-1.0,-1.0,-1.0,-1.0,19.701249999999998,13.0,6.5,4.5,0.0,,,492009.775,4803930.33
2019-07-16,E51.4,2019.0,58.069,49.211999999999996,5.84,0.21100000000000002,33.861999999999995,15.139,,,,6.034,0.888,5.396,,,,,,,,,,,,,,,,,,14.461500000000001,,,,,,,,,36.265249999999995,13.0,0.0,6.25,0.0,,,491835.395,4803744.0
2019-07-16,E39.4,2019.0,63.601,42.621,20.979999999999997,,39.99,1.65,,,0.981,,20.586,0.394,,,,,,,,,,,,,,,,,,6.868,,,,,,,,,35.2345,13.0,0.0,0.0,0.0,,,495193.185,4810731.685
2019-07-17,E46.7,2019.0,38.406499999999994,24.01,14.3965,,9.516,7.576499999999999,,,6.9175,,7.1594999999999995,7.237,,,,,,,,,,,,,,,,,,0.6365000000000001,,,,,,,,,19.521499999999996,13.0,0.5,0.0,0.0,,,485606.845,4812226.995
2019-07-17,L8.8,2019.0,36.3245,29.9235,6.401,,15.3705,12.0055,,,5.095,,6.401,,,,,,,,,,,,,,,,,,,8.999500000000001,,,,,,,,,22.662,13.0,12.0,2.0,0.0,,,500727.58,4823992.515
2019-07-17,L5.2,2019.0,20.646,7.214,10.902000000000001,,3.809,3.405,,,,2.53,0.852,10.05,,,,,,,,,,,,,,,,,,1.191,,,,,,,,,10.9185,13.0,0.0,0.0,0.0,,,494747.95,4816285.835
2019-07-17,E7.5,2019.0,95.0975,14.1625,80.935,,23.266,4.955,,,0.052,,77.44,3.495,,,,,,,,,,,,,,,,,,0.42200000000000004,,,,,,,,,47.75975,13.0,0.0,0.0,0.0,,,499400.105,4824461.605
2019-07-17,E7.4,2019.0,40.2575,17.591,9.2255,,8.532,8.9995,,,0.119,26.882,4.733499999999999,4.492,,,,,,,,,,,,,,,,,,3.9815000000000005,,,,,,,,,22.119500000000002,13.0,3.5,0.0,0.0,,,499331.725,4824705.485
2019-07-17,E7.2,2019.0,157.318,149.188,7.596000000000001,51.055,97.13499999999999,,,,0.998,1.068,0.357,7.239000000000001,,,,,,,,,,,,,,,,,,7.3180000000000005,,,,,,,,,82.31800000000001,13.0,0.0,0.0,0.0,,,499217.33,4825202.565
2019-07-17,E49.3,2019.0,82.4275,68.604,13.8235,12.074,53.055,2.646,,,4.304,,5.899,7.9245,,,,,,,,,,,,,,,,,,3.785,,,,,,,,,43.106249999999996,13.0,0.0,16.5,0.0,,,491638.905,4805495.165
2019-07-17,E49.1,2019.0,169.9195,159.185,10.7345,,159.185,,,,,,1.4535,9.281,,,,,,,,,,,,,,,,,,23.063499999999998,,,,,,,,,96.4915,13.0,0.0,0.0,0.0,,,492121.125,4805582.195
2019-07-17,E46.5,2019.0,76.878,35.093500000000006,41.784499999999994,,26.467000000000002,4.818,,,3.8084999999999996,,39.683,2.1015,,,,,,,,,,,,,,,,,,6.061,,,,,,,,,41.469500000000004,13.0,0.0,0.0,0.0,,,485173.1,4812476.735
2019-07-17,E46.2,2019.0,71.646,37.09,34.556,0.24,10.944500000000001,25.738999999999997,,,0.16649999999999998,,14.836500000000001,19.7195,,,,,,,,,,,,,,,,,,9.440999999999999,,,,,,,,,40.5435,13.0,0.5,0.0,0.0,,,484499.505,4812824.065
2019-07-17,E39.6,2019.0,93.37899999999999,93.191,0.188,,73.515,19.6535,,,0.022500000000000003,,0.188,,,,,,,,,,,,,,,,,,,8.4765,,,,,,,,,50.927749999999996,13.0,0.5,0.0,0.0,,,495515.625,4810353.73
2019-07-17,C2.7,2019.0,38.129999999999995,23.158,6.2175,,9.623000000000001,13.535,,,,8.7545,0.7645,5.453,,,,,,,,,,,,,,,,,,4.469,,,,,,,,,21.299500000000002,13.0,0.0,0.0,0.0,,,490406.685,4812356.03
2019-07-17,C4.4,2019.0,42.45700000000001,33.011,9.446000000000002,,24.247999999999998,17.526,,,,,3.0805000000000002,6.3655,,,,,,,,,,,,,,,,,,12.547,,,,,,,,,27.502000000000002,13.0,4.0,2.5,0.0,,,494402.705,4811289.075
2019-07-17,C9.6,2019.0,99.38550000000001,62.6505,36.735,,33.6,28.036,,,1.0145,,36.735,,,,,,,,,,,,,,,,,,,17.4695,,,,,,,,,58.4275,13.0,0.0,0.0,0.0,,,498815.4,4816563.83
2019-07-17,E10.3,2019.0,11.586,4.4415,4.4275,,5.341,1.7710000000000001,,,,5.434,0.358,4.2485,,,,,,,,,,,,,,,,,,0.661,,,,,,,,,6.1235,13.0,0.0,0.0,0.0,,,499598.745,4823337.42
2019-07-17,E21.8,2019.0,163.451,144.272,19.179000000000002,,142.62,1.218,,,0.434,,17.483,1.696,,,,,,,,,,,,,,,,,,12.041,,,,,,,,,87.746,13.0,0.0,0.0,0.0,,,499122.24,4816264.635
2019-07-17,E23.8,2019.0,138.866,121.54100000000001,17.325,0.966,37.27,79.56,,,3.745,,17.325,,,,,,,,,,,,,,,,,,,70.2,,,,,,,,,104.53300000000002,13.0,-0.5,-0.5,-0.5,,,498290.095,4816413.415
2019-07-17,E39.4,2019.0,61.980000000000004,55.57,6.41,,42.17,13.021,,,0.379,,6.41,,,,,,,,,,,,,,,,,,,28.958,,,,,,,,,45.469,13.0,0.0,0.0,0.0,,,495193.185,4810731.685
2019-07-18,E35.1,2019.0,52.05550000000001,44.025999999999996,8.0295,,28.000999999999998,15.6325,,,0.785,,7.9295,0.2,,,,,,,,,,,,,,,,,,6.4795,,,,,,,,,29.267500000000005,13.0,42.5,0.0,0.0,,,494989.12,4812396.835
2019-07-18,L5.7,2019.0,73.17750000000001,53.173,19.958,17.926000000000002,28.2455,5.9825,,,1.019,0.093,8.7455,11.212499999999999,,,,,,,,,,,,,,,,,,2.511,,,,,,,,,37.84425,13.0,0.0,16.0,0.0,,,493835.31,4817146.37
2019-07-18,L5.2,2019.0,92.97500000000001,48.735,13.200000000000001,,40.57,8.165,,,,31.04,1.566,11.634,,,,,,,,,,,,,,,,,,8.823,,,,,,,,,50.899,13.0,0.0,0.0,0.0,,,494747.95,4816285.835
2019-07-18,E39.1,2019.0,44.19049999999999,18.475,25.715500000000002,,13.578,4.897,,,,,5.1205,20.595,,,,,,,,,,,,,,,,,,5.0765,,,,,,,,,24.633499999999994,13.0,7.5,7.5,0.0,,,494729.025,4811324.255
2019-07-18,E35.3,2019.0,47.916,42.266,5.65,0.064,27.431,11.331,,,3.44,,5.65,,,,,,,,,,,,,,,,,,,6.727,,,,,,,,,27.3215,13.0,0.0,0.0,0.0,,,494790.915,4812857.1
2019-07-18,E33.5,2019.0,34.385999999999996,23.6935,6.4915,0.619,15.629,15.51,,,,4.2010000000000005,3.741,4.621,,,,,,,,,,,,,,,,,,3.181,,,,,,,,,18.7835,13.0,0.0,0.0,0.0,,,495781.125,4811879.375
2019-07-18,E18.4,2019.0,71.18,48.89500000000001,22.285,5.508,39.2,3.039,,,1.148,,20.956,1.329,,,,,,,,,,,,,,,,,,14.006,,,,,,,,,42.593,13.0,10.0,4.0,0.0,,,501238.335,4818712.165
2019-07-18,E18.2,2019.0,53.05,49.694,3.356,,46.4,3.294,,,,,3.274,0.164,,,,,,,,,,,,,,,,,,13.155000000000001,,,,,,,,,33.1025,13.0,5.5,2.5,0.0,,,500761.29,4818870.41
2019-07-18,C4.8,2019.0,24.505,7.082000000000001,17.423,,0.118,7.023000000000001,,,,,16.0865,2.673,,,,,,,,,,,,,,,,,,4.4205,,,,,,,,,14.462750000000002,13.0,4.5,0.25,0.0,,,494403.85,4812287.15
2019-07-18,C10.6,2019.0,114.48,105.429,9.051,,99.5,0.281,,,5.648,,9.051,,,,,,,,,,,,,,,,,,,32.41,,,,,,,,,73.445,13.0,0.0,0.0,0.0,,,500734.67,4818331.285
2019-07-18,C10.1,2019.0,68.202,59.584,8.618,,38.995000000000005,19.7845,,,0.8045,,8.618,,,,,,,,,,,,,,,,,,,17.2035,,,,,,,,,42.702749999999995,13.0,17.5,0.5,0.0,,,499864.725,4819259.32
2019-07-18,E33.3,2019.0,41.603,32.177,3.608,,30.954500000000003,1.2225000000000001,,,,5.818,0.10400000000000001,3.504,,,,,,,,,,,,,,,,,,10.400500000000001,,,,,,,,,26.00175,13.0,0.0,0.0,0.0,,,496240.22,4812074.5
2019-07-19,E18.8,2019.0,110.63799999999999,106.56349999999999,4.0745000000000005,49.370000000000005,49.763999999999996,6.3485000000000005,,,1.081,,4.0745000000000005,,,,,,,,,,,,,,,,,,,11.0515,,,,,,,,,60.84475,13.0,0.0,11.0,0.0,,,502182.595,4818394.555
2019-07-19,C10.6,2019.0,103.90999999999998,103.31299999999999,0.597,,101.99,1.323,,,,,0.597,,,,,,,,,,,,,,,,,,,19.388,,,,,,,,,61.648999999999994,13.0,0.0,0.0,0.0,,,500734.67,4818331.285
2019-07-19,E18.4,2019.0,102.512,63.012,39.5,0.677,49.64,11.533,,,1.162,,39.5,,,,,,,,,,,,,,,,,,,4.065,,,,,,,,,53.2885,13.0,10.0,4.0,0.0,,,501238.335,4818712.165
2019-07-22,E35.3,2019.0,112.418,111.873,0.5449999999999999,,110.65,0.69,,,0.533,,0.351,0.194,,,,,,,,,,,,,,,,,,26.592,,,,,,,,,69.505,13.0,0.0,0.0,0.0,,,494790.915,4812857.1
2021-07-08,E60.2,2021.0,24.7235,19.115000000000002,5.608499999999999,,16.9725,,2.1425,,,,0.0665,5.542,,,,,,,,,,,,,,,,,,1.7175,,,,,,,,,13.2205,18.0,0.5,17.5,0.0,,,488290.725,4798056.44
2021-07-08,E60.5,2021.0,31.377499999999998,31.314500000000002,0.063,0.01,23.5555,,7.4565,0.2975,,,,0.126,,,,,,,,,,,,,,,,,,3.3165,,,,,,,,,17.347,18.0,22.5,0.0,0.0,,,489045.615,4798033.19
2021-07-08,L4.8,2021.0,28.1325,24.965000000000003,1.6965,0.324,19.7595,,3.3729999999999998,1.47,0.401,1.471,1.2269999999999999,0.939,,,,,,,,,,,,,,,,,,1.1735,,,,,,,,,14.653000000000002,18.0,8.5,0.0,0.0,,,489928.98,4798020.465
2021-07-14,E51.1,2021.0,32.594500000000004,31.499000000000002,1.0955,4.045,27.6755,,3.602,,,,0.044,2.147,,,,,,,,,,,,,,,,,,1.2395,,,,,,,,,16.917,18.0,0.0,0.0,0.0,,,492395.16,4804248.775
2021-07-14,E39.6,2021.0,12.3725,12.3725,0.0,,11.7865,,0.362,0.448,,,,,,,,,,,,,,,,,,,,,,21.9855,,,,,,,,,17.179000000000002,18.0,0.0,0.0,0.0,,,495515.625,4810353.73
2021-07-14,E51.4,2021.0,35.28,32.0935,3.0860000000000003,0.066,30.1665,,3.788,,,0.201,0.084,3.044,,,,,,,,,,,,,,,,,,7.404,,,,,,,,,21.342,18.0,1.5,16.0,0.0,,,491835.395,4803744.0
2021-07-14,E51.3,2021.0,19.563,8.043,11.52,,7.414000000000001,,1.258,,,,,11.52,,,,,,,,,,,,,,,,,,1.5274999999999999,,,,,,,,,10.54525,18.0,0.0,0.0,0.0,,,492009.775,4803930.33
2021-07-14,L4.2,2021.0,30.623499999999996,25.168499999999995,5.455,0.773,22.18,,3.618,0.346,0.23349999999999999,,,10.91,,,,,,,,,,,,,,,,,,1.537,,,,,,,,,16.08025,18.0,2.5,0.0,0.0,,,488699.52,4798880.98
2021-07-14,E39.4,2021.0,27.767500000000002,27.218000000000004,0.0,,20.230500000000003,,4.29,5.284,0.0555,1.099,,,,,,,,,,,,,,,,,,,,19.698,,,,,,,,,23.732750000000003,18.0,0.0,0.0,0.0,,,495193.185,4810731.685
2021-07-14,E35.1,2021.0,16.768,16.606,0.162,,14.6515,,2.034,0.9055,0.064,,,0.162,,,,,,,,,,,,,,,,,,4.3215,,,,,,,,,10.544749999999999,18.0,20.5,0.0,0.0,,,494989.12,4812396.835
2021-07-14,C4.4,2021.0,16.933999999999997,10.851500000000001,5.5169999999999995,,10.711,,0.281,,,1.131,0.069,5.4825,,,,,,,,,,,,,,,,,,2.6054999999999997,,,,,,,,,9.76975,18.0,0.0,6.5,0.0,,,494402.705,4811289.075
2021-07-14,E33.3,2021.0,15.043499999999998,6.0280000000000005,5.728999999999999,,6.0280000000000005,,,,,6.573,,5.728999999999999,,,,,,,,,,,,,,,,,,4.412,,,,,,,,,8.624749999999999,18.0,0.0,1.5,0.0,,,496240.22,4812074.5
2021-07-14,E39.1,2021.0,13.421000000000001,11.162,2.2590000000000003,,10.608,,1.108,,,,,2.2590000000000003,,,,,,,,,,,,,,,,,,1.285,,,,,,,,,7.031750000000001,18.0,0.0,2.5,0.0,,,494729.025,4811324.255
2021-07-14,E33.8,2021.0,21.462,21.462,0.0,,16.092,,5.37,,,,,,,,,,,,,,,,,,,,,,,5.122,,,,,,,,,13.292000000000002,18.0,26.0,10.0,0.0,,,495080.14,4811620.305
2021-07-14,E33.5,2021.0,10.398,4.398,1.7675,,4.398,,,,,4.2325,,1.7675,,,,,,,,,,,,,,,,,,0.899,,,,,,,,,5.6485,18.0,0.0,3.0,0.0,,,495781.125,4811879.375
2021-07-15,E22.2,2021.0,17.645500000000002,17.2745,0.371,4.3535,12.5045,,0.746,,0.0435,,0.23249999999999998,0.277,,,,,,,,,,,,,,,,,,6.7925,,,,,,,,,12.219,18.0,0.0,11.5,0.0,,,496850.285,4817941.085
2021-07-15,E22.6,2021.0,12.1114,11.8208,0.29059999999999997,0.0915,4.912666666666667,,1.0,1.8313333333333333,8.92225,,,0.7264999999999999,,,,,,,,,,,,,,,,,,1.7224,,,,,,,,,6.9169,18.0,0.0,0.0,0.0,,,497631.145,4817312.795
2021-07-15,E22.8,2021.0,13.22025,12.722750000000001,0.49749999999999994,,4.184,,3.4405,7.191249999999999,1.71925,,0.041,0.9744999999999999,,,,,,,,,,,,,,,,,,5.995666666666668,,,,,,,,,8.8585,18.0,0.0,0.0,0.0,,,498016.59,4817003.05
2021-07-15,E52.4,2021.0,3.48,2.29475,1.18525,,1.77175,,0.523,,,,,1.18525,,,,,,,,,,,,,,,,,,0.4425,,,,,,,,,1.96125,18.0,0.0,6.0,0.0,,,488389.87,4803157.49
2021-07-15,L4.6,2021.0,20.435000000000002,20.2805,0.1545,4.6745,14.7585,,1.695,,,,0.009000000000000001,0.291,,,,,,,,,,,,,,,,,,2.069,,,,,,,,,11.252,18.0,1.0,0.0,0.0,,,489517.62,4798307.475
2021-07-15,L6.6,2021.0,14.502000000000002,14.477,0.025,0.166,1.268,,13.126000000000001,,,,,0.05,,,,,,,,,,,,,,,,,,6.452,,,,,,,,,10.477,18.0,7.0,0.0,0.0,,,496142.935,4817562.27
2021-07-15,E52.2,2021.0,48.21999999999999,47.76299999999999,0.45699999999999996,1.2455,45.768499999999996,,0.165,1.333,,,,0.45699999999999996,,,,,,,,,,,,,,,,,,2.35975,,,,,,,,,25.289874999999995,18.0,2.0,0.0,0.0,,,487894.55,4803210.47
2021-07-19,E46.7,2021.0,23.672000000000004,22.259,1.413,,17.3465,,4.9125,,,,,1.413,,,,,,,,,,,,,,,,,,3.1315,,,,,,,,,13.40175,18.0,0.0,0.0,0.0,,,485606.845,4812226.995
2021-07-19,E52.1,2021.0,23.39,17.338,6.052,,14.311,,2.4259999999999997,1.036,0.166,,0.312,5.74,,,,,,,,,,,,,,,,,,2.5855,,,,,,,,,12.98775,18.0,1.0,2.0,0.0,,,487645.49,4803208.29
2021-07-19,E52.1,2021.0,23.39,17.338,6.052,,14.311,,2.4259999999999997,1.036,0.166,,0.312,5.74,,,,,,,,,,,,,,,,,,2.5855,,,,,,,,,12.98775,18.0,1.0,2.0,0.0,,,487645.49,4803208.29
2021-07-19,E49.3,2021.0,18.6475,17.207,1.4405,,17.207,,,,,,,2.881,,,,,,,,,,,,,,,,,,0.1905,,,,,,,,,9.419,18.0,0.0,7.5,0.0,,,491638.905,4805495.165
2021-07-19,E49.1,2021.0,20.5095,20.44,0.0695,,20.4215,,0.037,,,,,0.139,,,,,,,,,,,,,,,,,,0.23249999999999998,,,,,,,,,10.371,18.0,0.0,0.0,0.0,,,492121.125,4805582.195
2021-07-19,E46.5,2021.0,20.115499999999997,19.174,0.9415,,18.866,,0.616,,,,0.069,0.907,,,,,,,,,,,,,,,,,,1.025,,,,,,,,,10.57025,18.0,0.0,0.0,0.0,,,485173.1,4812476.735
2021-07-19,E35.3,2021.0,5.241,5.241,0.0,,3.971,,1.27,,,,,,,,,,,,,,,,,,,,,,,0.2385,,,,,,,,,2.73975,18.0,1.0,0.0,0.0,,,494790.915,4812857.1
2021-07-19,E23.8,2021.0,43.490500000000004,43.3095,0.181,0.211,5.6165,,,36.8185,0.769,,,0.362,,,,,,,,,,,,,,,,,,26.185499999999998,,,,,,,,,34.83800000000001,18.0,0.5,0.0,0.0,,,498290.095,4816413.415
2021-07-19,E23.4,2021.0,32.6015,32.2705,0.331,,11.478,,0.556,20.2365,,,,0.662,,,,,,,,,,,,,,,,,,11.385,,,,,,,,,21.993249999999996,18.0,25.5,0.0,0.0,,,497350.38,4816755.25
2021-07-19,C4.8,2021.0,10.16,9.4215,0.7384999999999999,,18.497,,0.317,,0.029,,,0.7384999999999999,,,,,,,,,,,,,,,,,,1.167,,,,,,,,,5.3717500000000005,18.0,0.0,0.0,0.0,,,494403.85,4812287.15
2021-07-19,C2.7,2021.0,17.7305,17.6215,0.109,,10.844000000000001,,1.31,12.245,,,,0.218,,,,,,,,,,,,,,,,,,4.6345,,,,,,,,,11.182500000000001,18.0,0.0,0.0,0.0,,,490406.685,4812356.03
2021-07-19,E46.2,2021.0,7.172000000000001,6.574999999999999,0.597,,2.4295,,4.1455,,,,,1.194,,,,,,,,,,,,,,,,,,0.7494999999999999,,,,,,,,,3.96075,18.0,0.0,0.0,0.0,,,484499.505,4812824.065
2021-07-20,E7.5,2021.0,20.657,19.311,1.346,,12.6445,,3.1225,2.4755000000000003,1.0685,,,1.346,,,,,,,,,,,,,,,,,,0.14950000000000002,,,,,,,,,10.40325,18.0,0.0,0.0,0.0,,,499400.105,4824461.605
2021-07-20,E8.1,2021.0,14.790500000000002,13.7375,1.053,,10.4805,,3.257,,,,0.123,0.9915,,,,,,,,,,,,,,,,,,0.118,,,,,,,,,7.45425,18.0,0.0,0.0,0.0,,,498397.175,4825093.895
2021-07-20,E8.2,2021.0,20.3865,20.324,0.0625,0.029,18.9215,,1.3250000000000002,,0.126,,0.066,0.059,,,,,,,,,,,,,,,,,,0.5585,,,,,,,,,10.4725,23.0,4.333333333333333,0.0,0.0,,,498138.77,4825071.385
2021-07-20,E9.1,2021.0,28.4218,27.940000000000005,0.48179999999999995,2.529333333333333,13.87925,,2.077,13.848749999999999,3.7422500000000003,,0.2585,0.6306666666666666,,,,,,,,,,,,,,,,,,9.049800000000001,,,,,,,,,18.7358,18.0,0.25,0.0,0.0,,,498685.315,4824801.325
2021-07-20,E9.2,2021.0,17.662,17.662,0.0,,10.216000000000001,,7.352499999999999,0.16,0.027,,,,,,,,,,,,,,,,,,,,,1.6055,,,,,,,,,9.63375,18.0,5.0,0.0,0.0,,,498708.65,4824545.78
2021-07-20,L7.1,2021.0,12.500499999999999,10.809000000000001,0.881,,10.746500000000001,,0.125,,,0.8105,,0.881,,,,,,,,,,,,,,,,,,0.06,,,,,,,,,6.26525,18.0,0.0,0.0,0.0,,,497625.725,4825445.76
2021-07-20,L5.7,2021.0,13.869000000000002,13.869000000000002,0.0,,13.2015,,0.6455,,0.044,,,,,,,,,,,,,,,,,,,,,1.1265,,,,,,,,,7.49775,18.0,0.0,0.0,0.0,,,493835.31,4817146.37
2021-07-20,L7.6,2021.0,19.3925,14.723500000000001,1.24,0.046,12.1125,,2.588,,,3.429,0.082,1.1989999999999998,,,,,,,,,,,,,,,,,,4.8365,,,,,,,,,12.1145,18.0,0.5,17.5,0.0,,,496378.77,4825476.695
2021-07-20,L8.3,2021.0,18.961,14.629999999999999,0.5489999999999999,0.044,11.4835,,0.9744999999999999,2.15,,3.782,,0.5489999999999999,,,,,,,,,,,,,,,,,,1.6549999999999998,,,,,,,,,10.308,18.0,26.0,0.0,0.0,,,499863.035,4824897.685
2021-07-20,L5.2,2021.0,28.3405,14.774999999999999,5.700500000000001,,13.9835,,1.583,,,15.73,,5.700500000000001,,,,,,,,,,,,,,,,,,4.6605,,,,,,,,,16.5005,18.0,4.5,5.0,0.0,,,494747.95,4816285.835
2021-07-20,E7.4,2021.0,19.8725,19.303,0.5695,,11.4405,,7.6875,0.336,0.014,,,1.139,,,,,,,,,,,,,,,,,,5.0385,,,,,,,,,12.4555,18.0,0.0,0.0,0.0,,,499331.725,4824705.485
2021-07-20,E7.2,2021.0,17.531000000000002,16.844500000000004,0.66,3.2585,12.3945,,1.167,1.216,,0.053,0.544,0.232,,,,,,,,,,,,,,,,,,2.3480000000000003,,,,,,,,,9.939500000000002,18.0,1.0,12.5,0.0,,,499217.33,4825202.565
2021-07-20,C9.6,2021.0,47.2375,47.1305,0.107,,36.8435,,0.248,9.833,0.66,,,0.214,,,,,,,,,,,,,,,,,,10.673000000000002,,,,,,,,,28.95525,18.0,0.0,0.0,0.0,,,498815.4,4816563.83
2021-07-20,E21.6,2021.0,14.76775,11.4355,3.33225,,9.5985,,1.5607499999999999,,0.5525,,,3.33225,,,,,,,,,,,,,,,,,,0.23700000000000002,,,,,,,,,7.502375,18.0,28.0,0.0,0.0,,,499299.23,4816735.205
2021-07-20,E21.8,2021.0,20.8485,20.75,0.0985,,19.8625,,,1.775,,,,0.0985,,,,,,,,,,,,,,,,,,0.154,,,,,,,,,10.46275,18.0,0.0,0.0,0.0,,,499122.24,4816264.635
2021-07-20,E23.4,2021.0,16.4315,16.3885,0.043,0.059,4.3995,,0.054,11.8485,0.168,,,0.086,,,,,,,,,,,,,,,,,,2.9115,,,,,,,,,9.671500000000002,18.0,0.0,0.0,0.0,,,497350.38,4816755.25
2021-07-20,E23.8,2021.0,32.438,32.432,0.006,0.037,19.9835,,0.405,12.1935,0.068,,0.012,,,,,,,,,,,,,,,,,,,2.434,,,,,,,,,17.436,18.0,0.0,0.0,0.0,,,498290.095,4816413.415
2021-07-20,E23.2,2021.0,28.494,11.147,0.177,1.264,5.052,,5.463,,,34.34,,0.354,,,,,,,,,,,,,,,,,,5.805499999999999,,,,,,,,,17.149749999999997,18.0,24.0,5.0,4.0,,,496881.27,4816921.76
2021-07-21,L8.8,2021.0,22.881999999999998,22.8325,0.0495,0.037,20.5135,,2.219,,0.063,,0.099,,,,,,,,,,,,,,,,,,,1.5839999999999999,,,,,,,,,12.233,18.0,8.0,12.5,0.0,,,500727.58,4823992.515
2021-07-21,E18.8,2021.0,19.060000000000002,17.230500000000003,1.8295000000000001,8.936,7.3134999999999994,,1.842,,0.12,,1.5805,0.498,,,,,,,,,,,,,,,,,,0.7455,,,,,,,,,9.902750000000001,18.0,0.0,14.0,0.0,,,502182.595,4818394.555
2021-07-21,E20.4,2021.0,33.4655,31.1575,2.308,,24.497,,2.162,4.3335,0.165,,,4.616,,,,,,,,,,,,,,,,,,2.5875,,,,,,,,,18.0265,18.0,23.0,0.0,0.0,,,500269.585,4816277.985
2021-07-21,E18.4,2021.0,23.1935,23.1935,0.0,,22.4555,,0.738,,,,,,,,,,,,,,,,,,,,,,,3.1825,,,,,,,,,13.188000000000002,18.0,0.0,7.5,0.0,,,501238.335,4818712.165
2021-07-21,E18.2,2021.0,23.422,22.9525,0.46950000000000003,,21.389499999999998,,0.222,,1.452,,,0.46950000000000003,,,,,,,,,,,,,,,,,,0.567,,,,,,,,,11.9945,18.0,3.5,0.0,0.0,,,500761.29,4818870.41
2021-07-21,E10.3,2021.0,13.818999999999999,1.1784999999999999,11.597,,2.271,,,0.058,0.028,2.087,4.8705,6.7265,,,,,,,,,,,,,,,,,,0.177,,,,,,,,,6.997999999999999,18.0,0.0,0.0,0.0,,,499598.745,4823337.42
2021-07-21,C10.6,2021.0,30.5935,30.520500000000002,0.07300000000000001,,25.119,,4.3735,1.028,,,,0.07300000000000001,,,,,,,,,,,,,,,,,,6.189,,,,,,,,,18.39125,18.0,0.0,0.0,0.0,,,500734.67,4818331.285
2021-07-21,C10.1,2021.0,23.880000000000003,23.880000000000003,0.0,,17.284,,6.2485,0.695,,,,,,,,,,,,,,,,,,,,,,6.578,,,,,,,,,15.229000000000001,18.0,0.0,0.0,0.0,,,499864.725,4819259.32
2021-07-21,E20.7,2021.0,20.802,20.768,0.034,,19.9185,,0.8495,,,,,0.068,,,,,,,,,,,,,,,,,,1.4184999999999999,,,,,,,,,11.11025,18.0,31.0,0.0,0.0,,,501013.05,4816234.805
2021-07-22,A1.1,2021.0,19.0295,19.0295,0.0,,10.6415,,4.8205,0.504,3.0635,,,,,,,,,,,,,,,,,,,,,0.4315,,,,,,,,,9.7305,18.0,0.0,0.0,0.0,,,495495.0,4817824.0
2021-07-22,A2.1,2021.0,12.2805,3.2495,9.031,,1.621,,2.583,0.31200000000000006,0.05,,8.842,0.378,,,,,,,,,,,,,,,,,,0.102,,,,,,,,,6.16575,18.0,0.0,0.0,0.0,,,495538.0,4811124.0
2021-07-22,A3.1,2021.0,18.2785,18.264,0.0145,7.742,14.393,,,,,,0.029,,,,,,,,,,,,,,,,,,,0.618,,,,,,,,,9.29375,18.0,0.0,0.0,0.0,,,502074.0,4802246.0
2021-07-22,Roth143_c,2021.0,11.707,11.3475,0.3595,,17.152,,1.198,2.1725000000000003,,,,0.719,,,,,,,,,,,,,,,,,,0.131,,,,,,,,,5.9190000000000005,18.0,1.0,0.0,0.0,,,501582.5703536784,4805400.309186427
2021-07-26,E49.6,2021.0,36.088,34.378,0.2995,,34.378,,,,,2.821,,0.2995,,,,,,,,,,,,,,,,,,3.947,,,,,,,,,20.0175,18.0,0.5,6.5,0.0,,,490919.255,4805326.96
2021-07-26,E55.5,2021.0,22.586,22.586,0.0,6.241,16.345,,,,,,,,,,,,,,,,,,,,,,,,,,,,,,,,,,11.293,18.0,0.0,7.5,0.0,,,483602.52,4803796.0
