Ward Labs ID,Pasture,PD,Year,Date,Plot,C4P,C3P,Brome,VUOC,BoBu,Other C4P,Other ann grass,Ann Forb,Perennial Forb,Sub-shrub,Standing dead,Total g/0.5m^2,Total Weight (g/m^2),% shrub cover,# OPPO cladodes,Moisture % As Recd,Moisture % Dry Basis,Dry Matter % As Recd,Dry Matter % Dry Basis,Crude Protein % As Recd,Crude Protein % Dry Basis,ADF % As Recd,ADF % Dry Basis,NDF % As Recd,NDF % Dry Basis,RFV,TDN % As Recd,TDN % Dry Basis,NE/Lact Mcal/lb As Recd,NE/Lact Mcal/lb Dry Basis,NE/Maint Mcal/lb As Recd,NE/Maint Mcal/lb Dry Basis,NE/Gain Mcal/lb As Recd,NE/Gain Mcal/lb Dry Basis,Ca % As Recd,Ca % Dry Basis,P % As Recd,P % Dry Basis,K % As Recd,K % Dry Basis,Mg % As Recd,Mg % Dry Basis,NDFD % of NDF,IVTDMD % As Recd,IVTDMD % Dry Basis,RFQ,Ash % As Recd,Ash % Dry Basis,Lignin % As Recd,Lignin % Dry Basis,Fat % As Recd,Fat % Dry Basis,RFQ Starch % As Received,RFQ Starch % Dry Basis,Notes,re-weighs,Pasture_shp,Join_ID,Mean.GPS_E.Biomass,Mean.GPS_N.Biomass
WG-027,Mid Weiss Pasture G,No,2019,2019-06-04,6,0.24,10.5,20.89,0,,,0.0,1,0,0,27.3,59.93000000000001,119.86000000000001,15.0,9.0,5.47,0.0,94.53,100.0,7.6,8.1,42.6,45.1,67.8,71.7,70.0,48.4,51.2,0.4869,0.5151,0.4332,0.4583,0.1974,0.2088,0.28,0.3,0.18,0.19,0.9,0.95,0.1,0.11,51.0,63.0,66.6,97.0,2.75,2.91,6.09,6.44,1.2,1.3,0.3,0.3,,,East_Weiss,East_Weiss_Pt6_No,486847.78099999996,4791306.63
WG-028,Mid Weiss Pasture G,No,2019,2019-06-05,9,0.82,8.53,27.76,0.02,,,0.0,0.54,0,0,25.37,63.040000000000006,126.08000000000001,0.0,3.0,6.26,0.0,93.74,100.0,7.8,8.3,41.3,44.1,64.1,68.4,74.0,49.0,52.3,0.4944,0.5274,0.446,0.4758,0.211,0.2251,0.31,0.33,0.18,0.19,1.01,1.08,0.13,0.14,56.0,67.5,72.0,107.0,4.12,4.39,5.06,5.4,1.3,1.4,0.4,0.5,,,East_Weiss,East_Weiss_Pt9_No,486487.781,4791206.63
WG-029,Mid Weiss Pasture G,No,2019,2019-06-05,12,1.67,7.01,17.72,0.01,,,0.0,1.95,0.71,0,6.14,35.21,70.42,0.0,6.0,5.67,0.0,94.33,100.0,9.0,9.6,36.0,38.2,58.6,62.1,89.0,55.7,59.0,0.5687,0.6028,0.5476,0.5806,0.3034,0.3216,0.34,0.36,0.18,0.19,1.47,1.56,0.14,0.15,62.0,74.6,79.1,131.0,5.82,6.17,3.64,3.86,1.9,2.0,2.1,2.2,,,East_Weiss,East_Weiss_Pt12_No,486687.781,4790956.63
WG-030,Mid Weiss Pasture G,No,2019,2019-06-05,25,0.0,24.85,38.15,0.06,,,0.0,4.46,0.65,0,13.51,81.68,163.36,0.0,0.0,6.03,0.0,93.97,100.0,8.5,9.1,35.7,38.0,59.5,63.3,87.0,55.7,59.3,0.5689,0.6054,0.5488,0.584,0.3052,0.3247,0.31,0.33,0.16,0.17,1.36,1.45,0.12,0.13,54.0,70.0,74.5,112.0,6.18,6.58,4.64,4.94,1.8,1.9,2.9,3.1,,,East_Weiss,East_Weiss_Pt25_No,486877.78099999996,4791126.63
WG-031,Mid Weiss Pasture G,No,2019,2019-06-10,3,0.0,20.33,85.49,0,,,0.0,2.3,0.95,0,15.75,124.82,249.64,0.0,0.0,6.03,0.0,93.97,100.0,6.7,7.1,37.7,40.1,62.5,66.5,81.0,53.4,56.9,0.5438,0.5787,0.5145,0.5475,0.2737,0.2913,0.26,0.28,0.13,0.14,0.86,0.92,0.13,0.14,51.0,67.0,71.3,106.0,3.71,3.95,4.86,5.17,1.7,1.8,2.3,2.5,,brome=82.50g,East_Weiss,East_Weiss_Pt3_No,486997.78099999996,4791086.63
WG-032,Mid Weiss Pasture G,No,2019,2019-06-10,15,0.1,11.54,62.17,0,,,0.0,0.66,1.26,0,15.38,91.11,182.22,0.0,0.0,6.01,0.0,93.99,100.0,6.0,6.3,38.7,41.2,63.1,67.1,79.0,52.2,55.6,0.5302,0.5641,0.4956,0.5273,0.2563,0.2727,0.27,0.29,0.14,0.15,1.02,1.08,0.12,0.13,51.0,67.1,71.3,99.0,4.17,4.44,5.01,5.33,1.6,1.7,2.2,2.3,,brome=59.25g,East_Weiss,East_Weiss_Pt15_No,486867.78099999996,4790686.63
WG-033,Mid Weiss Pasture G,No,2019,2019-06-10,20,5.43,13.74,15.67,0.06,,,0.0,1.13,0.17,0,21.13,57.33000000000001,114.66000000000003,0.0,23.0,5.98,0.0,94.02,100.0,8.3,8.8,37.9,40.4,64.2,68.3,78.0,53.2,56.5,0.5406,0.575,0.51,0.5424,0.2695,0.2866,0.21,0.22,0.17,0.18,1.1,1.17,0.14,0.15,57.0,68.4,72.7,112.0,4.95,5.26,4.3,4.57,1.5,1.6,1.4,1.5,,,East_Weiss,East_Weiss_Pt20_No,487137.78099999996,4790906.63
WG-034,Mid Weiss Pasture G,No,2019,2019-06-11,10,8.32,6.05,0.13,0.01,,,0.0,1.11,1.38,0,10.36,27.36,54.72,0.0,22.0,6.01,0.0,93.99,100.0,9.7,10.4,40.3,42.9,64.0,68.1,76.0,50.4,53.6,0.5099,0.5425,0.4672,0.4971,0.2301,0.2449,0.42,0.45,0.16,0.17,1.09,1.16,0.17,0.18,58.0,69.8,74.3,116.0,4.01,4.27,5.08,5.41,1.8,1.9,0.4,0.4,,,East_Weiss,East_Weiss_Pt10_No,486517.781,4790646.63
WG-035,Mid Weiss Pasture G,No,2019,2019-06-11,21,0.0,14.16,12.98,0,,,0.0,0.68,0,0,17.29,45.11,90.22,80.0,0.0,5.86,0.0,94.14,100.0,10.9,11.5,38.4,40.7,62.3,66.2,80.0,52.8,56.1,0.5368,0.5702,0.5043,0.5357,0.2641,0.2805,0.33,0.35,0.23,0.24,1.64,1.74,0.16,0.17,59.0,70.3,74.7,113.0,6.59,7.0,4.27,4.54,1.9,2.0,0.2,0.2,,,East_Weiss,East_Weiss_Pt21_No,486827.78099999996,4790356.63
WG-036,Mid Weiss Pasture G,No,2019,2019-06-11,27,2.29,28.22,19.67,0,,,0.0,0.02,0,0,19.95,70.15,140.3,0.0,12.0,5.77,0.0,94.23,100.0,8.5,9.0,38.2,40.5,64.1,68.0,78.0,53.1,56.3,0.5398,0.5729,0.5083,0.5394,0.2675,0.2839,0.24,0.26,0.17,0.18,1.31,1.39,0.14,0.15,56.0,69.2,73.5,112.0,4.86,5.16,4.38,4.65,1.6,1.7,1.7,1.9,,,East_Weiss,East_Weiss_Pt27_No,486827.78099999996,4790126.63
WG-005,Center Owens,No,2019,2019-06-11,4,4.38,3.08,0.23,3.02,,,0.0,5.28,0.01,0,2.31,18.310000000000002,36.620000000000005,3.0,0.0,5.76,0.0,94.24,100.0,9.3,9.8,33.4,35.5,54.4,57.8,99.0,58.5,62.1,0.6002,0.6369,0.5905,0.6266,0.3425,0.3634,0.44,0.47,0.18,0.19,1.47,1.56,0.16,0.17,62.0,77.1,81.8,142.0,5.49,5.83,3.88,4.12,1.9,2.0,4.1,4.3,Trimble 160,,Center_Owens,Center_Owens_Pt4_No,487927.78099999996,4796656.63
WG-006,Center Owens,No,2019,2019-06-12,5,5.92,19.93,0,1.09,,,0.0,2.56,0.75,0,14.18,44.43,88.86,0.0,37.0,6.21,0.0,93.79,100.0,10.5,11.2,35.9,38.3,57.1,60.9,90.0,55.2,58.9,0.564,0.6013,0.5426,0.5785,0.2998,0.3197,0.45,0.48,0.23,0.24,1.48,1.58,0.18,0.19,59.0,73.4,78.3,125.0,6.74,7.19,4.63,4.94,2.0,2.1,1.1,1.1,Trimble 181,,Center_Owens,Center_Owens_Pt5_No,487747.78099999996,4796966.63
WG-007,Center Owens,No,2019,2019-06-12,8,1.49,23.7,49.68,0,,,0.0,1,0,0,28.09,103.96000000000001,207.92000000000002,0.0,7.0,6.34,0.0,93.66,100.0,7.1,7.6,42.7,45.5,64.9,69.3,72.0,47.4,50.6,0.4768,0.5091,0.4212,0.4498,0.1881,0.2008,0.36,0.38,0.17,0.18,0.93,0.99,0.15,0.16,57.0,66.1,70.6,98.0,5.47,5.84,4.97,5.31,1.6,1.7,0.3,0.4,Trimble 180,,Center_Owens,Center_Owens_Pt8_No,487987.78099999996,4797116.63
WG-008,Center Owens,No,2019,2019-06-12,9,0.37,16.49,22.15,0.02,,,0.0,0.52,0.06,0,36.25,75.86000000000001,151.72000000000003,55.0,4.0,6.29,0.0,93.71,100.0,7.6,8.1,40.6,43.3,64.0,68.3,75.0,49.8,53.2,0.5038,0.5376,0.4593,0.4901,0.2234,0.2384,0.27,0.29,0.19,0.2,1.02,1.09,0.15,0.16,57.0,67.5,72.1,111.0,3.97,4.24,4.57,4.88,1.5,1.6,0.3,0.4,Trimble 185,SD=37.00,Center_Owens,Center_Owens_Pt9_No,488297.78099999996,4796686.63
WG-009,Center Owens,No,2019,2019-06-12,14,0.49,21.87,40.88,0.05,,,0.0,13.52,0,0,16.72,93.53,187.06,0.0,0.0,6.39,0.0,93.61,100.0,8.3,8.9,36.9,39.4,57.1,61.0,89.0,54.0,57.7,0.5501,0.5876,0.524,0.5597,0.2832,0.3025,0.41,0.44,0.18,0.19,1.22,1.3,0.16,0.17,57.0,71.5,76.4,122.0,5.49,5.86,4.84,5.17,1.9,2.0,1.9,2.1,Trimble 190,,Center_Owens,Center_Owens_Pt14_No,487987.78099999996,4797216.63
WG-010,Center Owens,No,2019,2019-06-13,1,0.03,30.69,51.03,0.09,,,0.0,5,0,0,9.54,96.38,192.76,0.0,0.0,6.47,0.0,93.53,100.0,10.4,11.1,34.7,37.1,58.5,62.6,89.0,56.3,60.2,0.5764,0.6163,0.5601,0.5988,0.3164,0.3383,0.35,0.37,0.2,0.21,1.32,1.41,0.18,0.19,58.0,70.8,75.7,123.0,6.38,6.82,4.11,4.39,2.1,2.2,1.3,1.4,Trimble 177,,Center_Owens,Center_Owens_Pt1_No,488527.78099999996,4795776.63
WG-011,Center Owens,No,2019,2019-06-13,3,12.59,9.83,0.91,1.44,,,0.0,12.25,0.05,0,4.45,41.52,83.04,0.0,0.0,6.11,0.0,93.89,100.0,9.1,9.6,33.3,35.5,57.6,61.4,93.0,58.3,62.1,0.5982,0.6371,0.5886,0.6269,0.3415,0.3637,0.37,0.39,0.18,0.19,1.25,1.33,0.15,0.16,59.0,73.7,78.5,137.0,4.07,4.34,3.69,3.93,2.1,2.3,4.0,4.3,Trimble 179,,Center_Owens,Center_Owens_Pt3_No,488157.78099999996,4795996.63
WG-012,Center Owens,No,2019,2019-06-13,10,0.0,4.6,11.61,0.01,,,0.0,0.39,0,0,6.3,22.910000000000004,45.82000000000001,65.0,0.0,6.19,0.0,93.81,100.0,10.3,10.9,36.9,39.3,57.7,61.5,88.0,54.2,57.7,0.5521,0.5885,0.5262,0.5609,0.2849,0.3036,0.35,0.37,0.23,0.24,1.56,1.66,0.2,0.21,67.0,75.7,80.7,129.0,8.44,9.0,2.61,2.78,2.2,2.4,0.4,0.4,Trimble 186,,Center_Owens,Center_Owens_Pt10_No,487847.78099999996,4795976.63
WG-013,Center Owens,No,2019,2019-06-17,12,17.8,4.78,0.11,2.8,,,0.0,6.72,0,0,1.6,33.81,67.62,0.0,0.0,6.54,0.0,93.46,100.0,9.5,10.2,31.2,33.4,50.6,54.1,108.0,60.3,64.5,0.62,0.6634,0.6186,0.6619,0.3694,0.3953,0.47,0.5,0.19,0.2,1.35,1.44,0.18,0.19,60.0,76.2,81.6,143.0,6.09,6.52,3.79,4.05,2.3,2.5,5.4,5.8,Trimble 188,,Center_Owens,Center_Owens_Pt12_No,488587.78099999996,4797226.63
WG-014,Center Owens,No,2019,2019-06-19,2,15.44,19.23,0.67,0.01,,,0.0,0.53,5.71,0,23.28,64.87,129.74,8.0,0.0,6.5,0.0,93.5,100.0,7.1,7.6,40.0,42.8,61.9,66.2,78.0,50.3,53.8,0.5088,0.5442,0.467,0.4994,0.2309,0.247,0.28,0.3,0.16,0.17,0.85,0.91,0.15,0.16,60.0,67.8,72.5,108.0,6.41,6.86,4.25,4.55,1.7,1.9,1.5,1.6,Trimble 178,,Center_Owens,Center_Owens_Pt2_No,487777.78099999996,4797836.63
WG-015,Center Owens,No,2019,2019-06-19,6,9.21,8.27,0.03,0.02,,,0.0,0.13,3.78,0,2.93,24.37,48.74,0.0,0.0,6.45,0.0,93.55,100.0,7.4,7.9,35.7,38.2,55.4,59.2,93.0,55.2,59.0,0.5641,0.603,0.5433,0.5807,0.301,0.3217,0.39,0.42,0.16,0.17,1.09,1.17,0.17,0.18,63.0,73.3,78.4,121.0,8.25,8.82,3.53,3.77,2.3,2.5,3.1,3.3,Trimble  182,,Center_Owens,Center_Owens_Pt6_No,487867.78099999996,4797606.63
WG-016,Center Owens,No,2019,2019-06-19,7,0.8,8.28,0,0,,,0.0,0,13.58,0,2.72,25.38,50.76,6.0,0.0,6.69,0.0,93.31,100.0,5.3,5.7,42.6,45.7,54.3,58.2,85.0,47.1,50.5,0.4736,0.5076,0.4176,0.4476,0.1855,0.1988,0.68,0.73,0.13,0.14,0.69,0.74,0.29,0.31,59.0,69.1,74.1,73.0,16.32,17.49,5.51,5.9,2.3,2.5,0.1,0.1,Trimble 183,,Center_Owens,Center_Owens_Pt7_No,487877.78099999996,4797446.63
WG-017,Center Owens,No,2019,2019-06-19,11,0.0,89.27,18.21,0,,,0.0,0.14,4.49,0,21.24,133.35,266.7,1.0,0.0,6.01,0.0,93.99,100.0,6.7,7.1,36.2,38.6,60.5,64.3,85.0,55.1,58.6,0.562,0.5979,0.5393,0.5738,0.2965,0.3154,0.23,0.25,0.16,0.17,0.93,0.99,0.14,0.15,57.0,68.7,73.1,94.0,10.22,10.87,3.88,4.13,2.6,2.7,1.4,1.5,Trimble 187,C3=87.45g,Center_Owens,Center_Owens_Pt11_No,487677.78099999996,4797846.63
WG-018,Center Owens,No,2019,2019-06-19,15,18.79,13.32,1.61,1.87,,,0.0,0.59,13.99,0,11.46,61.63,123.26,0.0,0.0,6.54,0.0,93.46,100.0,7.2,7.7,39.7,42.5,55.6,59.5,87.0,50.6,54.2,0.5126,0.5485,0.4724,0.5055,0.2361,0.2526,0.53,0.57,0.14,0.15,0.91,0.97,0.17,0.18,59.0,70.6,75.6,110.0,7.96,8.52,4.86,5.2,2.0,2.2,1.3,1.4,Trimble 191,,Center_Owens,Center_Owens_Pt15_No,487667.78099999996,4797566.63
WG-019,Center Owens,No,2019,2019-06-20,13,0.0,23.36,0,0,,,0.0,0.01,8.97,0,2.11,34.45,68.9,1.0,0.0,6.09,0.0,93.91,100.0,5.1,5.4,42.5,45.2,55.8,59.4,84.0,47.9,51.0,0.482,0.5133,0.428,0.4557,0.1938,0.2064,0.36,0.38,0.12,0.13,0.96,1.02,0.19,0.2,67.0,70.7,75.3,67.0,20.71,22.05,3.39,3.61,2.9,3.0,0.0,0.0,Trimble 189,,Center_Owens,Center_Owens_Pt13_No,487237.78099999996,4797826.63
WG-070,Section 8,No,2019,2019-06-20,6,7.03,6.99,47.35,2.7,,,0.0,5.39,0.07,0,13.36,82.89,165.78,3.0,0.0,5.95,0.0,94.05,100.0,6.2,6.6,42.3,45.0,62.8,66.8,75.0,48.2,51.3,0.4859,0.5166,0.4331,0.4605,0.1983,0.2108,0.38,0.4,0.14,0.15,0.83,0.88,0.1,0.11,51.0,65.1,69.2,92.0,5.05,5.37,5.72,6.08,1.5,1.6,1.8,1.9,Trimble 346,,Section_8,Section_8_Pt6_No,485997.781,4791726.63
WG-071,Section 8,No,2019,2019-06-20,7,0.0,50.78,9.53,2.03,,,0.0,17.61,0.45,0,35.35,115.75,231.5,0.0,0.0,5.58,0.0,94.42,100.0,7.1,7.5,39.6,41.9,64.3,68.1,77.0,51.7,54.7,0.524,0.555,0.4858,0.5145,0.2464,0.261,0.31,0.33,0.15,0.16,0.98,1.04,0.12,0.13,51.0,65.1,68.9,95.0,5.55,5.88,5.53,5.86,1.7,1.8,1.8,1.9,Trimble 347,SD=35.40g,Section_8,Section_8_Pt7_No,485887.781,4791676.63
WG-072,Section 8,No,2019,2019-06-24,1,0.0,22.04,15.1,0,,,0.0,0.07,0,0,41.8,79.00999999999999,158.01999999999998,72.0,0.0,5.56,0.0,94.44,100.0,7.0,7.4,43.9,46.5,70.8,75.0,65.0,46.8,49.5,0.4694,0.497,0.4084,0.4324,0.1744,0.1847,0.22,0.23,0.13,0.14,0.79,0.84,0.08,0.09,46.0,58.2,61.6,74.0,5.29,5.6,6.39,6.77,1.3,1.3,0.4,0.4,Trimble 341,SD=40.90g,Section_8,Section_8_Pt1_No,486577.781,4792566.63
WG-073,Section 8,No,2019,2019-06-24,2,4.67,13.9,3.24,0.36,,,0.0,9.02,0,0,8.9,40.09,80.18,0.0,12.0,5.76,0.0,94.24,100.0,8.0,8.5,38.7,41.1,61.4,65.2,81.0,52.5,55.7,0.5334,0.566,0.4994,0.5299,0.2593,0.2752,0.44,0.47,0.15,0.16,1.05,1.11,0.13,0.14,51.0,67.6,71.8,106.0,4.76,5.05,5.82,6.18,1.7,1.8,2.6,2.8,Trimble 342,,Section_8,Section_8_Pt2_No,485907.781,4791776.63
WG-074,Section 8,No,2019,2019-06-24,3,0.0,34.49,14.93,0,,,0.0,1.33,0,0,12.39,63.14,126.28,31.0,5.0,5.72,0.0,94.28,100.0,6.4,6.8,39.2,41.5,62.5,66.3,79.0,52.0,55.2,0.528,0.56,0.4918,0.5216,0.2522,0.2675,0.25,0.27,0.13,0.14,0.82,0.87,0.12,0.13,56.0,67.9,72.0,88.0,10.04,10.65,4.19,4.44,2.2,2.4,1.2,1.3,Trimble 343,,Section_8,Section_8_Pt3_No,485917.781,4792746.63
WG-075,Section 8,No,2019,2019-06-24,4,7.7,11.33,0,0.17,,,0.0,4.52,2.62,0.31,3.75,30.400000000000002,60.800000000000004,0.0,0.0,6.02,0.0,93.98,100.0,6.8,7.2,36.7,39.0,56.3,59.9,91.0,54.5,58.0,0.5562,0.5918,0.5314,0.5655,0.2893,0.3078,0.41,0.44,0.15,0.16,1.16,1.23,0.13,0.14,56.0,71.0,75.5,106.0,8.35,8.89,4.64,4.94,2.1,2.3,4.2,4.4,Trimble 344,,Section_8,Section_8_Pt4_No,485657.781,4792786.63
WG-076,Section 8,No,2019,2019-06-25,5,0.55,26.33,28.05,0,,,0.0,4.67,2.95,0,23.97,86.52000000000001,173.04000000000002,40.0,3.0,5.57,0.0,94.43,100.0,7.2,7.6,41.0,43.4,64.2,67.9,75.0,50.1,53.1,0.5069,0.5368,0.4618,0.4891,0.2242,0.2374,0.29,0.31,0.15,0.16,0.99,1.05,0.1,0.11,50.0,64.4,68.2,92.0,5.82,6.16,5.6,5.93,1.5,1.6,1.6,1.7,Trimble 345,,Section_8,Section_8_Pt5_No,485547.781,4792366.63
WG-077,Section 8,No,2019,2019-06-25,8,0.84,87.1,26.73,0,,,0.0,0.12,2.16,0,19.02,135.97,271.94,0.0,0.0,5.46,0.0,94.54,100.0,5.6,5.9,38.1,40.3,62.4,66.0,81.0,53.5,56.5,0.5438,0.5752,0.513,0.5426,0.2711,0.2868,0.24,0.25,0.1,0.11,0.54,0.57,0.13,0.14,53.0,65.6,69.3,77.0,11.84,12.52,4.48,4.74,2.5,2.6,1.4,1.4,Trimble 348,C3=85.15g,Section_8,Section_8_Pt8_No,485517.781,4792246.63
WG-054,North Owens -PD,Yes,2019,2019-07-15,1,0.0,45.2,30.2,0.01,,,0.0,9.92,0.3,0,9.25,94.88000000000001,189.76000000000002,0.0,0.0,4.69,0.0,95.31,100.0,6.6,6.9,45.2,47.4,73.0,76.6,63.0,46.2,48.5,0.4624,0.4851,0.3957,0.4152,0.1606,0.1685,0.32,0.34,0.1,0.1,0.61,0.64,0.1,0.11,41.0,57.0,59.8,70.0,2.73,2.86,7.19,7.54,1.3,1.4,2.1,2.2,,,North_Owens,North_Owens_Pt1_Yes,489387.78099999996,4798226.63
WG-055,North Owens -PD,Yes,2019,2019-07-15,6,4.88,32.67,0,0.16,,,0.0,10.5,0.48,0,4.77,53.459999999999994,106.91999999999999,25.0,0.0,4.6,0.0,95.4,100.0,5.7,5.9,41.2,43.2,61.8,64.8,79.0,50.9,53.3,0.5147,0.5395,0.4702,0.4928,0.2298,0.2409,0.52,0.54,0.14,0.15,1.14,1.19,0.13,0.14,60.0,71.4,74.8,104.0,6.85,7.18,4.25,4.46,2.7,2.8,1.3,1.4,,,North_Owens,North_Owens_Pt6_Yes,488927.78099999996,4798036.63
WG-056,North Owens -PD,Yes,2019,2019-07-15,9,0.0,39.44,17.91,0,,,0.0,0.68,4.38,0,3.59,66.0,132.0,20.0,0.0,4.54,0.0,95.46,100.0,7.4,7.8,40.8,42.7,67.0,70.2,74.0,51.4,53.8,0.5203,0.5451,0.4779,0.5007,0.2369,0.2482,0.39,0.41,0.14,0.15,0.75,0.79,0.15,0.16,43.0,60.0,62.9,82.0,5.64,5.91,6.34,6.64,2.6,2.8,2.2,2.3,,,North_Owens,North_Owens_Pt9_Yes,489337.78099999996,4797976.63
WG-057,North Owens -PD,Yes,2019,2019-07-16,4,15.02,18.56,0.2,1.69,,,0.0,48.96,0,0,4.4,88.83000000000001,177.66000000000003,0.0,0.0,5.36,0.0,94.64,100.0,6.8,7.2,39.5,41.7,60.8,64.3,82.0,52.0,55.0,0.528,0.5579,0.4908,0.5186,0.2505,0.2647,0.61,0.64,0.13,0.14,0.79,0.83,0.14,0.15,38.0,61.4,64.8,90.0,3.42,3.61,7.97,8.42,2.0,2.2,3.7,3.9,,AF=49.95g,North_Owens,North_Owens_Pt4_Yes,488907.78099999996,4798256.63
WG-058,North Owens -PD,Yes,2019,2019-07-16,11,0.0,11.11,0,0,,,0.0,0.08,16.83,0,2.72,30.739999999999995,61.47999999999999,0.0,0.0,5.01,0.0,94.99,100.0,9.6,10.1,33.4,35.2,49.8,52.5,109.0,59.3,62.5,0.609,0.6411,0.6005,0.6322,0.35,0.3685,0.74,0.78,0.2,0.21,0.98,1.03,0.18,0.19,50.0,72.9,76.8,115.0,9.56,10.06,6.09,6.41,2.8,2.9,2.0,2.1,,,North_Owens,North_Owens_Pt11_Yes,489097.78099999996,4798316.63
WG-059,North Owens -PD,Yes,2019,2019-07-16,12,6.78,9.06,0,0,,,0.0,26.85,0.09,0,0.51,43.29,86.58,0.0,0.0,5.58,0.0,94.42,100.0,9.5,10.0,35.1,37.2,54.5,57.7,97.0,56.8,60.2,0.5812,0.6155,0.5645,0.5978,0.3185,0.3373,0.62,0.66,0.16,0.17,0.84,0.89,0.19,0.2,41.0,65.6,69.5,108.0,5.63,5.96,7.71,8.17,2.4,2.6,4.7,5.0,,AF=27.60g,North_Owens,North_Owens_Pt12_Yes,489187.78099999996,4798366.63
WG-060,North Owens -PD,Yes,2019,2019-07-18,3,13.46,0.92,0,0.35,,,0.0,29.55,0,0,0.69,44.97,89.94,0.0,0.0,5.67,0.0,94.33,100.0,7.6,8.1,35.6,37.8,56.4,59.8,92.0,56.1,59.5,0.5733,0.6078,0.554,0.5873,0.3092,0.3277,0.62,0.66,0.14,0.15,0.61,0.65,0.21,0.22,41.0,63.0,66.8,98.0,5.79,6.14,7.98,8.46,2.7,2.8,4.5,4.7,,AF=30.10g,North_Owens,North_Owens_Pt3_Yes,489067.78099999996,4798606.63
WG-061,North Owens -PD,Yes,2019,2019-07-18,10,14.51,34.18,11.51,7.88,,,0.0,8.75,0.29,0,11.84,88.96000000000001,177.92000000000002,0.0,0.0,5.23,0.0,94.77,100.0,6.3,6.6,43.8,46.3,69.8,73.6,67.0,47.2,49.8,0.4739,0.5001,0.414,0.4368,0.1789,0.1888,0.3,0.32,0.1,0.11,0.53,0.56,0.09,0.09,44.0,58.3,61.5,78.0,3.14,3.31,6.92,7.3,1.3,1.4,2.8,3.0,,VUOC=8.00g,North_Owens,North_Owens_Pt10_Yes,488937.78099999996,4798486.63
WG-062,North Owens -PD,Yes,2019,2019-07-22,2,5.87,28.54,19.66,0,,,0.0,0.5,8.34,0,7.76,70.67,141.34,32.0,8.0,5.13,0.0,94.87,100.0,7.4,7.8,41.9,44.1,67.6,71.2,71.0,49.6,52.2,0.5002,0.5273,0.4512,0.4756,0.2134,0.2249,0.36,0.38,0.14,0.15,0.95,1.0,0.13,0.14,45.0,60.4,63.6,84.0,4.61,4.86,6.49,6.84,1.7,1.8,1.5,1.6,,,North_Owens,North_Owens_Pt2_Yes,489087.78099999996,4798826.63
WG-063,North Owens -PD,Yes,2019,2019-07-22,5,8.83,5.71,0,0.11,,,0.0,9.6,0.25,0,0.85,25.35,50.7,0.0,0.0,5.65,0.0,94.35,100.0,7.0,7.4,38.1,40.3,58.9,62.5,86.0,53.4,56.6,0.5429,0.5754,0.5123,0.5429,0.2709,0.2871,0.58,0.62,0.14,0.15,0.75,0.8,0.18,0.19,50.0,66.1,70.0,101.0,6.28,6.66,6.34,6.72,2.6,2.8,3.2,3.4,,,North_Owens,North_Owens_Pt5_Yes,488957.78099999996,4798676.63
WG-064,North Owens -PD,Yes,2019,2019-07-22,7,17.6,3.61,0.55,0.59,,,0.0,14.81,0.03,0,0.92,38.11000000000001,76.22000000000001,0.0,1.0,5.8,0.0,94.2,100.0,6.9,7.3,39.3,41.7,60.9,64.6,81.0,51.8,55.0,0.5259,0.5583,0.489,0.5191,0.2498,0.2652,0.57,0.6,0.12,0.13,0.57,0.61,0.16,0.17,49.0,64.7,68.7,96.0,6.13,6.51,6.51,6.91,2.5,2.6,2.4,2.6,,C4=17.60g,North_Owens,North_Owens_Pt7_Yes,489447.78099999996,4798356.63
WG-065,North Owens -PD,Yes,2019,2019-07-22,8,2.4,21.95,0.03,0,,,0.0,0.22,2.21,0,1.62,28.43,56.86,0.0,0.0,5.41,0.0,94.59,100.0,9.0,9.5,36.2,38.3,61.3,64.8,85.0,55.7,58.9,0.5685,0.6011,0.5469,0.5781,0.3021,0.3194,0.37,0.39,0.19,0.2,0.9,0.95,0.18,0.19,57.0,68.6,72.5,100.0,10.09,10.67,4.42,4.67,3.5,3.7,2.0,2.1,,,North_Owens,North_Owens_Pt8_Yes,489197.78099999996,4798516.63
WG-066,North Owens -PD,Yes,2019,2019-07-22,13,7.33,6.91,0,1.4,,,0.0,47.16,0.67,0,0.77,64.24,128.48,0.0,43.0,5.74,0.0,94.26,100.0,7.7,8.2,40.5,42.9,61.2,64.9,80.0,50.5,53.6,0.5113,0.5424,0.4684,0.4969,0.2306,0.2447,0.71,0.75,0.13,0.14,0.61,0.65,0.16,0.17,30.0,55.7,59.1,79.0,3.83,4.06,10.0,10.61,2.2,2.4,3.1,3.2,,AF=48.45g,North_Owens,North_Owens_Pt13_Yes,489307.78099999996,4798336.63
WG-042,North Owens - No PD,No,2019,2019-07-23,6,15.57,26.44,8.52,0.06,,,0.0,10.13,0.53,0,1.7,62.95000000000001,125.90000000000002,18.0,0.0,5.32,0.0,94.68,100.0,7.3,7.7,38.9,41.1,62.1,65.6,81.0,52.7,55.7,0.5357,0.5658,0.5014,0.5296,0.2602,0.2748,0.4,0.42,0.13,0.14,0.8,0.85,0.14,0.15,50.0,65.3,68.9,96.0,6.46,6.82,5.48,5.79,2.4,2.6,2.4,2.5,,,North_Owens,North_Owens_Pt6_No,488737.78099999996,4799526.63
WG-043,North Owens - No PD,No,2019,2019-07-23,7,5.48,39.67,20.84,0.18,,,0.0,31.79,0.05,0,4.69,102.7,205.4,0.0,0.0,5.09,0.0,94.91,100.0,7.1,7.5,42.8,45.1,66.8,70.4,71.0,48.5,51.1,0.4887,0.515,0.4348,0.4581,0.198,0.2086,0.47,0.5,0.12,0.13,0.67,0.71,0.12,0.13,37.0,56.5,59.5,75.0,3.69,3.89,8.49,8.95,1.8,1.9,2.0,2.1,,AF=31.95g,North_Owens,North_Owens_Pt7_No,488707.78099999996,4799016.63
WG-044,North Owens - No PD,No,2019,2019-07-23,10,21.52,25.75,0.53,0.65,,,0.0,20.06,0.23,0,3.4,72.14,144.28,0.0,12.0,5.15,0.0,94.85,100.0,7.0,7.3,38.8,41.0,63.2,66.7,80.0,53.0,55.9,0.5383,0.5675,0.5046,0.532,0.2628,0.2771,0.44,0.46,0.14,0.15,0.82,0.86,0.13,0.14,49.0,64.7,68.2,99.0,4.5,4.74,5.93,6.25,2.4,2.5,1.8,1.9,,,North_Owens,North_Owens_Pt10_No,489137.78099999996,4799196.63
WG-045,North Owens - No PD,No,2019,2019-07-23,11,0.0,17.73,5.05,16.68,,,0.0,16.65,0.05,0,5.01,61.169999999999995,122.33999999999999,0.0,20.0,5.16,0.0,94.84,100.0,6.8,7.2,43.4,45.8,66.7,70.3,70.0,47.7,50.3,0.4798,0.5059,0.4222,0.4452,0.1864,0.1966,0.4,0.42,0.12,0.13,0.56,0.59,0.11,0.12,43.0,59.8,63.0,81.0,3.92,4.13,7.17,7.56,1.7,1.8,2.7,2.8,,VUOC=17.30g,North_Owens,North_Owens_Pt11_No,488617.78099999996,4798926.63
WG-046,North Owens - No PD,No,2019,2019-07-24,1,0.69,107.22,13.86,0,,,0.0,0.84,64.24,0,1.47,188.32,376.64,4.0,0.0,4.89,0.0,95.11,100.0,7.8,8.2,41.2,43.3,58.2,61.2,84.0,50.6,53.2,0.5118,0.5381,0.4669,0.4909,0.2274,0.2391,0.53,0.56,0.16,0.17,0.95,1.0,0.15,0.16,44.0,63.3,66.6,80.0,10.76,11.31,6.9,7.26,2.1,2.2,0.8,0.8,,C3=111.00g; PF=65.25g,North_Owens,North_Owens_Pt1_No,488447.78099999996,4799306.63
WG-047,North Owens - No PD,No,2019,2019-07-24,2,0.0,33.53,0,0,,,0.0,0,0.63,0,1.88,36.040000000000006,72.08000000000001,0.0,0.0,4.73,0.0,95.27,100.0,0.8,0.9,49.6,52.0,66.9,70.2,64.0,41.2,43.2,0.4066,0.4268,0.3138,0.3294,0.0833,0.0874,0.14,0.15,0.06,0.06,0.35,0.37,0.08,0.08,65.0,66.2,69.4,30.0,23.04,24.18,2.47,2.59,3.2,3.4,0.0,0.0,Trimble 193,,North_Owens,North_Owens_Pt2_No,488047.78099999996,4799106.63
WG-048,North Owens - No PD,No,2019,2019-07-24,3,0.0,0,16.92,0,,,0.0,0.12,0,0,0,17.040000000000003,34.080000000000005,0.0,0.0,5.09,0.0,94.91,100.0,5.7,6.1,41.3,43.5,58.1,61.2,84.0,50.2,52.9,0.5077,0.5349,0.4616,0.4864,0.223,0.2349,0.26,0.27,0.12,0.13,1.26,1.33,0.12,0.13,62.0,73.3,77.3,77.0,16.41,17.29,3.01,3.17,2.3,2.5,1.7,1.8,Trimble 194,,North_Owens,North_Owens_Pt3_No,487917.78099999996,4798466.63
WG-049,North Owens - No PD,No,2019,2019-07-24,4,13.71,6.82,0.04,0.04,,,0.0,0.29,4.42,0,1.11,26.43,52.86,0.0,0.0,5.14,0.0,94.86,100.0,6.9,7.3,38.8,40.9,59.0,62.2,85.0,53.0,55.9,0.539,0.5682,0.5055,0.5329,0.2636,0.2779,0.46,0.48,0.14,0.15,0.72,0.76,0.14,0.15,59.0,69.5,73.3,99.0,10.09,10.64,4.51,4.75,2.6,2.8,1.8,1.9,Trimble 195,,North_Owens,North_Owens_Pt4_No,487657.78099999996,4799346.63
WG-050,North Owens - No PD,No,2019,2019-07-24,5,0.0,12.11,0,0,,,0.0,2.53,0,0,0.96,15.599999999999998,31.199999999999996,1.0,0.0,5.42,0.0,94.58,100.0,3.3,3.5,45.8,48.4,59.0,62.4,76.0,44.8,47.4,0.4472,0.4728,0.3758,0.3973,0.1434,0.1517,0.33,0.35,0.12,0.13,0.8,0.85,0.09,0.09,64.0,66.1,69.9,51.0,21.07,22.28,4.08,4.31,3.7,3.9,0.0,0.0,Trimble 196,,North_Owens,North_Owens_Pt5_No,487647.78099999996,4798656.63
WG-051,North Owens - No PD,No,2019,2019-07-24,8,4.05,48.33,0.08,0.03,,,0.0,0.34,4.39,0,8.03,65.25,130.5,26.0,3.0,4.99,0.0,95.01,100.0,4.8,5.1,45.4,47.8,64.9,68.3,70.0,45.7,48.1,0.457,0.481,0.3889,0.4093,0.1548,0.163,0.4,0.42,0.1,0.11,0.91,0.96,0.1,0.11,61.0,70.1,73.8,86.0,8.28,8.71,4.26,4.48,1.9,2.0,0.6,0.7,Trimble 199,,North_Owens,North_Owens_Pt8_No,487787.78099999996,4798726.63
WG-052,North Owens - No PD,No,2019,2019-07-24,9,0.0,11.15,49.69,0,,,0.0,7.6,0,0,0,68.44,136.88,0.0,0.0,4.71,0.0,95.29,100.0,6.6,6.9,47.2,49.5,71.6,75.1,62.0,43.9,46.1,0.4368,0.4584,0.3586,0.3763,0.1256,0.1319,0.42,0.44,0.09,0.09,0.15,0.16,0.13,0.14,34.0,51.2,53.7,54.0,5.81,6.1,8.38,8.79,2.0,2.1,2.3,2.4,Trimble 200,,North_Owens,North_Owens_Pt9_No,487787.78099999996,4798016.63
WG-053,North Owens - No PD,No,2019,2019-07-24,12,6.54,8.53,0,0,,,0.0,0.24,7.32,4.55,1.23,28.410000000000004,56.82000000000001,0.0,0.0,5.23,0.0,94.77,100.0,6.9,7.3,41.8,44.1,56.2,59.3,86.0,49.6,52.3,0.5003,0.5279,0.4516,0.4765,0.2139,0.2257,0.89,0.94,0.15,0.16,0.63,0.66,0.23,0.24,44.0,65.2,68.8,88.0,7.96,8.4,7.74,8.17,2.4,2.5,0.5,0.6,Trimble 203,subshrub=4.55g,North_Owens,North_Owens_Pt12_No,487557.78099999996,4798336.63
WG-078,Top,No,2019,2019-07-25,1,3.9,55.19,33.06,0.11,,,0.0,0.64,3.42,0,19.67,115.99000000000001,231.98000000000002,2.0,4.0,5.27,0.0,94.73,100.0,7.9,8.3,43.9,46.4,65.5,69.2,71.0,47.1,49.7,0.4724,0.4987,0.4119,0.4348,0.177,0.1869,0.36,0.38,0.14,0.15,0.56,0.59,0.11,0.12,47.0,60.0,63.3,74.0,8.8,9.29,6.29,6.64,1.7,1.8,0.8,0.9,,,Top,Top_Pt1_No,484517.781,4792596.63
WG-079,Top,No,2019,2019-07-25,2,0.3,39.59,14.82,0.01,,,0.0,1.56,3.75,0,16.72,76.75,153.5,0.0,0.0,5.09,0.0,94.91,100.0,8.1,8.5,44.8,47.2,69.8,73.6,66.0,46.3,48.8,0.4638,0.4887,0.399,0.4204,0.1645,0.1733,0.33,0.35,0.11,0.12,0.51,0.54,0.09,0.1,46.0,60.8,64.0,81.0,3.64,3.83,6.72,7.08,1.2,1.3,1.0,1.0,,,Top,Top_Pt2_No,484067.781,4792576.63
WG-080,Top,No,2019,2019-07-29,3,6.39,20.63,24,0.41,,,0.0,17.36,5.79,0,2.97,77.55,155.1,2.0,0.0,5.01,0.0,94.99,100.0,8.3,8.8,44.0,46.4,65.1,68.5,72.0,47.2,49.7,0.4738,0.4988,0.4132,0.435,0.1777,0.1871,0.51,0.54,0.12,0.13,0.9,0.95,0.12,0.13,45.0,63.1,66.5,84.0,5.03,5.3,7.26,7.64,1.5,1.5,1.5,1.6,Trimble 219,,Top,Top_Pt3_No,484487.781,4793736.63
WG-081,Top,No,2019,2019-07-29,4,15.74,17.02,12.41,0.49,,,0.0,10.5,4.83,0,2.36,63.35,126.7,0.0,0.0,5.4,0.0,94.6,100.0,7.5,7.9,39.1,41.3,63.9,67.5,78.0,52.5,55.5,0.5327,0.5631,0.4975,0.5259,0.2568,0.2714,0.44,0.46,0.13,0.14,0.72,0.76,0.14,0.15,43.0,61.4,64.9,90.0,4.73,5.0,6.67,7.05,2.4,2.5,3.0,3.2,,,Top,Top_Pt4_No,484917.781,4793626.63
WG-082,Top,No,2019,2019-07-29,5,9.2,5.1,0,0.06,,,0.0,2.32,1.4,0,0.45,18.529999999999998,37.059999999999995,25.0,4.0,5.53,0.0,94.47,100.0,8.1,8.6,38.4,40.7,59.7,63.2,84.0,53.0,56.1,0.5391,0.5707,0.5068,0.5364,0.2656,0.2812,0.51,0.54,0.15,0.16,1.01,1.07,0.14,0.15,54.0,68.2,72.2,106.0,6.74,7.13,5.58,5.91,2.3,2.4,1.4,1.5,Trimble221,,Top,Top_Pt5_No,485057.781,4792466.63
WG-083,Top,No,2019,2019-07-29,6,12.62,15.06,9.03,1.31,,,0.0,26.93,3.01,0,2.17,70.13000000000001,140.26000000000002,0.0,0.0,5.21,0.0,94.79,100.0,8.1,8.5,39.6,41.8,63.0,66.5,79.0,52.0,54.9,0.5275,0.5565,0.4897,0.5167,0.2492,0.2629,0.49,0.52,0.17,0.18,0.8,0.84,0.15,0.16,42.0,60.9,64.3,92.0,4.45,4.69,7.52,7.93,2.5,2.6,2.1,2.2,Trimble 222,AF=27.00g,Top,Top_Pt6_No,485457.781,4792786.63
WG-084,Top,No,2019,2019-07-29,7,0.69,8.21,24.24,0,,,0.0,3.65,0.59,0,2.3,39.68,79.36,0.0,3.0,5.0,0.0,95.0,100.0,7.3,7.7,46.8,49.3,72.0,75.8,62.0,44.0,46.3,0.4384,0.4615,0.3617,0.3808,0.1293,0.1361,0.37,0.39,0.11,0.12,0.58,0.61,0.11,0.12,39.0,54.8,57.7,65.0,3.27,3.44,8.07,8.5,1.2,1.2,1.3,1.4,Trinble 223,,Top,Top_Pt7_No,485147.781,4792856.63
WG-085,Top,No,2019,2019-07-29,8,0.0,62.29,4.35,0.07,,,0.0,8.01,0.69,0,1.95,77.36,154.72,0.0,0.0,5.23,0.0,94.77,100.0,7.1,7.5,38.7,40.8,64.5,68.1,78.0,53.1,56.0,0.5393,0.5691,0.5062,0.5341,0.2645,0.279,0.32,0.34,0.16,0.17,0.91,0.96,0.12,0.13,48.0,63.6,67.1,93.0,5.35,5.65,5.58,5.89,2.4,2.6,2.1,2.2,Trimble 224,,Top,Top_Pt8_No,485437.781,4791876.63
WG-037,Mid Weiss Pasture K,No,2019,2019-07-30,4,0.0,39.75,15.79,0,,,0.0,1.07,0,0,9.38,65.99,131.98,60.0,0.0,4.74,0.0,95.26,100.0,6.7,7.1,46.0,48.3,75.2,79.0,60.0,45.3,47.5,0.4521,0.4746,0.3809,0.3999,0.1468,0.1541,0.27,0.28,0.1,0.11,0.51,0.54,0.09,0.09,44.0,54.8,57.5,68.0,3.66,3.84,6.88,7.22,1.3,1.4,0.4,0.4,,,East_Weiss,East_Weiss_Pt4_No,487977.78099999996,4789506.63
WG-038,Mid Weiss Pasture K,No,2019,2019-07-30,5,1.32,36.57,28.24,0.03,,,0.0,2.35,1.53,0,6.9,76.94,153.88,0.0,0.0,4.91,0.0,95.09,100.0,7.4,7.8,43.6,45.9,70.5,74.1,67.0,47.8,50.2,0.4801,0.5049,0.422,0.4438,0.1856,0.1952,0.26,0.27,0.11,0.12,0.55,0.58,0.09,0.09,42.0,56.7,59.6,73.0,4.67,4.91,6.96,7.32,1.5,1.6,1.6,1.6,,,East_Weiss,East_Weiss_Pt5_No,487827.78099999996,4789476.63
WG-039,Mid Weiss Pasture K,No,2019,2019-07-30,8,2.66,5.15,35.08,0,,,0.0,0.76,4.28,0,1.57,49.5,99.0,65.0,4.0,4.82,0.0,95.18,100.0,6.2,6.6,48.7,51.2,75.9,79.7,57.0,42.1,44.2,0.4168,0.4379,0.3292,0.3458,0.0981,0.1031,0.34,0.36,0.1,0.1,0.4,0.42,0.1,0.1,41.0,51.7,54.3,58.0,3.07,3.23,7.79,8.18,1.2,1.3,1.1,1.1,,,East_Weiss,East_Weiss_Pt8_No,488497.78099999996,4789536.63
WG-040,Mid Weiss Pasture K,No,2019,2019-07-30,11,5.42,12.98,31.24,0,,,0.0,3.64,0,0,1.64,54.92,109.84,28.0,5.0,4.82,0.0,95.18,100.0,4.7,4.9,49.5,52.0,75.7,79.6,57.0,41.2,43.3,0.4067,0.4273,0.3142,0.3301,0.0839,0.0881,0.26,0.27,0.08,0.08,0.37,0.39,0.04,0.04,41.0,51.9,54.5,52.0,3.48,3.66,7.84,8.24,1.1,1.1,0.9,0.9,,,East_Weiss,East_Weiss_Pt11_No,487957.78099999996,4789626.63
WG-041,Mid Weiss Pasture K,No,2019,2019-07-30,16,9.22,59.35,21.3,0.14,,,0.0,3.71,3.62,0,0,97.34,194.68,0.0,0.0,4.7,0.0,95.3,100.0,7.8,8.2,43.3,45.5,71.7,75.2,66.0,48.3,50.7,0.4864,0.5104,0.4304,0.4516,0.193,0.2025,0.34,0.36,0.13,0.14,0.46,0.48,0.1,0.11,41.0,56.6,59.3,77.0,3.0,3.15,7.38,7.74,2.0,2.1,1.2,1.2,,,East_Weiss,East_Weiss_Pt16_No,488457.78099999996,4789076.63
WG-020,East NE Weiss,No,2019,2019-08-01,1,1.19,34.57,32.32,0,,,0.0,19.09,0.8,0,3.75,91.72,183.44,0.0,0.0,6.2,0.0,93.8,100.0,7.1,7.5,43.8,46.7,67.6,72.1,68.0,46.3,49.3,0.4641,0.4948,0.4025,0.4292,0.1703,0.1816,0.41,0.44,0.14,0.15,0.7,0.75,0.12,0.13,42.0,56.9,60.6,74.0,4.76,5.07,7.41,7.9,2.1,2.2,1.3,1.4,GPS 1,,East_Weiss,East_Weiss_Pt1_No,487377.78099999996,4788436.63
WG-021,East NE Weiss,No,2019,2019-08-01,2,0.0,37.52,24.5,0.01,,,0.0,0.68,2.39,0,8.5,73.6,147.2,0.0,0.0,5.39,0.0,94.61,100.0,8.0,8.5,45.3,47.9,70.4,74.4,65.0,45.3,47.9,0.4532,0.479,0.3845,0.4064,0.1516,0.1602,0.32,0.34,0.13,0.14,0.81,0.86,0.1,0.11,49.0,60.5,64.0,76.0,5.63,5.95,6.11,6.46,1.7,1.8,0.4,0.4,GPS 5,,East_Weiss,East_Weiss_Pt2_No,487557.78099999996,4791366.63
WG-022,East NE Weiss,No,2019,2019-08-01,3,0.0,50.26,1.24,0.06,,,0.0,8.63,2.51,0,1.16,63.86,127.72,0.0,0.0,6.08,0.0,93.92,100.0,8.3,8.8,39.1,41.7,67.6,72.0,73.0,51.7,55.0,0.5244,0.5584,0.4877,0.5193,0.2493,0.2654,0.43,0.46,0.17,0.18,0.82,0.87,0.19,0.2,42.0,58.6,62.4,87.0,3.53,3.76,6.44,6.86,3.1,3.3,2.2,2.3,GPS 6,,East_Weiss,East_Weiss_Pt3_No,486997.78099999996,4791086.63
WG-023,East NE Weiss,No,2019,2019-08-01,4,1.16,39.55,0,0,,,0.0,20.83,0,0,4.35,65.88999999999999,131.77999999999997,0.0,50.0,5.19,0.0,94.81,100.0,7.1,7.5,42.7,45.0,66.3,70.0,72.0,48.6,51.2,0.4891,0.5158,0.4355,0.4594,0.1989,0.2098,0.6,0.63,0.15,0.16,0.83,0.88,0.14,0.15,40.0,60.1,63.4,80.0,3.8,4.01,7.8,8.23,2.4,2.6,1.7,1.8,GPS 3,,East_Weiss,East_Weiss_Pt4_No,487977.78099999996,4789506.63
WG-024,East NE Weiss,No,2019,2019-08-01,5,2.58,68.04,15.3,0,,,0.0,1.01,0.71,0,5.98,93.62,187.24,0.0,0.0,6.27,0.0,93.73,100.0,6.6,7.1,39.7,42.3,69.5,74.2,70.0,50.9,54.3,0.5153,0.5498,0.4755,0.5073,0.2383,0.2542,0.31,0.33,0.12,0.13,0.52,0.55,0.12,0.13,42.0,57.2,61.1,80.0,3.6,3.84,6.66,7.11,2.0,2.1,2.0,2.2,GPS 7,,East_Weiss,East_Weiss_Pt5_No,487827.78099999996,4789476.63
WG-025,East NE Weiss,No,2019,2019-08-01,6,1.68,52.89,55.67,0,,,0.0,0.18,2.13,0,7.1,119.65,239.3,0.0,0.0,5.24,0.0,94.76,100.0,7.1,7.4,49.4,52.2,69.4,73.2,61.0,40.8,43.1,0.403,0.4253,0.3099,0.3271,0.0808,0.0852,0.33,0.35,0.12,0.13,0.19,0.2,0.07,0.07,42.0,52.8,55.7,48.0,10.7,11.29,7.5,7.91,1.4,1.5,0.0,0.0,GPS 2,,East_Weiss,East_Weiss_Pt6_No,486847.78099999996,4791306.63
WG-026,East NE Weiss,No,2019,2019-08-05,7,11.47,17.49,0,0.01,,,0.0,0.86,0.87,0,1.81,32.510000000000005,65.02000000000001,0.0,0.0,5.96,0.0,94.04,100.0,3.8,4.1,42.5,45.2,62.2,66.1,76.0,48.0,51.0,0.4833,0.5139,0.4294,0.4567,0.1949,0.2073,0.39,0.41,0.11,0.12,0.44,0.47,0.1,0.11,58.0,64.5,68.6,67.0,13.24,14.08,4.02,4.27,3.0,3.2,0.6,0.7,GPS 4,,East_Weiss,East_Weiss_Pt7_No,486617.781,4788956.63
WG-001,Cameron  Place,No,2019,2019-08-06,2,12.74,15.26,0.82,0.19,,,0.0,12.74,0,0,0.58,42.33,84.66,25.0,12.0,-1.0,-1.0,-1.0,-1.0,-1.0,-1.0,-1.0,-1.0,-1.0,-1.0,-1.0,-1.0,-1.0,-1.0,-1.0,-1.0,-1.0,-1.0,-1.0,-1.0,-1.0,-1.0,-1.0,-1.0,-1.0,-1.0,-1.0,-1.0,-1.0,-1.0,-1.0,-1.0,-1.0,-1.0,-1.0,-1.0,-1.0,-1.0,-1.0,Trimble 350,,Cameron_Place,Cameron_Place_Pt2_No,489707.78099999996,4793006.63
WG-002,Cameron  Place,No,2019,2019-08-06,6,4.6,47.73,7.65,0.76,,,0.0,4.24,0.19,0,1.05,66.21999999999998,132.43999999999997,0.0,6.0,-1.0,-1.0,-1.0,-1.0,-1.0,-1.0,-1.0,-1.0,-1.0,-1.0,-1.0,-1.0,-1.0,-1.0,-1.0,-1.0,-1.0,-1.0,-1.0,-1.0,-1.0,-1.0,-1.0,-1.0,-1.0,-1.0,-1.0,-1.0,-1.0,-1.0,-1.0,-1.0,-1.0,-1.0,-1.0,-1.0,-1.0,-1.0,-1.0,Trimble 354,,Cameron_Place,Cameron_Place_Pt6_No,489717.78099999996,4792806.63
WG-003,Cameron  Place,No,2019,2019-08-06,9,6.61,13.5,5.15,0.01,,,0.0,4.81,0,0,0.36,30.439999999999998,60.879999999999995,49.0,2.0,-1.0,-1.0,-1.0,-1.0,-1.0,-1.0,-1.0,-1.0,-1.0,-1.0,-1.0,-1.0,-1.0,-1.0,-1.0,-1.0,-1.0,-1.0,-1.0,-1.0,-1.0,-1.0,-1.0,-1.0,-1.0,-1.0,-1.0,-1.0,-1.0,-1.0,-1.0,-1.0,-1.0,-1.0,-1.0,-1.0,-1.0,-1.0,-1.0,Trimble 357,,Cameron_Place,Cameron_Place_Pt9_No,490257.78099999996,4792206.63
WG-004,Cameron  Place,No,2019,2019-08-06,10,16.7,9.23,0.35,1.7,,,0.0,9.84,0,0,0.44,38.26,76.52,0.0,0.0,-1.0,-1.0,-1.0,-1.0,-1.0,-1.0,-1.0,-1.0,-1.0,-1.0,-1.0,-1.0,-1.0,-1.0,-1.0,-1.0,-1.0,-1.0,-1.0,-1.0,-1.0,-1.0,-1.0,-1.0,-1.0,-1.0,-1.0,-1.0,-1.0,-1.0,-1.0,-1.0,-1.0,-1.0,-1.0,-1.0,-1.0,-1.0,-1.0,,,Cameron_Place,Cameron_Place_Pt10_No,490177.78099999996,4792996.63
WG-067,North School Section H,No,2019,2019-08-12,2,0.0,35.44,39.82,0,,,0.0,3.6,0,0,7.45,86.30999999999999,172.61999999999998,23.0,0.0,5.44,0.0,94.56,100.0,7.2,7.6,46.9,49.6,71.6,75.7,62.0,43.5,46.0,0.4329,0.4578,0.3549,0.3753,0.1239,0.131,0.32,0.34,0.12,0.13,0.2,0.21,0.08,0.08,40.0,52.9,56.0,64.0,3.84,4.06,7.87,8.32,1.5,1.6,0.4,0.5,,,East_Weiss,East_Weiss_Pt2_No,487557.78099999996,4791366.63
WG-068,North School Section H,No,2019,2019-08-12,22,18.02,27.69,21.55,0,,,0.0,11.16,0,0,3.74,82.16,164.32,0.0,1.0,5.39,0.0,94.61,100.0,6.8,7.2,44.4,47.0,69.2,73.1,67.0,46.3,49.0,0.4645,0.491,0.4008,0.4237,0.1669,0.1764,0.37,0.39,0.12,0.13,0.41,0.43,0.08,0.08,42.0,56.5,59.7,74.0,4.23,4.47,7.45,7.87,1.8,1.9,0.8,0.9,,,East_Weiss,East_Weiss_Pt22_No,487617.78099999996,4791256.63
WG-069,North School Section H,No,2019,2019-08-12,29,3.62,15.73,0.31,0.06,,,0.0,4.6,0.01,0,1.1,25.430000000000003,50.86000000000001,45.0,7.0,5.37,0.0,94.63,100.0,6.9,7.3,43.9,46.4,66.0,69.8,70.0,46.9,49.6,0.4712,0.4979,0.4104,0.4337,0.1759,0.1859,0.47,0.5,0.13,0.14,0.62,0.65,0.1,0.11,53.0,63.9,67.6,92.0,4.92,5.2,5.8,6.13,2.1,2.3,1.0,1.1,,,East_Weiss,East_Weiss_Pt29_No,487687.78099999996,4790836.63
WG-086,Center Owens,No,2020,2020-06-22,1,,46.75,,,,,,,,,49.95,96.7,193.4,,,,,,,,,,,,,,,,,,,,,,,,,,,,,,,,,,,,,,,,,,"cattle ended up not grazing in Center Owens, 5 meters North","SD reweigh in weight, original: 49.31. C3P reweigh = 47.25",Center_Owens,Center_Owens_Pt1_No,488527.78099999996,4795776.63
WG-087,Center Owens,No,2020,2020-06-22,3,,1.15,,,10.02,,,,,,2.5,13.67,27.34,,5.0,,,,,,,,,,,,,,,,,,,,,,,,,,,,,,,,,,,,,,,,"cattle ended up not grazing in Center Owens, 5 meters North",,Center_Owens,Center_Owens_Pt3_No,488157.78099999996,4795996.63
WG-088,Center Owens,No,2020,2020-06-22,4,,6.45,,0.0059,9.11,0.03,,,,,10.11,25.7059,51.4118,,5.0,,,,,,,,,,,,,,,,,,,,,,,,,,,,,,,,,,,,,,,,"cattle ended up not grazing in Center Owens, 5 meters North",,Center_Owens,Center_Owens_Pt4_No,487927.78099999996,4796656.63
WG-089,Center Owens,No,2020,2020-06-22,9,,2.83,0.12,,8.7,,,,,,6.95,18.599999999999998,37.199999999999996,25.0,,,,,,,,,,,,,,,,,,,,,,,,,,,,,,,,,,,,,,,,,"cattle ended up not grazing in Center Owens, 5 meters North",,Center_Owens,Center_Owens_Pt9_No,488297.78099999996,4796686.63
WG-090,Center Owens,No,2020,2020-06-22,10,,3.2,,,10.35,2.63,,,,,9.12,25.299999999999997,50.599999999999994,6.0,19.0,,,,,,,,,,,,,,,,,,,,,,,,,,,,,,,,,,,,,,,,"cattle ended up not grazing in Center Owens, 5 meters North",BoBu reweigh: 10.31g,Center_Owens,Center_Owens_Pt10_No,487847.78099999996,4795976.63
WG-093,North Owens -PD,Yes,2020,2020-06-24,2,,6.13,0.49,0.0112,4.41,,,0.1,,,3.35,14.4912,28.9824,5.0,10.0,,,,,,,,,,,,,,,,,,,,,,,,,,,,,,,,,,,,,,,,"grazing by sheep prior to cattle entering, 5 meters North",,North_Owens,North_Owens_Pt2_Yes,489087.78099999996,4798826.63
WG-094,North Owens -PD,Yes,2020,2020-06-24,3,,1.32,0.05,0.008,3.05,,,0.42,,,0.85,5.6979999999999995,11.395999999999999,,,,,,,,,,,,,,,,,,,,,,,,,,,,,,,,,,,,,,,,,,"grazing by sheep prior to cattle entering, 5 meters North",,North_Owens,North_Owens_Pt3_Yes,489067.78099999996,4798606.63
WG-095,North Owens -PD,Yes,2020,2020-06-24,4,,27.799999999999997,6.18,0.2,4.04,9.15,,0.0358,0.17,,44.85,92.42580000000001,184.85160000000002,,,,,,,,,,,,,,,,,,,,,,,,,,,,,,,,,,,,,,,,,,"grazing by sheep prior to cattle entering, 5 meters North","SD reweigh: 44.90g, other C4 reweigh: 9.10g",North_Owens,North_Owens_Pt4_Yes,488907.78099999996,4798256.63
WG-096,North Owens -PD,Yes,2020,2020-06-24,5,,14.41,2.9,,4.57,,,0.0233,0.0265,,4.99,26.919799999999995,53.83959999999999,0.5,,,,,,,,,,,,,,,,,,,,,,,,,,,,,,,,,,,,,,,,,"grazing by sheep prior to cattle entering, 5 meters North",,North_Owens,North_Owens_Pt5_Yes,488957.78099999996,4798676.63
WG-097,North Owens -PD,Yes,2020,2020-06-24,6,,19.58,0.13,,,6.24,,0.0365,0.13,,11.55,37.6665,75.333,8.0,23.0,,,,,,,,,,,,,,,,,,,,,,,,,,,,,,,,,,,,,,,,"grazing by sheep prior to cattle entering, 5 meters North",other C4 reweigh: 6.27g,North_Owens,North_Owens_Pt6_Yes,488927.78099999996,4798036.63
WG-098,North Owens -PD,Yes,2020,2020-06-24,7,,24.03,0.01,,0.32,,,,0.67,,12.33,37.36000000000001,74.72000000000001,25.0,,,,,,,,,,,,,,,,,,,,,,,,,,,,,,,,,,,,,,,,,"grazing by sheep prior to cattle entering, 5 meters North",,North_Owens,North_Owens_Pt7_Yes,489447.78099999996,4798356.63
WG-099,North Owens -PD,Yes,2020,2020-06-24,8,,2.7,,,0.29,,,,0.26,,1.32,4.57,9.14,38.0,11.0,,,,,,,,,,,,,,,,,,,,,,,,,,,,,,,,,,,,,,,,"grazing by sheep prior to cattle entering, 5 meters North",,North_Owens,North_Owens_Pt8_Yes,489197.78099999996,4798516.63
WG-100,North Owens -PD,Yes,2020,2020-06-24,9,,12.31,0.0143,,0.65,,,,2.29,,5.06,20.3243,40.6486,27.0,,,,,,,,,,,,,,,,,,,,,,,,,,,,,,,,,,,,,,,,,"grazing by sheep prior to cattle entering, 5 meters North",PF reweigh: 2.27g,North_Owens,North_Owens_Pt9_Yes,489337.78099999996,4797976.63
WG-101,North Owens -PD,Yes,2020,2020-06-24,10,,30.01,8.08,0.53,10.19,,,0.86,0.84,,8.09,58.60000000000001,117.20000000000002,,,,,,,,,,,,,,,,,,,,,,,,,,,,,,,,,,,,,,,,,,"grazing by sheep prior to cattle entering, 5 meters North",VUOC reweigh: 0.51g   AF reweigh: 0.84g,North_Owens,North_Owens_Pt10_Yes,488937.78099999996,4798486.63
WG-102,North Owens -PD,Yes,2020,2020-06-24,11,,13.47,,,,0.13,,,6.45,,9.45,29.5,59.0,,2.0,,,,,,,,,,,,,,,,,,,,,,,,,,,,,,,,,,,,,,,,"grazing by sheep prior to cattle entering, 5 meters North",PF reweigh: 6.40g,North_Owens,North_Owens_Pt11_Yes,489097.78099999996,4798316.63
WG-103,North Owens -PD,Yes,2020,2020-06-24,13,,25.64,2.11,0.0019,0.75,,,0.04,0.93,,22.389999999999997,51.86189999999999,103.72379999999998,,3.0,,,,,,,,,,,,,,,,,,,,,,,,,,,,,,,,,,,,,,,,"grazing by sheep prior to cattle entering, 5 meters North",,North_Owens,North_Owens_Pt13_Yes,489307.78099999996,4798336.63
WG-104,North Owens - No PD,No,2020,2020-06-23,1,,44.36,0.47,,,,,0.0339,6.76,,,51.6239,103.2478,,,,,,,,,,,,,,,,,,,,,,,,,,,,,,,,,,,,,,,,,,"grazing in pasture by sheep prior to cattle entry, 5 meters North",C3P reweigh: 44.40g   PF reweigh: 6.79g,North_Owens,North_Owens_Pt1_No,488447.78099999996,4799306.63
WG-105,North Owens - No PD,No,2020,2020-06-23,3,,20.04,0.24,,4.66,,,,,21.46,5.680000000000001,52.08,104.16,,,,,,,,,,,,,,,,,,,,,,,,,,,,,,,,,,,,,,,,,,"grazing in pasture by sheep prior to cattle entry, 5 meters North",,North_Owens,North_Owens_Pt3_No,487917.78099999996,4798466.63
WG-106,North Owens - No PD,No,2020,2020-06-23,6,,19.43,4.63,0.0038,7.46,,,1.3,0.85,,6.39,40.0638,80.1276,,6.0,,,,,,,,,,,,,,,,,,,,,,,,,,,,,,,,,,,,,,,,"grazing in pasture by sheep prior to cattle entry, 5 meters North",AF reweigh: 1.36g,North_Owens,North_Owens_Pt6_No,488737.78099999996,4799526.63
WG-107,North Owens - No PD,No,2020,2020-06-23,7,,3.02,5.72,,10.38,,,0.79,,,4.73,24.64,49.28,,,,,,,,,,,,,,,,,,,,,,,,,,,,,,,,,,,,,,,,,,"grazing in pasture by sheep prior to cattle entry, 5 meters North",BoBu reweigh: 10.33g,North_Owens,North_Owens_Pt7_No,488707.78099999996,4799016.63
WG-108,North Owens - No PD,No,2020,2020-06-23,8,,12.18,,0.0025,0.35,,,0.5151,0.54,,9.11,22.697599999999998,45.395199999999996,38.0,1.0,,,,,,,,,,,,,,,,,,,,,,,,,,,,,,,,,,,,,,,,"grazing in pasture by sheep prior to cattle entry, 5 meters North",,North_Owens,North_Owens_Pt8_No,487787.78099999996,4798726.63
WG-109,North Owens - No PD,No,2020,2020-06-23,10,,23.14,0.0229,0.0292,4.11,,,0.34,,,6.34,33.9821,67.9642,,,,,,,,,,,,,,,,,,,,,,,,,,,,,,,,,,,,,,,,,,"grazing in pasture by sheep prior to cattle entry, 5 meters North",,North_Owens,North_Owens_Pt10_No,489137.78099999996,4799196.63
WG-110,North Owens - No PD,No,2020,2020-06-23,11,,9.91,6.25,1.47,0.38,,,0.53,0.08,,1.45,20.069999999999997,40.13999999999999,3.0,18.0,,,,,,,,,,,,,,,,,,,,,,,,,,,,,,,,,,,,,,,,"grazing in pasture by sheep prior to cattle entry, 5 meters North",VUOC reweigh: 1.56g,North_Owens,North_Owens_Pt11_No,488617.78099999996,4798926.63
WG-111,North Owens - No PD,No,2020,2020-06-23,12,,33.58,39.66,,3.72,0.99,,0.045,0.86,,14.96,93.815,187.63,,,,,,,,,,,,,,,,,,,,,,,,,,,,,,,,,,,,,,,,,,"grazing in pasture by sheep prior to cattle entry, 5 meters North",Brome reweigh: 39.97g,North_Owens,North_Owens_Pt12_No,487557.78099999996,4798336.63
WG-112,Top,No,2020,2020-07-27,1,,1.6,7.27,0.0164,5.61,,,0.0062,0.24,,6.08,20.8226,41.6452,,9.0,,,,,,,,,,,,,,,,,,,,,,,,,,,,,,,,,,,,,,,,"mass clip, 5 meters North",,Top,Top_Pt1_No,484517.781,4792596.63
WG-113,Top,No,2020,2020-07-27,2,,4.86,4.29,3.31,2.22,3.54,0.0058,0.71,0.42,,10.4,29.755800000000008,59.511600000000016,,,,,,,,,,,,,,,,,,,,,,,,,,,,,,,,,,,,,,,,,,"mass clip, 5 meters North",VUOC reweigh: 3.39g,Top,Top_Pt2_No,484067.781,4792576.63
WG-114,Top,No,2020,2020-07-27,3,,4.21,16.4,0.0281,1.92,,,,,,2.33,24.888099999999994,49.77619999999999,35.0,,,,,,,,,,,,,,,,,,,,,,,,,,,,,,,,,,,,,,,,,5 meters North,,Top,Top_Pt3_No,484487.781,4793736.63
WG-115,Top,No,2020,2020-07-27,4,,12.3,15.17,0.05,3.29,,,1.3900000000000001,9.88,,7.2,49.28,98.56,,,,,,,,,,,,,,,,,,,,,,,,,,,,,,,,,,,,,,,,,,"mass clip, 5 meters North",AF reweigh: 1.42g   PF reweigh: 10.19g,Top,Top_Pt4_No,484917.781,4793626.63
WG-116,Top,No,2020,2020-07-27,5,,8.4,,,0.43,6.56,,0.45999999999999996,0.0743,,3.77,19.694300000000002,39.388600000000004,37.0,,,,,,,,,,,,,,,,,,,,,,,,,,,,,,,,,,,,,,,,,5 meters North,other C4 reweigh: 6.63g,Top,Top_Pt5_No,485057.781,4792466.63
WG-117,Top,No,2020,2020-07-27,6,,2.55,10.6,0.1,2.83,,,0.19,0.47,,4.03,20.77,41.54,,,,,,,,,,,,,,,,,,,,,,,,,,,,,,,,,,,,,,,,,,5 meters North,,Top,Top_Pt6_No,485457.781,4792786.63
WG-118,Top,No,2020,2020-07-27,7,,7.3,14.12,1.18,1.46,1.48,,0.25,0.35,,2.32,28.46,56.92,11.0,,,,,,,,,,,,,,,,,,,,,,,,,,,,,,,,,,,,,,,,,5 meters North,VUOC reweigh: 1.21g,Top,Top_Pt7_No,485147.781,4792856.63
WG-119,Top,No,2020,2020-07-27,8,,11.2,13.84,0.03,1.93,,,1.01,,,11.94,39.95,79.9,,,,,,,,,,,,,,,,,,,,,,,,,,,,,,,,,,,,,,,,,,"mass clip, 5 meters North",AF reweigh: 1.01g,Top,Top_Pt8_No,485437.781,4791876.63
WG-120,Top,No,2020,2020-07-27,9,,9.29,11.41,0.73,,,,0.06,1.41,,0.36,23.259999999999998,46.519999999999996,,,,,,,,,,,,,,,,,,,,,,,,,,,,,,,,,,,,,,,,,,"mass clip, 5 meters North",VUOC reweigh: 0.70g,Top,Top_Pt9_No,484227.781,4793846.63
WG-121,Top,No,2020,2020-07-27,10,,14.05,12.19,0.0729,,,,0.0386,,,5.29,31.6415,63.283,,,,,,,,,,,,,,,,,,,,,,,,,,,,,,,,,,,,,,,,,,5 meters North,,Top,Top_Pt10_No,484307.781,4792736.63
WG-122,Top,No,2020,2020-07-27,11,,8.7,0.07,0.19,0.07,7.45,,0.3,0.0663,,2.38,19.2263,38.4526,25.0,2.0,,,,,,,,,,,,,,,,,,,,,,,,,,,,,,,,,,,,,,,,"mass clip, 4 meters North","BoBu reweigh: 0.04g, other C4 reweigh: 7.52g",Top,Top_Pt11_No,485287.781,4792826.63
WG-123,Top,No,2020,2020-07-27,12,,9.41,3.23,0.09,6.73,3.68,,0.21,0.3,,10.23,33.88,67.76,2.0,,,,,,,,,,,,,,,,,,,,,,,,,,,,,,,,,,,,,,,,,"mass clip, 5 meters North",,Top,Top_Pt12_No,484337.781,4793356.63
WG-124,Top,No,2020,2020-07-27,13,,11.22,17.11,,3.43,,,0.25,0.8899999999999999,,7.28,40.18,80.36,,,,,,,,,,,,,,,,,,,,,,,,,,,,,,,,,,,,,,,,,,"mass clip, 5 meters North",,Top,Top_Pt13_No,484427.781,4793536.63
WG-125,Top,No,2020,2020-07-27,14,,3.45,,,1.01,2.88,,0.0932,5.28,,2.04,14.7532,29.5064,4.0,,,,,,,,,,,,,,,,,,,,,,,,,,,,,,,,,,,,,,,,,5 meters North,PF reweigh: 5.48g,Top,Top_Pt14_No,484657.781,4793586.63
WG-126,East Weiss K,No,2020,2020-07-22,4,,20.3,0.19,0.0431,,,,0.67,,,7.32,28.523100000000003,57.046200000000006,3.0,15.0,,,,,,,,,,,,,,,,,,,,,,,,,,,,,,,,,,,,,,,,5 meters North,,East_Weiss,East_Weiss_Pt4_No,487977.78099999996,4789506.63
WG-127,East Weiss K,No,2020,2020-07-22,5,,34.3,2.75,0.0109,,,,0.0339,0.1,,23.29,60.4848,120.9696,,,,,,,,,,,,,,,,,,,,,,,,,,,,,,,,,,,,,,,,,,5 meters North,,East_Weiss,East_Weiss_Pt5_No,487827.78099999996,4789476.63
WG-128,East Weiss K,No,2020,2020-07-22,8,,10.19,2.35,,2.1,,,0.26,0.71,,2.1,17.71,35.42,1.0,52.0,,,,,,,,,,,,,,,,,,,,,,,,,,,,,,,,,,,,,,,,5 meters North,,East_Weiss,East_Weiss_Pt8_No,488497.78099999996,4789536.63
WG-129,East Weiss K,No,2020,2020-07-22,11,,4.6,9.4,,1.69,,,0.08,,,2.44,18.21,36.42,43.0,10.0,,,,,,,,,,,,,,,,,,,,,,,,,,,,,,,,,,,,,,,,5 meters North,,East_Weiss,East_Weiss_Pt11_No,487957.78099999996,4789626.63
WG-130,East Weiss K,No,2020,2020-07-22,16,,13.13,14.84,0.03,2.27,1.78,,0.13,0.84,,11.91,44.93000000000001,89.86000000000001,13.0,,,,,,,,,,,,,,,,,,,,,,,,,,,,,,,,,,,,,,,,,"mass clip, 5 meters North",,East_Weiss,East_Weiss_Pt16_No,488457.78099999996,4789076.63
WG-131,SW Section 4,No,2020,2020-06-04,329,,9.61,28.71,,16.71,0.14,,0.0524,,,12.69,67.9124,135.8248,0.0,0.0,,,,,,,,,,,,,,,,,,,,,,,,,,,,,,,,,,,,,,,,trimble 329,Brome reweigh: 28.94g,Section_4,Section_4_Pt329_No,,
WG-132,W Weiss E,No,2020,2020-06-01,3,,27.85,11.5,0.1,,,,0.58,,,26.66,66.69,133.38,0.0,23.0,,,,,,,,,,,,,,,,,,,,,,,,,,,,,,,,,,,,,,,,,SD reweigh: 26.96g,West_Weiss,West_Weiss_Pt3_No,484697.781,4788456.63
WG-133,W Weiss E,No,2020,2020-06-01,5,,14.18,7.36,0.09,1.02,,,0.34,0.25,,9.37,32.61,65.22,60.0,0.0,,,,,,,,,,,,,,,,,,,,,,,,,,,,,,,,,,,,,,,,,,West_Weiss,West_Weiss_Pt5_No,484847.781,4789056.63
WG-134,W Weiss E,No,2020,2020-06-01,20,,46.739999999999995,18.4,,,,,0.2,,,50.65,115.98999999999998,231.97999999999996,0.0,0.0,,,,,,,,,,,,,,,,,,,,,,,,,,,,,,,,,,,,,,,,,SD reweigh: 50.52g  C3P reweigh: 46.77g,West_Weiss,West_Weiss_Pt20_No,484947.781,4788426.63
WG-135,W Weiss E,No,2020,2020-06-01,26,,16,0.19,,0.16,0.07,,0.4,,,21.94,38.760000000000005,77.52000000000001,25.0,33.0,,,,,,,,,,,,,,,,,,,,,,,,,,,,,,,,,,,,,,,,,,West_Weiss,West_Weiss_Pt26_No,484547.781,4788636.63
WG-136,Section 4,No,2020,2020-08-04,1,,11.48,0.16670000000000001,,,,,0.0108,0.33,,12.39,24.3775,48.755,,,,,,,,,,,,,,,,,,,,,,,,,,,,,,,,,,,,,,,,,,,,Section_4,Section_4_Pt1_No,488087.78099999996,4793626.63
WG-137,Section 4,No,2020,2020-08-04,5,,17.23,,0.1488,,,,0.13,,,5.65,23.1588,46.3176,2.0,,,,,,,,,,,,,,,,,,,,,,,,,,,,,,,,,,,,,,,,,,,Section_4,Section_4_Pt5_No,488317.78099999996,4794516.63
WG-138,Section 4,No,2020,2020-08-04,8,,17.17,,0.08,,,,0.037,0.12,,2.17,19.576999999999998,39.153999999999996,20.0,,,,,,,,,,,,,,,,,,,,,,,,,,,,,,,,,,,,,,,,,grazing,,Section_4,Section_4_Pt8_No,488547.78099999996,4794476.63
WG-139,Section 4,No,2020,2020-08-04,9,,12.76,2.38,0.05,1.78,,,0.24,0.24,,9.06,26.509999999999998,53.019999999999996,,1.0,,,,,,,,,,,,,,,,,,,,,,,,,,,,,,,,,,,,,,,,grazing,,Section_4,Section_4_Pt9_No,488207.78099999996,4794336.63
WG-140,Section 4,No,2020,2020-08-04,11,,20.33,,0.0134,,,,0.14,,,14.53,35.0134,70.0268,22.0,,,,,,,,,,,,,,,,,,,,,,,,,,,,,,,,,,,,,,,,,,,Section_4,Section_4_Pt11_No,488527.78099999996,4794066.63
WG-141,W Weiss C,No,2020,2020-07-21,4,,40.7,1.29,,0.57,0.08,,2.18,,,41.84,86.66,173.32,,,,,,,,,,,,,,,,,,,,,,,,,,,,,,,,,,,,,,,,,,mass clip,SD reweigh: 42.09g   AF reweigh: 2.20g,West_Weiss,West_Weiss_Pt4_No,485747.781,4790106.63
WG-142,W Weiss C,No,2020,2020-07-21,7,,2.9,4.51,,,,,,,,6.3,13.71,27.42,80.0,1.0,,,,,,,,,,,,,,,,,,,,,,,,,,,,,,,,,,,,,,,,,,West_Weiss,West_Weiss_Pt7_No,486287.781,4790636.63
WG-143,W Weiss C,No,2020,2020-07-21,13,,20.74,1.06,0.19,0.49,,,,,,10.96,33.44,66.88,36.0,8.0,,,,,,,,,,,,,,,,,,,,,,,,,,,,,,,,,,,,,,,,mass clip,,West_Weiss,West_Weiss_Pt13_No,486167.781,4790756.63
WG-144,W Weiss C,No,2020,2020-07-21,21,,8,5.53,0.02,2.28,1.22,,,,,9.71,26.76,53.52,38.0,7.0,,,,,,,,,,,,,,,,,,,,,,,,,,,,,,,,,,,,,,,,,,West_Weiss,West_Weiss_Pt21_No,485757.781,4791186.63
WG-145,W Weiss C,No,2020,2020-07-21,28,,6.65,,0.0322,1.96,3.45,,,,,11.74,23.8322,47.6644,22.0,0.0,,,,,,,,,,,,,,,,,,,,,,,,,,,,,,,,,,,,,,,,mass clip,,West_Weiss,West_Weiss_Pt28_No,485557.781,4790436.63
WG-146,W Weiss C,No,2020,2020-07-21,33,,61.61,12.94,0.16,0.0703,3.39,,,,,6.39,84.5603,169.1206,,,,,,,,,,,,,,,,,,,,,,,,,,,,,,,,,,,,,,,,,,,C3P reweigh: 62.01g,West_Weiss,West_Weiss_Pt33_No,485757.781,4789976.63
