Site,Plot Name,Date,Total Hits,hits_C4,hits_C3,hits_AnnGrass,hits_Forb,hits_Brome,hits_VUOC,hits_SD,hits_Total,weight_Total,weight_C4,weight_C3,weight_Forb,weight_Brome,weight_VUOC,weight_AnnGrass,weight_SD,Year,project,Disturbance,Exclosure,hits_Subshrub,weight_Subshrub,Total_Hits_FG,Total_Weight_FG
clayey,1.0,2017-07-13,23,4,5,14,0,14,0,0,23,82.24000000000001,20.66,47.84,0.62,8.74,1.46,10.2,2.92,2017,PVSAGE,,,,,23,82.24
clayey,1.0,2018-07-24,29,0,7,11,2,11,0,0,20,108.1,2.4,56.1,4.7,32.8,1.3,34.099999999999994,10.8,2018,PVSAGE,,,,,20,108.1
clayey,1.0,2019-07-23,25,2,11,6,6,2,4,0,25,240.9,16.8,155.4,40.900000000000006,9.1,13.5,22.6,5.2,2019,PVSAGE,,,,,25,240.9
clayey,1.0,2020-07-27,16,1,6,1,0,0,1,8,16,66.96000000000001,6.06,17.64,0.0,0.1,2.64,2.74,40.52,2020,PVSAGE,,,,,16,66.96000000000001
clayey,1.0,2021-07-26,12,6,6,0,0,0,0,0,12,31.9342,13.44,14.56,1.2342000000000002,0.32,1.16,1.48,1.22,2021,PVSAGE,,,,,12,31.9342
clayey,2.0,2017-07-13,19,9,10,0,0,0,0,0,19,85.26,30.12,51.58,1.68,0.32,0.02,0.34,1.54,2017,PVSAGE,,,,,19,85.26
clayey,2.0,2018-07-24,42,11,15,12,4,9,3,0,42,126.6,22.4,71.1,4.4,14.5,5.7,20.2,8.5,2018,PVSAGE,,,,,42,126.60000000000001
clayey,2.0,2019-07-23,36,4,10,15,5,1,14,2,36,180.2,25.3,78.0,57.4,2.5,14.3,16.8,2.7,2019,PVSAGE,,,,,36,180.2
clayey,2.0,2020-07-27,35,10,15,4,0,4,0,6,35,65.52000000000001,8.98,12.54,0.0,3.16,0.64,3.8,40.2,2020,PVSAGE,,,,,35,65.52000000000001
clayey,2.0,2021-07-26,13,4,3,4,0,1,3,0,11,43.8512,5.44,35.56,0.0012,1.34,0.1986,1.5386000000000002,1.3114,2021,PVSAGE,,,,,11,43.8512
clayey,3.0,2017-07-13,11,2,9,0,0,0,0,0,11,61.42,18.48,39.56,0.04,0.1,0.4,0.5,2.84,2017,PVSAGE,,,,,11,61.42
clayey,3.0,2018-07-24,34,11,10,0,13,0,0,0,34,95.8028,32.4,33.1,23.1,4.3,1.3028,5.6028,1.6,2018,PVSAGE,,,,,34,95.80279999999999
clayey,3.0,2019-07-23,31,5,3,17,3,7,10,3,31,176.20000000000002,33.3,68.4,42.7,20.5,6.5,27.0,4.8,2019,PVSAGE,,,,,31,176.20000000000002
clayey,3.0,2020-07-27,50,7,7,12,0,12,0,16,42,60.949000000000005,2.64,18.76,0.009,3.58,0.6,4.18,35.36,2020,PVSAGE,,,,,42,60.949000000000005
clayey,3.0,2021-07-26,11,5,5,1,0,1,0,0,11,34.247800000000005,3.4,29.44,0.0078,0.68,0.0,0.68,0.72,2021,PVSAGE,,,,,11,34.247800000000005
clayey,4.0,2017-07-13,28,24,4,0,0,0,0,0,28,63.760000000000005,21.12,17.26,22.32,0.8,0.14,0.94,2.12,2017,PVSAGE,,,,,28,63.76
clayey,4.0,2018-07-24,51,1,21,11,0,11,0,0,33,126.3,16.3,74.5,1.2,19.0,0.4,19.4,14.9,2018,PVSAGE,,,,,33,126.30000000000001
clayey,4.0,2019-07-23,31,2,8,14,6,8,6,1,31,161.9,26.5,69.7,24.8,20.3,12.1,32.4,8.5,2019,PVSAGE,,,,,31,161.9
clayey,4.0,2020-07-29,16,0,6,5,0,4,1,4,15,88.47999999999999,12.18,14.44,0.0,6.48,1.8,8.280000000000001,53.58,2020,PVSAGE,,,,,15,88.47999999999999
clayey,4.0,2021-07-26,20,9,6,5,0,3,2,0,20,28.891000000000005,5.98,15.98,0.6434,5.64,0.255,5.895,0.3926,2021,PVSAGE,,,,,20,28.891000000000002
clayey,5.0,2017-07-13,29,4,5,4,0,4,0,0,13,95.96,16.4,56.94,5.38,11.42,0.26,11.68,5.56,2017,PVSAGE,,,,,13,95.96000000000001
clayey,5.0,2018-07-24,24,6,13,0,0,0,0,0,19,121.5,44.5,49.6,7.0,1.0,1.9,2.9,17.5,2018,PVSAGE,,,,,19,121.5
clayey,5.0,2019-07-23,29,9,2,9,5,0,9,1,26,181.7,35.5,69.7,44.900000000000006,1.0,22.3,23.3,8.3,2019,PVSAGE,,,,,26,181.70000000000005
clayey,5.0,2020-07-29,26,3,5,8,0,8,0,9,25,92.66,3.6,35.82,0.0,7.36,1.72,9.08,44.16,2020,PVSAGE,,,,,25,92.66
clayey,5.0,2021-07-26,22,0,7,4,0,4,0,3,14,45.7354,11.64,24.34,0.0154,5.1,0.12,5.22,4.52,2021,PVSAGE,,,,,14,45.7354
clayey,6.0,2017-07-13,16,7,9,0,0,0,0,0,16,52.24,24.46,20.48,6.78,0.02,0.16,0.18,0.34,2017,PVSAGE,,,,,16,52.24
clayey,6.0,2018-07-24,53,3,45,2,0,0,2,0,50,121.59999999999998,12.1,88.6,0.6,1.4,2.6,4.0,16.3,2018,PVSAGE,,,,,50,121.59999999999998
clayey,6.0,2019-07-23,28,5,13,5,5,0,5,0,28,173.49999999999997,36.9,91.6,28.8,0.3,12.4,12.7,3.5,2019,PVSAGE,,,,,28,173.50000000000003
clayey,6.0,2020-07-29,10,0,5,4,0,4,0,1,10,38.8788,2.32,9.08,0.0188,5.68,0.06,5.739999999999999,21.72,2020,PVSAGE,,,,,10,38.8788
clayey,6.0,2021-07-26,48,4,9,28,0,28,0,2,43,93.98,17.86,33.02,0.44,36.18,0.24,36.42,6.24,2021,PVSAGE,,,,,43,93.97999999999999
clayey,7.0,2017-07-13,20,12,7,1,0,0,1,0,20,64.96,13.96,41.64,2.26,2.48,4.62,7.1,,2017,PVSAGE,,,,,20,64.96
clayey,8.0,2017-07-13,18,16,2,0,0,0,0,0,18,43.220000000000006,34.84,7.3,1.06,0.02,0.0,0.02,,2017,PVSAGE,,,,,18,43.220000000000006
clayey,9.0,2017-07-13,12,3,7,2,0,0,2,0,12,77.18,22.32,45.0,1.06,2.4,6.4,8.8,,2017,PVSAGE,,,,,12,77.18
clayey,10.0,2017-07-13,13,9,1,3,0,3,0,0,13,97.31999999999998,43.3,39.26,11.6,2.36,0.8,3.16,,2017,PVSAGE,,,,,13,97.32
clayey,11.0,2017-07-13,5,3,1,1,0,0,1,0,5,42.04,10.58,28.14,2.22,0.48,0.62,1.1,,2017,PVSAGE,,,,,5,42.03999999999999
clayey,12.0,2017-07-13,16,7,4,5,0,1,4,0,16,81.24000000000001,31.5,26.08,1.42,3.46,18.78,22.24,,2017,PVSAGE,,,,,16,81.24000000000001
loamy,1.0,2017-07-11,29,5,8,4,0,4,0,3,20,70.39999999999999,14.6,43.0,3.76,9.02,0.02,9.04,,2017,PVSAGE,,,,,20,70.39999999999999
loamy,1.0,2018-07-24,60,4,3,29,0,29,0,0,36,129.20000000000002,13.2,37.7,4.1,60.6,0.3,60.9,13.3,2018,PVSAGE,,,,,36,129.20000000000002
loamy,1.0,2019-07-23,21,2,12,5,2,5,0,0,21,95.5,39.8,34.7,6.2,14.6,0.2,14.8,0.0,2019,PVSAGE,,,,,21,95.5
loamy,1.0,2020-07-23,25,1,11,1,0,1,0,12,25,73.7854,5.28,26.06,0.0453999999999999,10.6,0.1,10.7,31.7,2020,PVSAGE,,,,,25,73.7854
loamy,1.0,2021-07-26,22,9,5,6,1,6,0,1,22,81.78,23.52,17.96,12.52,17.9,1.2,19.1,8.68,2021,PVSAGE,,,,,22,81.78
loamy,2.0,2017-07-11,23,5,17,1,0,1,0,0,23,77.7,23.66,47.2,0.46,6.34,0.04,6.38,,2017,PVSAGE,,,,,23,77.7
loamy,2.0,2018-07-24,23,10,1,1,11,1,0,0,23,145.6,33.8,36.1,44.0,11.6,1.7,13.3,18.4,2018,PVSAGE,,,,,23,145.6
loamy,2.0,2019-07-23,44,20,3,21,0,20,1,0,44,107.5,38.3,12.1,6.2,46.3,2.1,48.4,2.5,2019,PVSAGE,,,,,44,107.5
loamy,2.0,2020-07-23,18,0,3,3,0,3,0,12,18,75.76,3.32,19.5,0.6,8.94,0.34,9.28,43.06,2020,PVSAGE,,,,,18,75.76
loamy,2.0,2021-07-26,17,4,7,5,1,5,0,0,17,72.97999999999999,4.54,35.98,4.46,7.14,0.1,7.239999999999999,3.5,2021,PVSAGE,,,,,17,55.72
loamy,3.0,2017-07-11,22,4,18,0,0,0,0,0,22,50.814600000000006,22.42,27.6,0.42,0.36,0.0146,0.3746,,2017,PVSAGE,,,,,22,50.814600000000006
loamy,3.0,2018-07-24,32,4,3,9,15,7,2,0,31,92.4,21.2,32.3,10.0,21.0,1.2,22.2,6.7,2018,PVSAGE,,,,,31,92.4
loamy,3.0,2019-07-23,22,8,4,7,3,7,0,0,22,138.98,40.48,69.4,2.7,13.8,2.5,16.3,10.1,2019,PVSAGE,,,,,22,138.98
loamy,3.0,2020-07-27,13,6,1,3,0,3,0,3,13,105.3514,16.7,35.98,1.32,21.68,0.1114,21.7914,29.56,2020,PVSAGE,,,,,13,105.3514
loamy,3.0,2021-07-26,11,0,6,3,2,3,0,0,11,48.28,1.46,26.38,6.8,12.3,0.12,12.42,1.22,2021,PVSAGE,,,,,11,48.279999999999994
loamy,4.0,2017-07-11,28,0,12,3,0,3,0,0,15,63.34,6.66,44.48,0.06,12.14,0.0,12.14,,2017,PVSAGE,,,,,15,63.34
loamy,4.0,2018-07-24,47,6,40,1,0,1,0,0,47,158.1,33.3,86.9,4.0,20.5,0.0,20.5,13.4,2018,PVSAGE,,,,,47,158.1
loamy,4.0,2019-07-23,19,4,6,6,3,5,1,0,19,132.89999999999998,16.6,84.7,5.6,25.3,0.7,26.0,0.0,2019,PVSAGE,,,,,19,132.9
loamy,4.0,2020-07-27,23,3,1,10,0,10,0,9,23,99.8374,13.58,29.32,0.0774,31.38,,,27.48,2020,PVSAGE,,,,,23,101.8374
loamy,4.0,2021-07-26,14,3,7,3,1,3,0,0,14,39.080000000000005,2.18,24.94,0.98,10.04,0.0,10.04,0.94,2021,PVSAGE,,,,,14,39.08
loamy,5.0,2017-07-11,24,8,16,0,0,0,0,0,24,68.28,23.64,35.26,3.72,5.66,0.0,5.66,,2017,PVSAGE,,,,,24,68.28
loamy,5.0,2018-07-24,24,4,5,13,0,13,0,0,22,119.7,20.1,53.8,5.2,34.3,0.2,34.5,6.1,2018,PVSAGE,,,,,22,119.7
loamy,5.0,2019-07-23,24,4,8,8,4,5,3,0,24,82.0,10.0,60.0,5.9,4.3,1.1,5.4,0.7,2019,PVSAGE,,,,,24,82.0
loamy,5.0,2020-07-27,15,0,7,0,0,0,0,8,15,61.5478,4.58,27.1,0.3678,3.24,0.38,3.62,25.88,2020,PVSAGE,,,,,15,61.54780000000001
loamy,5.0,2021-07-26,15,3,8,2,2,2,0,0,15,31.66,2.0,21.24,2.26,5.28,0.0,5.28,0.88,2021,PVSAGE,,,,,15,31.66
loamy,6.0,2017-07-11,22,5,15,2,0,2,0,0,22,46.576800000000006,12.14,31.86,1.02,1.54,0.0168,1.5568,,2017,PVSAGE,,,,,22,46.576800000000006
loamy,6.0,2018-07-24,37,0,19,10,2,9,1,0,31,134.1,8.7,87.0,9.3,15.6,1.1,16.7,12.4,2018,PVSAGE,,,,,31,134.1
loamy,6.0,2019-07-23,10,2,7,1,0,0,1,0,10,80.8,18.8,51.2,1.3,1.0,0.2,1.2,8.3,2019,PVSAGE,,,,,10,80.8
loamy,6.0,2020-07-27,16,0,11,2,0,2,0,3,16,80.58,8.04,34.2,0.04,8.22,0.24,8.46,29.84,2020,PVSAGE,,,,,16,80.58
loamy,6.0,2021-07-26,29,4,8,0,1,0,0,0,13,67.24,1.48,57.0,0.44,5.66,0.0,5.66,2.66,2021,PVSAGE,,,,,13,67.24
loamy,7.0,2017-07-11,38,18,8,2,1,2,0,0,29,103.72,46.32,46.12,2.94,8.34,0.0,8.34,,2017,PVSAGE,,,,,29,103.72
loamy,8.0,2017-07-11,15,0,6,0,0,0,0,0,6,57.7,12.9,39.96,0.08,4.76,0.0,4.76,,2017,PVSAGE,,,,,6,57.699999999999996
loamy,9.0,2017-07-11,17,11,3,2,1,2,0,0,17,94.02,14.56,50.32,19.56,9.4,0.18,9.58,,2017,PVSAGE,,,,,17,94.02000000000001
loamy,10.0,2017-07-11,28,6,22,0,0,0,0,0,28,165.56,16.0,145.86,1.68,1.7,0.32,2.02,,2017,PVSAGE,,,,,28,165.56
loamy,11.0,2017-07-11,27,0,25,2,0,2,0,0,27,113.4,0.0,92.88,5.98,14.46,0.08,14.54,,2017,PVSAGE,,,,,27,113.39999999999999
loamy,12.0,2017-07-11,14,0,4,9,0,9,0,0,13,80.58,2.66,66.86,2.04,9.0,0.02,9.02,,2017,PVSAGE,,,,,13,80.58
lake creek,,2017-07-25,18,6,1,10,1,10,0,0,18,103.04,29.96,21.48,18.06,22.68,10.86,33.54,0.0,2017,NEX,control,livestock ex,0.0,0.0,18,103.04
lake creek,,2018-08-06,36,5,6,17,8,17,0,0,36,188.88,34.38,40.66,35.8,44.9,0.0,44.9,33.14,2018,NEX,control,livestock ex,0.0,0.0,36,188.88
lake creek,,2019-07-31,23,1,0,20,2,20,0,0,23,138.52,71.3,0.0,18.7,44.9,0.02,44.92,3.6,2019,NEX,control,livestock ex,0.0,0.0,23,138.52
lake creek,,2020-08-03,13,3,0,7,0,7,0,3,13,83.36,45.36,0.0,0.3,13.9,0.0,13.9,23.8,2020,NEX,control,livestock ex,0.0,0.0,13,83.36
lake creek,,2017-07-25,11,6,3,2,0,2,0,0,11,85.94,28.2,24.160000000000004,11.46,11.220000000000002,10.9,22.120000000000005,0.0,2017,NEX,control,out,0.0,0.0,11,85.94000000000001
lake creek,,2018-08-06,23,16,0,3,4,3,0,0,23,75.52,22.64,13.44,29.56,3.38,0.0,3.38,6.5,2018,NEX,control,out,0.0,0.0,23,75.52
lake creek,,2019-07-31,32,0,5,13,7,13,0,0,25,102.2,14.0,20.5,22.2,43.2,0.0,43.2,2.3,2019,NEX,control,out,0.0,0.0,25,102.2
lake creek,,2020-08-03,4,1,0,1,0,1,0,2,4,39.4218,19.66,1.72,0.04,2.02,0.0018,2.0218,15.98,2020,NEX,control,out,0.0,0.0,4,39.4218
lake creek,,2017-07-25,37,23,3,7,4,7,0,0,37,138.26,39.78000000000001,64.11999999999999,23.2,11.160000000000004,0.0,11.160000000000004,0.0,2017,NEX,control,ungulate ex,0.0,0.0,37,138.26000000000002
lake creek,,2018-08-06,28,0,11,11,2,11,0,4,28,269.36,15.58,140.56,39.6,32.46,0.0,32.46,41.16,2018,NEX,control,ungulate ex,0.0,0.0,28,269.36
lake creek,,2019-07-31,47,1,9,18,14,18,0,5,47,211.5,9.1,57.2,65.7,77.3,0.0,77.3,2.2,2019,NEX,control,ungulate ex,0.0,0.0,47,211.5
lake creek,,2020-08-03,29,0,6,18,0,18,0,5,29,150.0,10.1,45.3,1.4,39.7,0.0,39.7,53.5,2020,NEX,control,ungulate ex,0.0,0.0,29,150.0
lake creek,,2017-07-20,18,11,7,0,0,0,0,0,18,135.24,46.7,53.00000000000001,22.06,0.0,13.48,13.48,0.0,2017,NEX,fire,livestock ex,0.0,0.0,18,135.24
lake creek,,2018-07-30,38,2,9,10,11,1,9,6,38,234.96,31.82,47.72,114.44,2.7,16.32,19.02,21.96,2018,NEX,fire,livestock ex,0.0,0.0,38,234.95999999999998
lake creek,,2019-07-31,48,20,0,18,10,18,0,0,48,158.70000000000005,88.7,4.7,34.0,29.2,0.8,30.0,1.3,2019,NEX,fire,livestock ex,0.0,0.0,48,158.70000000000002
lake creek,,2020-08-03,25,4,2,6,0,6,0,13,25,106.2,26.16,8.68,0.86,17.3,0.0,17.3,53.2,2020,NEX,fire,livestock ex,0.0,0.0,25,106.2
lake creek,,2017-07-20,25,0,9,4,12,0,4,0,25,135.65999999999997,0.3599999999999994,75.22,53.1,3.119999999999997,3.86,6.979999999999997,0.0,2017,NEX,fire,out,0.0,0.0,25,135.66000000000003
lake creek,,2018-07-30,26,13,2,0,11,0,0,0,26,127.02,31.22,8.66,81.02,1.64,0.28,1.92,4.2,2018,NEX,fire,out,0.0,0.0,26,127.02
lake creek,,2019-07-31,23,5,12,1,3,1,0,0,21,182.72,39.6,79.2,62.1,0.6,0.02,0.62,1.2,2019,NEX,fire,out,0.0,0.0,21,182.72
lake creek,,2020-08-03,10,0,8,1,0,1,0,1,10,124.5,0.36,63.9,0.22,9.12,0.0,9.12,50.9,2020,NEX,fire,out,0.0,0.0,10,124.5
lake creek,,2017-07-20,22,6,4,1,11,0,1,0,22,119.99999999999996,27.84,12.62,67.69999999999999,0.1800000000000015,11.659999999999998,11.84,0.0,2017,NEX,fire,ungulate ex,0.0,0.0,22,120.0
lake creek,,2018-07-30,34,7,0,0,21,0,0,6,34,127.4,25.62,8.28,81.58,0.0,0.22,0.22,11.7,2018,NEX,fire,ungulate ex,0.0,0.0,34,127.39999999999999
lake creek,,2019-07-31,14,5,7,0,2,0,0,0,14,173.3,28.7,87.0,54.6,1.5,0.0,1.5,1.5,2019,NEX,fire,ungulate ex,0.0,0.0,14,173.3
lake creek,,2020-08-03,16,0,4,0,0,0,0,12,16,163.45999999999998,4.26,64.02,0.0,0.44,0.0,0.44,94.74,2020,NEX,fire,ungulate ex,0.0,0.0,16,163.45999999999998
lake creek,,2017-07-25,24,2,3,5,7,5,0,0,17,136.64,21.76,25.200000000000003,56.760000000000005,17.619999999999997,15.3,32.919999999999995,0.0,2017,NEX,prairie dog,livestock ex,0.0,0.0,17,136.64000000000001
lake creek,,2018-07-30,27,3,1,8,15,8,0,0,27,101.16,17.12,4.5,41.28,30.8,0.32,31.12,7.14,2018,NEX,prairie dog,livestock ex,0.0,0.0,27,101.16
lake creek,,2019-07-31,37,4,3,26,3,26,0,0,36,211.6,59.7,37.7,56.3,53.6,1.9,55.5,2.4,2019,NEX,prairie dog,livestock ex,0.0,0.0,36,211.6
lake creek,,2020-08-03,14,0,0,7,0,7,0,7,14,66.64,2.36,21.1,0.68,17.4,0.1,17.5,25.0,2020,NEX,prairie dog,livestock ex,0.0,0.0,14,66.64
lake creek,,2017-07-25,18,0,4,0,14,0,0,0,18,125.78,25.48,24.340000000000003,75.96000000000001,0.0,0.0,0.0,0.0,2017,NEX,prairie dog,out,0.0,0.0,18,125.78000000000002
lake creek,,2018-07-30,21,8,2,2,9,0,2,0,21,178.79999999999998,26.58,22.12,127.58,0.0,2.42,2.42,0.1,2018,NEX,prairie dog,out,0.0,0.0,21,178.79999999999998
lake creek,,2019-07-31,26,9,3,1,7,1,0,0,20,165.72,31.1,29.8,99.9,0.02,0.8,0.8200000000000001,0.9,2019,NEX,prairie dog,out,0.0,3.2,20,162.52000000000004
lake creek,,2020-08-03,21,8,0,7,0,7,0,6,21,47.886,18.46,6.64,0.5,6.66,0.006,6.666,15.62,2020,NEX,prairie dog,out,0.0,0.0,21,47.886
lake creek,,2017-07-25,11,7,0,0,4,0,0,0,11,135.9,11.72,19.42,85.18,0.0,19.58,19.58,0.0,2017,NEX,prairie dog,ungulate ex,0.0,0.0,11,135.9
lake creek,,2018-07-30,34,11,0,0,23,0,0,0,34,139.86,32.18,0.88,106.02,0.06,0.48,0.54,0.24,2018,NEX,prairie dog,ungulate ex,0.0,0.0,34,139.85999999999999
lake creek,,2019-07-31,30,24,0,1,5,0,1,0,30,205.5,91.7,2.9,90.3,0.8,17.8,18.6,2.0,2019,NEX,prairie dog,ungulate ex,0.0,0.0,30,205.50000000000003
lake creek,,2020-08-03,28,4,1,2,8,2,0,13,28,102.54,32.12,0.8,39.9,1.34,0.08,1.4200000000000002,28.3,2020,NEX,prairie dog,ungulate ex,0.0,0.0,28,102.53999999999999
steckley,,2017-07-17,29,0,10,1,0,1,0,0,11,76.41999999999999,0.0,72.25999999999999,0.2200000000000006,3.940000000000001,0.0,3.940000000000001,0.0,2017,NEX,control,livestock ex,0.0,0.0,11,76.41999999999999
steckley,,2018-07-31,21,0,13,3,1,3,0,4,21,159.89999999999998,0.0,125.3,2.54,22.62,0.0,22.62,9.44,2018,NEX,control,livestock ex,0.0,0.0,21,159.9
steckley,,2019-07-29,34,0,19,15,0,15,0,0,34,277.12,0.2,134.4,3.82,126.1,0.0,126.1,12.6,2019,NEX,control,livestock ex,0.0,0.0,34,277.12
steckley,,2020-08-10,21,0,19,2,0,2,0,0,21,69.4,0.1,30.42,0.24,6.08,0.0,6.08,32.56,2020,NEX,control,livestock ex,0.0,0.0,21,69.4
steckley,,2017-07-17,17,0,10,7,0,7,0,0,17,87.02,0.0,78.12,0.52,8.379999999999999,0.0,8.379999999999999,0.0,2017,NEX,control,out,0.0,0.0,17,87.02
steckley,,2018-07-31,43,13,12,17,0,17,0,0,42,214.14,31.16,96.5,3.52,62.42,0.0,62.42,20.54,2018,NEX,control,out,0.0,0.0,42,214.14000000000001
steckley,,2019-07-29,75,0,25,40,1,40,0,9,75,363.3999999999999,1.3,221.1,7.6,132.5,0.0,132.5,0.9,2019,NEX,control,out,0.0,0.0,75,363.4
steckley,,2020-08-10,8,3,1,4,0,4,0,0,8,57.72,3.64,31.2,0.58,13.3,0.0,13.3,9.0,2020,NEX,control,out,0.0,0.0,8,57.72
steckley,,2017-07-17,0,0,0,0,0,0,0,0,0,37.80000000000001,31.640000000000008,3.7600000000000016,0.0,0.0,0.0,0.0,0.0,2017,NEX,control,ungulate ex,0.0,2.400000000000002,0,35.400000000000006
steckley,,2018-07-31,22,20,2,0,0,0,0,0,22,118.50923,86.06,23.44,0.3,0.16,0.00923,0.16923,8.54,2018,NEX,control,ungulate ex,0.0,0.0,22,118.50923
steckley,,2019-07-29,34,33,1,0,0,0,0,0,34,76.18,59.4,14.3,1.7999999999999998,0.0,0.08,0.08,0.6,2019,NEX,control,ungulate ex,0.0,0.0,34,76.17999999999999
steckley,,2020-08-10,8,7,1,0,0,0,0,0,8,34.080600000000004,19.32,1.8,0.0256,0.44,0.015,0.455,12.48,2020,NEX,control,ungulate ex,0.0,0.0,8,34.080600000000004
steckley,,2017-07-17,2,0,2,0,0,0,0,0,2,235.9,148.06,47.52,0.0,40.31999999999999,0.0,40.31999999999999,0.0,2017,NEX,fire,livestock ex,0.0,0.0,2,235.9
steckley,,2018-07-31,49,29,7,6,1,6,0,6,49,276.36,102.5,24.74,14.18,59.24,0.78,60.02,74.92,2018,NEX,fire,livestock ex,0.0,0.0,49,276.36
steckley,,2019-07-30,39,11,3,24,1,24,0,0,39,180.2,62.3,10.4,10.5,94.3,0.6,94.9,2.1,2019,NEX,fire,livestock ex,0.0,0.0,39,180.2
steckley,,2017-07-17,8,0,8,0,0,0,0,0,8,153.82,99.64,53.6,0.0,0.5800000000000001,0.0,0.5800000000000001,0.0,2017,NEX,fire,out,0.0,0.0,8,153.82000000000002
steckley,,2018-07-31,62,47,7,0,0,0,0,8,62,291.96000000000004,20.46,118.46,12.3,72.58,0.26,72.84,67.9,2018,NEX,fire,out,0.0,0.0,62,291.96000000000004
steckley,,2019-07-30,22,7,5,9,1,9,0,0,22,96.32,37.9,30.7,6.72,20.7,0.0,20.7,0.3,2019,NEX,fire,out,0.0,0.0,22,96.32
steckley,,2017-07-17,21,0,13,8,0,8,0,0,21,264.06000000000006,0.0,229.26,1.3600000000000012,33.440000000000005,0.0,33.440000000000005,0.0,2017,NEX,fire,ungulate ex,0.0,0.0,21,264.06
steckley,,2018-07-31,50,12,0,37,1,37,0,0,50,231.4,58.88,7.44,8.36,113.94,0.74,114.68,42.04,2018,NEX,fire,ungulate ex,0.0,0.0,50,231.4
steckley,,2019-07-30,74,0,47,21,6,21,0,0,74,447.06,13.6,384.0,4.1,45.1,0.0,45.1,0.26,2019,NEX,fire,ungulate ex,0.0,0.0,74,447.06000000000006
steckley,,2017-07-17,24,0,24,0,0,0,0,0,24,92.34,0.0,90.92,1.42,0.0,0.0,0.0,0.0,2017,NEX,prairie dog,livestock ex,0.0,0.0,24,92.34
steckley,,2018-07-31,22,0,19,0,3,0,0,0,22,251.66,0.0,246.12,4.98,0.0,0.04,0.04,0.52,2018,NEX,prairie dog,livestock ex,0.0,0.0,22,251.66
steckley,,2019-07-29,66,0,55,0,9,0,0,2,66,444.6199999999999,0.2,430.2,12.8,0.9,0.02,0.92,0.5,2019,NEX,prairie dog,livestock ex,0.0,0.0,66,444.61999999999995
steckley,,2020-08-10,56,0,10,0,0,0,0,46,56,107.68,0.0,29.5,0.0,0.0,0.0,0.0,78.18,2020,NEX,prairie dog,livestock ex,0.0,0.0,56,107.68
steckley,,2017-07-17,25,0,25,0,0,0,0,0,25,141.92000000000002,0.2799999999999976,141.34,0.2999999999999971,0.0,0.0,0.0,0.0,2017,NEX,prairie dog,out,0.0,0.0,25,141.92
steckley,,2018-07-31,19,0,18,0,1,0,0,0,19,275.72,0.0,267.36,6.14,0.0,0.0,0.0,2.22,2018,NEX,prairie dog,out,0.0,0.0,19,275.72
steckley,,2019-07-29,28,0,26,0,2,0,0,0,28,434.16,0.14,423.6,4.92,4.3,0.0,4.3,1.2,2019,NEX,prairie dog,out,0.0,0.0,28,434.16
steckley,,2020-08-10,31,0,8,0,3,0,0,20,31,155.56,0.0,62.2,1.54,0.0,0.0,0.0,91.82,2020,NEX,prairie dog,out,0.0,0.0,31,155.56
steckley,,2017-07-17,19,0,19,0,0,0,0,0,19,205.64,0.0,205.64,0.0,0.0,0.0,0.0,0.0,2017,NEX,prairie dog,ungulate ex,0.0,0.0,19,205.64
steckley,,2018-07-31,34,0,17,0,17,0,0,0,34,324.02000000000004,0.0,299.8,13.1,0.0,0.0,0.0,11.12,2018,NEX,prairie dog,ungulate ex,0.0,0.0,34,324.02000000000004
steckley,,2019-07-29,69,0,52,0,8,0,0,9,69,485.6,0.6,426.2,55.6,0.0,0.0,0.0,3.2,2019,NEX,prairie dog,ungulate ex,0.0,0.0,69,485.6
steckley,,2020-08-10,21,0,12,0,2,0,0,7,21,82.0,0.0,59.72,6.7,0.0,0.0,0.0,15.58,2020,NEX,prairie dog,ungulate ex,0.0,0.0,21,82.0
west fork,,2017-07-19,20,0,17,1,2,1,0,0,20,162.92,9.12,87.97999999999999,9.88,2.5600000000000023,0.0,2.5600000000000023,0.0,2017,NEX,control,livestock ex,0.0,53.38,20,109.53999999999999
west fork,,2018-08-01,23,4,2,12,4,12,0,0,22,246.42,6.82,103.94,24.28,51.42,0.0,51.42,59.92,2018,NEX,control,livestock ex,0.0,0.04,22,246.38
west fork,,2019-08-07,29,0,4,18,2,18,0,2,29,143.1,0.0,78.1,34.1,7.9,0.0,7.9,22.8,2019,NEX,control,livestock ex,3.0,0.2,26,142.9
west fork,,2020-08-05,17,0,0,8,1,8,0,7,17,157.36,0.0,3.96,5.3,52.1,0.0,52.1,67.7,2020,NEX,control,livestock ex,1.0,28.3,16,129.06
west fork,,2017-07-19,26,0,16,0,0,0,0,0,26,185.84,1.8000000000000007,93.18,0.9000000000000004,1.4399999999999975,0.3600000000000012,1.799999999999999,0.0,2017,NEX,control,out,10.0,88.16,16,97.68
west fork,,2018-08-01,16,0,13,3,0,3,0,0,16,187.46,23.88,95.36,5.24,8.88,0.2,9.08,44.8,2018,NEX,control,out,0.0,9.1,16,178.35999999999996
west fork,,2019-08-07,14,1,12,0,1,0,0,0,14,232.1,17.8,116.3,3.5,0.5,0.0,0.5,71.2,2019,NEX,control,out,0.0,22.8,14,209.3
west fork,,2020-08-05,15,0,8,1,0,1,0,6,15,112.5144,4.7,51.4,0.54,6.76,0.0744,6.8344,48.28,2020,NEX,control,out,0.0,0.76,15,111.7544
west fork,,2017-07-19,22,15,7,0,0,0,0,0,22,102.0,14.060000000000002,80.6,0.9000000000000004,6.379999999999999,0.0600000000000005,6.44,0.0,2017,NEX,control,ungulate ex,0.0,0.0,22,102.0
west fork,,2018-08-01,20,2,8,0,0,0,0,0,10,122.34,11.2,51.5,1.24,0.18,0.02,0.1999999999999999,14.1,2018,NEX,control,ungulate ex,0.0,44.1,10,78.24
west fork,,2019-08-07,27,0,0,1,3,1,0,5,12,30.22,6.2,0.0,3.0,,0.02,,21.0,2019,NEX,control,ungulate ex,3.0,0.0,9,30.22
west fork,,2020-08-05,10,3,2,2,0,2,0,2,10,121.57640000000002,4.7,24.44,,11.22,0.3164,11.5364,58.2,2020,NEX,control,ungulate ex,1.0,22.1,9,98.8764
west fork,,2017-07-19,19,0,19,0,0,0,0,0,19,139.18,13.28,115.9,10.0,0.0,0.0,0.0,0.0,2017,NEX,fire,livestock ex,0.0,0.0,19,139.18
west fork,,2018-08-01,10,0,7,0,3,0,0,0,10,235.84,1.44,107.24,98.24,0.0,0.0,0.0,27.06,2018,NEX,fire,livestock ex,0.0,1.86,10,233.98
west fork,,2019-08-07,23,0,20,0,3,0,0,0,23,198.7,0.0,153.8,10.5,0.3,0.0,0.3,34.1,2019,NEX,fire,livestock ex,0.0,0.0,23,198.70000000000002
west fork,,2020-08-05,24,2,17,5,0,5,0,0,24,155.27999999999997,2.14,78.8,1.06,3.18,0.0,3.18,70.1,2020,NEX,fire,livestock ex,0.0,0.0,24,155.28
west fork,,2017-07-19,17,0,13,0,4,0,0,0,17,117.68,10.5,94.78,11.260000000000002,1.1400000000000006,0.0,1.1400000000000006,0.0,2017,NEX,fire,out,0.0,0.0,17,117.68
west fork,,2018-08-01,24,11,9,4,0,4,0,0,24,227.32,7.42,142.38,14.64,19.98,0.0,19.98,42.9,2018,NEX,fire,out,0.0,0.0,24,227.32
west fork,,2019-08-07,13,0,9,0,0,0,0,0,13,127.3,2.2,84.5,2.3,6.5,0.0,6.5,26.3,2019,NEX,fire,out,4.0,5.5,9,121.8
west fork,,2020-08-05,12,3,7,0,1,0,0,1,12,76.82000000000001,8.9,44.14,5.359999999999999,0.0,0.0,0.0,15.3,2020,NEX,fire,out,0.0,3.12,12,73.7
west fork,,2017-07-19,20,0,15,2,3,2,0,0,20,177.92,0.4599999999999973,155.56,16.039999999999996,5.859999999999999,0.0,5.859999999999999,0.0,2017,NEX,fire,ungulate ex,0.0,0.0,20,177.92000000000002
west fork,,2018-08-01,26,4,10,6,3,6,0,3,26,224.54,24.64,136.72,22.0,11.1,0.0,11.1,30.08,2018,NEX,fire,ungulate ex,0.0,0.0,26,224.54000000000002
west fork,,2019-08-07,51,0,19,30,2,30,0,0,51,272.50000000000006,9.5,150.9,41.4,61.9,0.0,61.9,8.8,2019,NEX,fire,ungulate ex,0.0,0.0,51,272.5
west fork,,2020-08-05,24,1,1,8,1,8,0,5,16,73.67999999999999,5.56,17.46,5.1,18.28,0.0,18.28,27.28,2020,NEX,fire,ungulate ex,0.0,0.0,16,73.68
west fork,,2017-07-19,9,0,9,0,0,0,0,0,9,85.3,0.0,84.66,0.6400000000000006,0.0,0.0,0.0,0.0,2017,NEX,prairie dog,livestock ex,0.0,0.0,9,85.3
west fork,,2018-08-01,18,2,10,0,6,0,0,0,18,133.61999999999998,0.88,103.36,25.96,0.5,0.0,0.5,2.92,2018,NEX,prairie dog,livestock ex,0.0,0.0,18,133.61999999999998
west fork,,2019-08-07,24,0,13,0,5,0,0,6,24,56.400000000000006,0.0,,41.2,0.0,0.0,0.0,15.2,2019,NEX,prairie dog,livestock ex,0.0,0.0,24,56.400000000000006
west fork,,2020-08-05,22,0,6,0,2,0,0,14,22,145.06,0.0,56.86,6.4,0.0,0.0,0.0,81.8,2020,NEX,prairie dog,livestock ex,0.0,0.0,22,145.06
west fork,,2017-07-19,21,1,17,0,3,0,0,0,21,90.2,1.34,66.67999999999999,22.16,0.0,0.02,0.02,0.0,2017,NEX,prairie dog,out,0.0,0.0,21,90.19999999999999
west fork,,2018-08-01,17,10,4,0,3,0,0,0,17,150.6,5.92,96.62,46.68,0.0,0.0,0.0,1.28,2018,NEX,prairie dog,out,0.0,0.1,17,150.5
west fork,,2019-08-07,26,0,15,0,9,0,0,2,26,208.00000000000003,0.0,150.3,50.2,0.0,0.4,0.4,7.1,2019,NEX,prairie dog,out,0.0,0.0,26,208.0
west fork,,2020-08-05,13,0,4,0,0,0,0,9,13,114.22,0.0,33.5,0.7999999999999999,0.0,0.0,0.0,79.02,2020,NEX,prairie dog,out,0.0,0.9,13,113.32
west fork,,2017-07-19,8,0,7,0,1,0,0,0,8,41.16000000000001,0.3000000000000007,26.080000000000005,14.78,0.0,0.0,0.0,0.0,2017,NEX,prairie dog,ungulate ex,0.0,0.0,8,41.160000000000004
west fork,,2018-08-01,16,0,10,0,6,0,0,0,16,165.44,3.22,117.7,37.82,0.0,0.0,0.0,6.7,2018,NEX,prairie dog,ungulate ex,0.0,0.0,16,165.44
west fork,,2019-08-07,28,0,22,0,4,0,0,2,28,309.06,0.8,253.7,40.2,0.0,0.06,0.06,14.3,2019,NEX,prairie dog,ungulate ex,0.0,0.0,28,309.06
west fork,,2020-08-05,46,0,22,0,0,0,0,24,46,271.9296,0.0,63.2,0.3296,0.0,0.0,0.0,208.4,2020,NEX,prairie dog,ungulate ex,0.0,0.0,46,271.9296
wildcat,,2017-07-18,23,0,23,0,0,0,0,0,23,70.97999999999999,10.38,59.38,1.2200000000000006,0.0,0.0,0.0,0.0,2017,NEX,control,livestock ex,0.0,0.0,23,70.98
wildcat,,2018-08-02,32,8,24,0,0,0,0,0,32,242.38,48.9,157.38,4.2,3.3,0.9,4.2,27.7,2018,NEX,control,livestock ex,0.0,0.0,32,242.38
wildcat,,2019-08-05,47,5,40,0,0,0,0,2,47,190.26,36.3,126.9,2.9,0.06,0.0,0.06,24.1,2019,NEX,control,livestock ex,0.0,0.0,47,190.26
wildcat,,2020-08-06,15,4,11,0,0,0,0,0,15,69.155,11.46,38.86,,0.0218,0.04,0.0618,18.74,2020,NEX,control,livestock ex,0.0,0.0,15,69.1218
wildcat,,2017-07-18,24,12,12,0,0,0,0,0,24,51.2,9.9,40.26,1.0399999999999991,0.0,0.0,0.0,0.0,2017,NEX,control,out,0.0,0.0,24,51.199999999999996
wildcat,,2018-08-02,29,9,20,0,0,0,0,0,29,96.53999999999998,45.54,46.22,2.36,0.22,0.38,0.6,1.82,2018,NEX,control,out,0.0,0.0,29,96.53999999999998
wildcat,,2019-08-05,9,3,6,0,0,0,0,0,9,56.72000000000001,18.1,33.7,3.8,0.02,0.0,0.02,1.1,2019,NEX,control,out,0.0,0.0,9,56.720000000000006
wildcat,,2020-08-06,16,5,8,0,0,0,0,0,13,58.26,6.76,28.0,3.6,0.0,,,19.9,2020,NEX,control,out,0.0,0.0,13,58.26
wildcat,,2017-07-18,18,7,11,0,0,0,0,0,18,126.18,7.599999999999998,116.0,1.9400000000000013,0.6400000000000006,0.0,0.6400000000000006,0.0,2017,NEX,control,ungulate ex,0.0,0.0,18,126.17999999999999
wildcat,,2018-08-02,16,8,3,1,0,1,0,4,16,100.58,39.5,30.26,13.4,8.16,1.14,9.3,8.12,2018,NEX,control,ungulate ex,0.0,0.0,16,100.58000000000001
wildcat,,2019-08-05,10,0,0,0,0,0,0,0,10,26.9,0.0,0.6,0.8,0.4,0.0,0.4,0.0,2019,NEX,control,ungulate ex,10.0,25.1,0,1.7999999999999998
wildcat,,2020-08-06,9,2,4,0,0,0,0,3,9,59.96000000000001,10.2,21.2,1.16,1.1,0.0,1.1,26.3,2020,NEX,control,ungulate ex,0.0,0.0,9,59.959999999999994
wildcat,,2017-07-18,19,18,1,0,0,0,0,0,19,96.34,30.800000000000004,63.88,1.0,0.3399999999999998,0.3200000000000003,0.6600000000000001,0.0,2017,NEX,fire,livestock ex,0.0,0.0,19,96.34
wildcat,,2018-08-06,50,16,17,17,0,12,5,0,50,289.82,71.78,108.12,5.8,74.76,2.84,77.60000000000001,26.52,2018,NEX,fire,livestock ex,0.0,0.0,50,289.82
wildcat,,2019-08-05,35,7,6,6,3,6,0,13,35,265.14,33.0,112.7,11.3,23.0,0.04,23.04,85.1,2019,NEX,fire,livestock ex,0.0,0.0,35,265.14
wildcat,,2020-08-06,22,7,4,1,0,1,0,10,22,130.88320000000002,20.4,27.6,0.1,7.1,0.0032,7.103199999999999,75.68,2020,NEX,fire,livestock ex,0.0,0.0,22,130.88320000000002
wildcat,,2017-07-18,11,0,11,0,0,0,0,0,11,124.07999999999998,2.640000000000001,120.42,0.0,0.4199999999999981,0.0,0.4199999999999981,0.0,2017,NEX,fire,out,0.0,0.6000000000000014,11,123.48
wildcat,,2018-08-06,24,3,7,14,0,6,8,0,24,317.58,16.74,260.28,1.86,6.16,13.28,19.44,19.26,2018,NEX,fire,out,0.0,0.0,24,317.58
wildcat,,2019-08-05,33,6,8,17,2,17,0,0,33,203.1,42.7,86.6,2.6,33.7,0.6,34.300000000000004,36.9,2019,NEX,fire,out,0.0,0.0,33,203.10000000000002
wildcat,,2020-08-06,22,7,4,1,0,1,0,0,22,60.52,10.4,21.4,0.0,12.88,0.0,12.88,15.84,2020,NEX,fire,out,0.0,0.0,12,60.519999999999996
wildcat,,2017-07-18,22,0,22,0,0,0,0,0,22,121.26,0.0,120.72,0.2400000000000002,0.3000000000000007,0.0,0.3000000000000007,0.0,2017,NEX,fire,ungulate ex,0.0,0.0,22,121.25999999999999
wildcat,,2018-08-06,12,0,9,1,0,1,0,2,12,541.18,0.0,400.2,3.58,76.88,0.06,76.94,60.46,2018,NEX,fire,ungulate ex,0.0,0.0,12,541.18
wildcat,,2019-08-05,41,1,11,7,4,5,2,18,41,368.3,2.9,220.2,18.0,10.2,0.9,11.1,116.1,2019,NEX,fire,ungulate ex,0.0,0.0,41,368.29999999999995
wildcat,,2020-08-06,16,0,7,4,0,4,0,5,16,104.06,0.0,80.04,0.0,3.5,0.0,3.5,20.52,2020,NEX,fire,ungulate ex,0.0,0.0,16,104.06
wildcat,,2017-07-18,3,0,3,0,0,0,0,0,3,38.74000000000001,0.0,29.080000000000005,9.66,0.0,0.0,0.0,0.0,2017,NEX,prairie dog,livestock ex,0.0,0.0,3,38.74000000000001
wildcat,,2018-08-02,37,0,31,0,6,0,0,0,37,184.22000000000003,0.0,154.84,28.34,0.8,0.02,0.8200000000000001,0.22,2018,NEX,prairie dog,livestock ex,0.0,0.0,37,184.22000000000003
wildcat,,2019-08-05,24,0,0,0,24,0,0,0,24,222.8,0.0,0.0,216.5,0.0,0.0,0.0,6.3,2019,NEX,prairie dog,livestock ex,0.0,0.0,24,222.8
wildcat,,2020-08-06,4,0,1,0,3,0,0,0,4,158.16,0.48,57.76,23.06,0.0,0.0,0.0,76.86,2020,NEX,prairie dog,livestock ex,0.0,0.0,4,158.16
wildcat,,2017-07-18,5,0,5,0,0,0,0,0,5,37.06,0.0,34.76,2.3000000000000007,0.0,0.0,0.0,0.0,2017,NEX,prairie dog,out,0.0,0.0,5,37.06
wildcat,,2018-08-02,51,0,38,0,13,0,0,0,51,414.62,0.0,397.18,14.78,0.0,0.08,0.08,2.58,2018,NEX,prairie dog,out,0.0,0.0,51,414.61999999999995
wildcat,,2019-08-05,36,0,21,1,5,0,1,9,36,303.2,0.0,210.9,49.0,0.0,6.6,6.6,36.7,2019,NEX,prairie dog,out,0.0,0.0,36,303.2
wildcat,,2020-08-06,16,0,1,5,0,0,5,10,16,157.232,0.4,40.9,2.3438,0.0482,4.48,4.5282,109.06,2020,NEX,prairie dog,out,0.0,0.0,16,157.232
wildcat,,2017-07-18,17,0,17,0,0,0,0,0,17,123.29999999999998,0.0,123.29999999999998,0.0,0.0,0.0,0.0,0.0,2017,NEX,prairie dog,ungulate ex,0.0,0.0,17,123.29999999999998
wildcat,,2018-08-02,46,0,40,0,6,0,0,0,46,530.9000000000001,0.0,439.06,16.18,0.0,0.54,0.54,75.12,2018,NEX,prairie dog,ungulate ex,0.0,0.0,46,530.9000000000001
wildcat,,2019-08-05,37,0,17,0,6,0,0,14,37,352.9,0.0,284.2,21.3,0.0,0.5,0.5,46.9,2019,NEX,prairie dog,ungulate ex,0.0,0.0,37,352.9
wildcat,,2020-08-06,49,0,2,1,8,0,1,38,49,327.66,0.0,53.8,47.74,0.0,0.36,0.36,225.76,2020,NEX,prairie dog,ungulate ex,0.0,0.0,49,327.65999999999997
