,model,numb_vars,formula,R2,R2_adj,AIC,rmse_kg_mean,rmse_kg_sd,mpe,rmse_pct_mean,rmse_pct_sd,rmse_pct_max,mae_kg_mean|,mae_kg_sd,mae_orig_mean,mae_orig_sd,rmse_orig_mean,rmse_orig_sd,rmse_orig_pct_mean,rmse_orig_pct_sd,rmse_kg_low_mean,rmse_pct_low_mean,mpe_low,mae_kg_mean,mae_kg_max,mae_pct_mean,mae_pct_sd,mae_pct_max
0,projyear,1,bm ~ dfi,0.003,,45372.0682,769.104,56.3647,65.0508,0.9084,0.0666,1.0252,,23.0146,,,,,,,590.8866,1.9551,122.8737,587.5883,621.915,0.694,0.0272,0.7345
0,projyear,1,bm ~ ndvi,0.4063,,44199.9542,618.8464,55.8508,29.438,0.7309,0.066,0.8474,,24.4707,,,,,,,415.7339,1.3767,55.6264,447.1224,481.8266,0.5281,0.0289,0.5691
0,projyear,1,bm ~ ndti,0.4204,,44155.7008,616.0677,51.2374,22.9972,0.7276,0.0605,0.8333,,23.245,,,,,,,390.2398,1.2919,43.5272,433.5692,470.0789,0.5121,0.0275,0.5552
0,projyear,1,bm ~ satvi,0.3083,,44497.6621,654.2131,68.9212,26.2679,0.7727,0.0814,0.9131,,31.0626,,,,,,,448.9967,1.4865,49.6992,462.4998,512.4449,0.5462,0.0367,0.6052
0,projyear,1,bm ~ ndii7,0.3253,,44447.0335,646.9978,44.5934,36.8225,0.7641,0.0527,0.858,,16.8615,,,,,,,463.3457,1.5337,69.5974,481.4295,504.7496,0.5686,0.0199,0.5961
0,projyear,1,bm ~ nir,0.2453,,44682.7989,677.6136,68.9543,33.8931,0.8003,0.0814,0.9384,,31.848,,,,,,,476.1194,1.5754,64.0904,484.0074,538.062,0.5716,0.0376,0.6355
0,projyear,1,bm ~ swir1,0.5422,,43756.2983,571.6198,54.9323,19.3733,0.6751,0.0649,0.7883,,21.8994,,,,,,,388.5257,1.2863,36.6325,399.7369,435.5127,0.4721,0.0259,0.5144
0,projyear,1,bm ~ swir2,0.5638,,43680.9007,564.619,54.14,16.2994,0.6668,0.0639,0.7781,,22.7278,,,,,,,377.0062,1.2481,30.849,389.9868,425.5997,0.4606,0.0268,0.5027
0,projyear,1,bm ~ bai_126,0.1031,,45089.9831,730.0871,67.3259,52.6142,0.8623,0.0795,0.9965,,33.9846,,,,,,,540.5339,1.7889,99.4131,542.6982,595.6381,0.641,0.0401,0.7035
0,projyear,1,bm ~ bai_136,0.3556,,44355.6094,636.5424,70.6716,31.5974,0.7518,0.0835,0.899,,32.4241,,,,,,,438.7426,1.4529,59.7012,455.0005,506.3329,0.5374,0.0383,0.598
0,projyear,1,bm ~ bai_236,0.3088,,44496.1178,653.7451,64.9489,32.2204,0.7721,0.0767,0.9089,,27.0127,,,,,,,449.9921,1.49,60.8636,475.1585,517.6849,0.5612,0.0319,0.6114
0,projyear,1,bm ~ bai_246,0.129,,45016.6326,722.7433,46.2193,51.1887,0.8536,0.0546,0.9497,,19.5177,,,,,,,559.2062,1.8505,96.7333,548.1846,570.6666,0.6474,0.0231,0.674
0,projyear,2,bm ~ dfi + ndvi + dfi:ndvi,0.4818,,43962.2008,594.1608,52.2694,18.5936,0.7017,0.0617,0.8092,,22.9103,,,,,,,387.7877,1.284,35.2043,416.4192,449.6496,0.4918,0.0271,0.5311
0,projyear,2,bm ~ dfi + ndti + dfi:ndti,0.4308,,44126.306,614.6576,51.4472,24.0639,0.7259,0.0608,0.8319,,22.6457,,,,,,,380.8686,1.2611,45.5237,431.5525,465.2286,0.5097,0.0267,0.5495
0,projyear,2,bm ~ dfi + satvi + dfi:satvi,0.3367,,44416.1953,643.7261,68.4115,23.4143,0.7603,0.0808,0.901,,30.1568,,,,,,,430.9326,1.4268,44.3414,451.6542,498.8652,0.5334,0.0356,0.5892
0,projyear,2,bm ~ dfi + ndii7 + dfi:ndii7,0.3542,,44363.4416,640.572,42.5684,28.4295,0.7566,0.0503,0.8446,,16.0845,,,,,,,449.6194,1.488,53.8078,466.6348,490.336,0.5511,0.019,0.5791
0,projyear,2,bm ~ dfi + nir + dfi:nir,0.3229,,44457.4897,649.8435,72.2616,34.8759,0.7675,0.0853,0.9138,,33.5483,,,,,,,460.0249,1.5227,65.9057,462.5139,520.3123,0.5463,0.0396,0.6145
0,projyear,2,bm ~ dfi + swir1 + dfi:swir1,0.5505,,43730.3387,568.4784,55.0593,17.2072,0.6714,0.065,0.785,,22.6517,,,,,,,386.5706,1.2797,32.5671,394.5382,432.5905,0.466,0.0268,0.5109
0,projyear,2,bm ~ dfi + swir2 + dfi:swir2,0.5639,,43683.4633,564.5066,54.2006,16.0554,0.6667,0.064,0.778,,22.8903,,,,,,,377.2637,1.249,30.392,389.5273,425.4307,0.4601,0.027,0.5025
0,projyear,2,bm ~ dfi + bai_126 + dfi:bai_126,0.1264,,45027.6603,721.4078,70.1861,55.1383,0.852,0.0829,0.987,,33.9984,,,,,,,553.6071,1.8322,104.1369,532.2808,585.5756,0.6287,0.0402,0.6916
0,projyear,2,bm ~ dfi + bai_136 + dfi:bai_136,0.3611,,44342.3677,635.1727,70.715,26.5824,0.7502,0.0835,0.8973,,32.3686,,,,,,,426.8939,1.4136,50.2789,447.9007,499.7507,0.529,0.0382,0.5902
0,projyear,2,bm ~ dfi + bai_236 + dfi:bai_236,0.3349,,44421.5271,645.511,65.0556,22.9186,0.7624,0.0768,0.8981,,26.2714,,,,,,,433.8539,1.4364,43.3573,453.9484,495.2365,0.5361,0.031,0.5849
0,projyear,2,bm ~ dfi + bai_246 + dfi:bai_246,0.1444,,44976.5574,716.5325,46.2597,40.8914,0.8463,0.0546,0.9454,,17.7336,,,,,,,542.2566,1.7942,77.3613,536.6425,557.1083,0.6338,0.0209,0.658
0,projyear,2,bm ~ ndvi + satvi + ndvi:satvi,0.4772,,43977.0906,600.5776,59.3386,22.1831,0.7093,0.0701,0.8311,,26.8355,,,,,,,418.8582,1.387,41.9564,429.2906,468.3685,0.507,0.0317,0.5532
0,projyear,2,bm ~ ndvi + nir + ndvi:nir,0.522,,43828.1694,579.6754,64.8226,19.2166,0.6846,0.0766,0.8209,,28.5784,,,,,,,388.4248,1.2862,36.3435,403.7329,448.5866,0.4768,0.0338,0.5298
0,projyear,2,bm ~ ndvi + bai_126 + ndvi:bai_126,0.4629,,44023.7987,601.0103,60.537,27.9553,0.7098,0.0715,0.8356,,27.8216,,,,,,,400.1219,1.3251,52.8277,428.897,469.3504,0.5066,0.0329,0.5543
0,projyear,2,bm ~ ndvi + bai_246 + ndvi:bai_246,0.4482,,44070.9469,604.3082,61.2995,26.2206,0.7137,0.0724,0.8402,,27.2623,,,,,,,394.1727,1.3054,49.5447,427.3037,466.8839,0.5047,0.0322,0.5514
0,projyear,2,bm ~ ndti + ndii7 + ndti:ndii7,0.4698,,44001.3746,599.9424,50.1258,18.3106,0.7086,0.0592,0.8112,,20.7812,,,,,,,405.8848,1.3438,34.6777,422.614,452.4216,0.4991,0.0245,0.5343
0,projyear,2,bm ~ ndti + nir + ndti:nir,0.4733,,43989.8226,599.0152,57.7178,18.5566,0.7075,0.0682,0.8271,,24.6426,,,,,,,397.3412,1.3153,35.1517,417.2022,457.1393,0.4927,0.0291,0.5399
0,projyear,2,bm ~ ndti + bai_126 + ndti:bai_126,0.4396,,44098.5267,611.2244,54.8374,22.0921,0.7219,0.0648,0.8348,,24.9054,,,,,,,393.0873,1.3014,41.8192,428.9604,468.1148,0.5066,0.0294,0.5529
0,projyear,2,bm ~ ndti + bai_136 + ndti:bai_136,0.4845,,43953.4085,594.7998,58.8943,17.1692,0.7025,0.0696,0.8223,,26.2709,,,,,,,401.3399,1.3291,32.5164,414.2629,452.8375,0.4893,0.031,0.5348
0,projyear,2,bm ~ ndti + bai_236 + ndti:bai_236,0.4838,,43955.6937,594.467,56.3523,15.6226,0.7021,0.0666,0.8154,,23.9503,,,,,,,405.1246,1.3416,29.5868,412.9979,446.0237,0.4878,0.0283,0.5268
0,projyear,2,bm ~ ndti + bai_246 + ndti:bai_246,0.4399,,44097.3021,609.4024,51.4254,19.9403,0.7197,0.0607,0.8247,,22.155,,,,,,,400.3339,1.3253,37.7602,429.4938,460.7777,0.5073,0.0262,0.5442
0,projyear,2,bm ~ satvi + ndii7 + satvi:ndii7,0.4894,,43937.2491,594.2654,51.5973,16.4121,0.7019,0.0609,0.8068,,22.0532,,,,,,,422.5867,1.3994,31.0838,421.5862,452.3431,0.4979,0.026,0.5342
0,projyear,2,bm ~ satvi + nir + satvi:nir,0.3362,,44417.5219,646.8677,70.0019,24.5241,0.764,0.0827,0.9056,,31.0618,,,,,,,447.9492,1.4827,46.412,455.2375,506.5782,0.5377,0.0367,0.5983
0,projyear,2,bm ~ satvi + swir1 + satvi:swir1,0.5584,,43702.8889,568.0173,57.8434,17.1279,0.6709,0.0683,0.7899,,23.6396,,,,,,,388.2302,1.2854,32.4032,395.322,432.3921,0.4669,0.0279,0.5107
0,projyear,2,bm ~ satvi + bai_126 + satvi:bai_126,0.3114,,44491.8037,654.1974,66.087,23.0113,0.7726,0.0781,0.9084,,29.4124,,,,,,,434.6098,1.439,43.5447,459.531,505.9902,0.5427,0.0347,0.5976
0,projyear,2,bm ~ satvi + bai_236 + satvi:bai_236,0.3989,,44226.1088,625.4018,67.634,21.5314,0.7386,0.0799,0.8769,,29.2492,,,,,,,440.7589,1.4594,40.7241,442.1175,485.9898,0.5222,0.0345,0.574
0,projyear,2,bm ~ satvi + bai_246 + satvi:bai_246,0.374,,44302.912,635.7779,62.8752,24.7305,0.7509,0.0743,0.8808,,28.3377,,,,,,,431.567,1.4291,46.7892,451.898,494.4938,0.5337,0.0335,0.584
0,projyear,2,bm ~ ndii7 + nir + ndii7:nir,0.5538,,43719.1056,567.9247,60.2441,16.4104,0.6708,0.0712,0.7973,,25.6997,,,,,,,383.9926,1.2716,31.0564,392.7683,433.5258,0.4639,0.0304,0.512
0,projyear,2,bm ~ ndii7 + swir1 + ndii7:swir1,0.5541,,43717.8116,569.8505,54.1185,17.4164,0.673,0.0639,0.7848,,20.5296,,,,,,,396.5745,1.3131,32.9398,399.1047,431.0188,0.4714,0.0242,0.5091
0,projyear,2,bm ~ ndii7 + swir2 + ndii7:swir2,0.5709,,43658.8881,563.8281,54.7217,14.8875,0.6659,0.0646,0.7783,,22.0849,,,,,,,384.6295,1.2734,28.1838,389.115,422.9477,0.4596,0.0261,0.4995
0,projyear,2,bm ~ ndii7 + bai_126 + ndii7:bai_126,0.4967,,43913.0846,589.7095,56.6484,25.4685,0.6965,0.0669,0.8145,,26.0219,,,,,,,397.676,1.3171,48.1501,418.7127,457.5826,0.4945,0.0307,0.5404
0,projyear,2,bm ~ ndii7 + bai_136 + ndii7:bai_136,0.4823,,43960.6592,596.1997,54.0898,21.1008,0.7041,0.0639,0.8158,,23.2102,,,,,,,427.0741,1.4146,39.8961,427.286,460.5501,0.5046,0.0274,0.5439
0,projyear,2,bm ~ ndii7 + bai_236 + ndii7:bai_236,0.4082,,44197.3048,624.929,48.7784,25.3722,0.7381,0.0576,0.8385,,19.0886,,,,,,,453.8643,1.5028,47.9561,454.6591,481.5393,0.537,0.0225,0.5687
0,projyear,2,bm ~ nir + swir1 + nir:swir1,0.5561,,43710.8893,569.4096,54.4375,18.35,0.6725,0.0643,0.7859,,21.2516,,,,,,,393.82,1.3037,34.706,400.1846,434.5775,0.4726,0.0251,0.5133
0,projyear,2,bm ~ nir + swir2 + nir:swir2,0.569,,43665.6148,564.2384,53.2715,15.7638,0.6664,0.0629,0.7765,,22.1062,,,,,,,380.5852,1.26,29.8411,390.7712,424.9988,0.4615,0.0261,0.5019
0,projyear,2,bm ~ nir + bai_126 + nir:bai_126,0.2566,,44653.3661,673.3592,66.2508,30.9337,0.7953,0.0782,0.9267,,29.9822,,,,,,,470.2965,1.5558,58.5038,479.0045,529.7472,0.5657,0.0354,0.6257
0,projyear,2,bm ~ nir + bai_136 + nir:bai_136,0.3798,,44285.2281,630.953,70.871,28.2111,0.7452,0.0837,0.8922,,31.9825,,,,,,,440.2222,1.4575,53.3255,447.1584,499.2014,0.5281,0.0378,0.5896
0,projyear,2,bm ~ nir + bai_236 + nir:bai_236,0.4064,,44202.9654,621.3267,69.5613,23.1346,0.7338,0.0822,0.8779,,30.368,,,,,,,430.6216,1.4256,43.7359,438.3083,487.0378,0.5177,0.0359,0.5752
0,projyear,2,bm ~ nir + bai_246 + nir:bai_246,0.5809,,43623.0177,560.7837,58.013,15.9631,0.6623,0.0685,0.7822,,25.4578,,,,,,,381.2419,1.2624,30.2132,389.4096,428.4369,0.4599,0.0301,0.506
0,projyear,2,bm ~ swir1 + bai_126 + swir1:bai_126,0.5488,,43736.5779,570.3685,55.9936,19.4717,0.6736,0.0661,0.7894,,22.4655,,,,,,,387.1733,1.2819,36.8187,398.2219,435.1126,0.4703,0.0265,0.5139
0,projyear,2,bm ~ swir1 + bai_246 + swir1:bai_246,0.5494,,43734.2101,570.4445,53.4412,18.3187,0.6737,0.0631,0.7833,,20.5978,,,,,,,391.0527,1.2948,34.6422,399.9969,432.2506,0.4724,0.0243,0.5105
0,projyear,2,bm ~ swir2 + bai_126 + swir2:bai_126,0.5682,,43668.2744,563.8634,54.2886,16.4594,0.666,0.0641,0.7777,,22.7815,,,,,,,375.088,1.2418,31.1503,388.9673,425.0437,0.4594,0.0269,0.502
0,projyear,2,bm ~ swir2 + bai_246 + swir2:bai_246,0.5666,,43673.8704,564.2341,53.8787,15.3038,0.6664,0.0636,0.7765,,21.8973,,,,,,,380.7622,1.2606,28.9696,390.012,423.2245,0.4606,0.0259,0.4999
0,projyear,2,bm ~ bai_126 + bai_136 + bai_126:bai_136,0.3569,,44354.9706,636.9593,68.8216,30.7554,0.7523,0.0813,0.8965,,30.6751,,,,,,,432.9689,1.4338,58.107,456.6227,504.7645,0.5393,0.0362,0.5962
0,projyear,2,bm ~ bai_126 + bai_236 + bai_126:bai_236,0.3574,,44353.6732,637.3569,69.7502,30.1328,0.7528,0.0824,0.8983,,30.87,,,,,,,439.7458,1.4563,56.9264,457.6411,506.3218,0.5405,0.0365,0.598
0,projyear,2,bm ~ bai_126 + bai_246 + bai_126:bai_246,0.3902,,44253.0321,632.3532,58.252,35.3882,0.7468,0.0688,0.8655,,27.9364,,,,,,,464.9364,1.5395,66.8919,460.2278,501.5034,0.5436,0.033,0.5923
0,projyear,2,bm ~ bai_136 + bai_246 + bai_136:bai_246,0.4091,,44194.4964,619.5287,64.0954,27.4752,0.7317,0.0757,0.8656,,29.111,,,,,,,434.8031,1.4401,51.9256,446.3653,489.0614,0.5272,0.0344,0.5776
0,projyear,2,bm ~ bai_236 + bai_246 + bai_236:bai_246,0.3263,,44447.2973,649.1103,60.6686,29.5909,0.7666,0.0717,0.8933,,25.1436,,,,,,,459.5585,1.5217,55.9083,471.9172,508.4317,0.5574,0.0297,0.6005
0,projyear,3,bm ~ dfi + ndvi + satvi + dfi:ndvi + dfi:satvi + ndvi:satvi,0.523,,43829.605,582.4959,49.1687,14.9817,0.688,0.0581,0.7861,,21.2805,,,,,,,406.8711,1.3471,28.4077,410.8837,438.7075,0.4853,0.0251,0.5181
0,projyear,3,bm ~ dfi + ndvi + nir + dfi:ndvi + dfi:nir + ndvi:nir,0.534,,43792.2175,577.6924,59.4958,16.2774,0.6823,0.0703,0.8057,,26.2546,,,,,,,384.2518,1.2723,30.824,399.7926,440.1668,0.4722,0.031,0.5199
0,projyear,3,bm ~ dfi + ndvi + bai_126 + dfi:ndvi + dfi:bai_126 + ndvi:bai_126,0.4992,,43909.566,589.5985,54.7112,18.6924,0.6963,0.0646,0.8092,,24.2778,,,,,,,383.8149,1.2709,35.3912,411.4087,447.4688,0.4859,0.0287,0.5285
0,projyear,3,bm ~ dfi + ndvi + bai_246 + dfi:ndvi + dfi:bai_246 + ndvi:bai_246,0.5016,,43901.6142,587.6426,58.1919,17.2465,0.694,0.0687,0.8144,,25.7241,,,,,,,382.4603,1.2664,32.6555,407.4978,446.273,0.4813,0.0304,0.5271
0,projyear,3,bm ~ dfi + ndti + ndii7 + dfi:ndti + dfi:ndii7 + ndti:ndii7,0.4793,,43975.2848,595.6067,55.8592,17.3451,0.7034,0.066,0.819,,23.782,,,,,,,394.8036,1.3072,32.8577,416.16,451.9347,0.4915,0.0281,0.5338
0,projyear,3,bm ~ dfi + ndti + nir + dfi:ndti + dfi:nir + ndti:nir,0.5154,,43855.3225,585.564,61.4841,19.0529,0.6916,0.0726,0.8199,,26.5279,,,,,,,382.8726,1.2678,36.0475,405.1444,447.0574,0.4785,0.0313,0.528
0,projyear,3,bm ~ dfi + ndti + bai_126 + dfi:ndti + dfi:bai_126 + ndti:bai_126,0.4598,,44038.7014,606.4148,55.6302,23.4079,0.7162,0.0657,0.8307,,24.7291,,,,,,,380.1118,1.2586,44.2858,423.539,460.5881,0.5002,0.0292,0.544
0,projyear,3,bm ~ dfi + ndti + bai_136 + dfi:ndti + dfi:bai_136 + ndti:bai_136,0.5021,,43899.9278,588.235,57.0841,16.189,0.6947,0.0674,0.8101,,26.3689,,,,,,,400.3572,1.3259,30.6762,412.1004,450.0369,0.4867,0.0311,0.5315
0,projyear,3,bm ~ dfi + ndti + bai_236 + dfi:ndti + dfi:bai_236 + ndti:bai_236,0.5246,,43824.2926,580.7077,51.1945,14.56,0.6858,0.0605,0.7872,,22.3617,,,,,,,400.1463,1.3251,27.6059,406.1692,436.496,0.4797,0.0264,0.5155
0,projyear,3,bm ~ dfi + ndti + bai_246 + dfi:ndti + dfi:bai_246 + ndti:bai_246,0.4677,,44012.959,599.2007,57.2665,19.041,0.7077,0.0676,0.8263,,25.3672,,,,,,,380.8413,1.2609,36.0598,417.1337,454.339,0.4927,0.03,0.5366
0,projyear,3,bm ~ dfi + satvi + ndii7 + dfi:satvi + dfi:ndii7 + satvi:ndii7,0.4919,,43933.8011,593.7561,51.5629,15.097,0.7013,0.0609,0.8049,,21.8776,,,,,,,414.8627,1.3738,28.6189,418.1765,447.4436,0.4939,0.0258,0.5285
0,projyear,3,bm ~ dfi + satvi + nir + dfi:satvi + dfi:nir + satvi:nir,0.3966,,44238.26,627.2833,71.2035,24.051,0.7409,0.0841,0.886,,31.4055,,,,,,,422.7953,1.3997,45.5158,438.5472,488.0652,0.5179,0.0371,0.5764
0,projyear,3,bm ~ dfi + satvi + swir1 + dfi:satvi + dfi:swir1 + satvi:swir1,0.5692,,43669.4055,564.6319,56.737,16.2339,0.6669,0.067,0.7845,,23.9673,,,,,,,386.9528,1.281,30.7247,390.9228,430.4391,0.4617,0.0283,0.5084
0,projyear,3,bm ~ dfi + satvi + bai_126 + dfi:satvi + dfi:bai_126 + satvi:bai_126,0.3382,,44416.6559,645.6428,67.7836,21.6895,0.7625,0.0801,0.9035,,29.5678,,,,,,,421.0872,1.3942,41.0787,450.512,496.9017,0.5321,0.0349,0.5869
0,projyear,3,bm ~ dfi + satvi + bai_236 + dfi:satvi + dfi:bai_236 + satvi:bai_236,0.4095,,44198.3421,623.344,67.2858,17.7061,0.7362,0.0795,0.873,,28.6029,,,,,,,433.7262,1.4361,33.5434,437.259,479.7169,0.5164,0.0338,0.5666
0,projyear,1,bm ~ dfi,0.003,,45372.0682,769.104,56.3647,65.0508,0.9084,0.0666,1.0252,,23.0146,,,,,,,590.8866,1.9551,122.8737,587.5883,621.915,0.694,0.0272,0.7345
0,projyear,1,bm ~ ndvi,0.4063,,44199.9542,618.8464,55.8508,29.438,0.7309,0.066,0.8474,,24.4707,,,,,,,415.7339,1.3767,55.6264,447.1224,481.8266,0.5281,0.0289,0.5691
0,projyear,1,bm ~ ndti,0.4204,,44155.7008,616.0677,51.2374,22.9972,0.7276,0.0605,0.8333,,23.245,,,,,,,390.2398,1.2919,43.5272,433.5692,470.0789,0.5121,0.0275,0.5552
0,projyear,1,bm ~ satvi,0.3083,,44497.6621,654.2131,68.9212,26.2679,0.7727,0.0814,0.9131,,31.0626,,,,,,,448.9967,1.4865,49.6992,462.4998,512.4449,0.5462,0.0367,0.6052
0,projyear,1,bm ~ ndii7,0.3253,,44447.0335,646.9978,44.5934,36.8225,0.7641,0.0527,0.858,,16.8615,,,,,,,463.3457,1.5337,69.5974,481.4295,504.7496,0.5686,0.0199,0.5961
0,projyear,1,bm ~ nir,0.2453,,44682.7989,677.6136,68.9543,33.8931,0.8003,0.0814,0.9384,,31.848,,,,,,,476.1194,1.5754,64.0904,484.0074,538.062,0.5716,0.0376,0.6355
0,projyear,1,bm ~ swir1,0.5422,,43756.2983,571.6198,54.9323,19.3733,0.6751,0.0649,0.7883,,21.8994,,,,,,,388.5257,1.2863,36.6325,399.7369,435.5127,0.4721,0.0259,0.5144
0,projyear,1,bm ~ swir2,0.5638,,43680.9007,564.619,54.14,16.2994,0.6668,0.0639,0.7781,,22.7278,,,,,,,377.0062,1.2481,30.849,389.9868,425.5997,0.4606,0.0268,0.5027
0,projyear,1,bm ~ bai_126,0.1031,,45089.9831,730.0871,67.3259,52.6142,0.8623,0.0795,0.9965,,33.9846,,,,,,,540.5339,1.7889,99.4131,542.6982,595.6381,0.641,0.0401,0.7035
0,projyear,1,bm ~ bai_136,0.3556,,44355.6094,636.5424,70.6716,31.5974,0.7518,0.0835,0.899,,32.4241,,,,,,,438.7426,1.4529,59.7012,455.0005,506.3329,0.5374,0.0383,0.598
0,projyear,1,bm ~ bai_236,0.3088,,44496.1178,653.7451,64.9489,32.2204,0.7721,0.0767,0.9089,,27.0127,,,,,,,449.9921,1.49,60.8636,475.1585,517.6849,0.5612,0.0319,0.6114
0,projyear,1,bm ~ bai_246,0.129,,45016.6326,722.7433,46.2193,51.1887,0.8536,0.0546,0.9497,,19.5177,,,,,,,559.2062,1.8505,96.7333,548.1846,570.6666,0.6474,0.0231,0.674
0,projyear,2,bm ~ dfi + ndvi + dfi:ndvi,0.4818,,43962.2008,594.1608,52.2694,18.5936,0.7017,0.0617,0.8092,,22.9103,,,,,,,387.7877,1.284,35.2043,416.4192,449.6496,0.4918,0.0271,0.5311
0,projyear,2,bm ~ dfi + ndti + dfi:ndti,0.4308,,44126.306,614.6576,51.4472,24.0639,0.7259,0.0608,0.8319,,22.6457,,,,,,,380.8686,1.2611,45.5237,431.5525,465.2286,0.5097,0.0267,0.5495
0,projyear,2,bm ~ dfi + satvi + dfi:satvi,0.3367,,44416.1953,643.7261,68.4115,23.4143,0.7603,0.0808,0.901,,30.1568,,,,,,,430.9326,1.4268,44.3414,451.6542,498.8652,0.5334,0.0356,0.5892
0,projyear,2,bm ~ dfi + ndii7 + dfi:ndii7,0.3542,,44363.4416,640.572,42.5684,28.4295,0.7566,0.0503,0.8446,,16.0845,,,,,,,449.6194,1.488,53.8078,466.6348,490.336,0.5511,0.019,0.5791
0,projyear,2,bm ~ dfi + nir + dfi:nir,0.3229,,44457.4897,649.8435,72.2616,34.8759,0.7675,0.0853,0.9138,,33.5483,,,,,,,460.0249,1.5227,65.9057,462.5139,520.3123,0.5463,0.0396,0.6145
0,projyear,2,bm ~ dfi + swir1 + dfi:swir1,0.5505,,43730.3387,568.4784,55.0593,17.2072,0.6714,0.065,0.785,,22.6517,,,,,,,386.5706,1.2797,32.5671,394.5382,432.5905,0.466,0.0268,0.5109
0,projyear,2,bm ~ dfi + swir2 + dfi:swir2,0.5639,,43683.4633,564.5066,54.2006,16.0554,0.6667,0.064,0.778,,22.8903,,,,,,,377.2637,1.249,30.392,389.5273,425.4307,0.4601,0.027,0.5025
0,projyear,2,bm ~ dfi + bai_126 + dfi:bai_126,0.1264,,45027.6603,721.4078,70.1861,55.1383,0.852,0.0829,0.987,,33.9984,,,,,,,553.6071,1.8322,104.1369,532.2808,585.5756,0.6287,0.0402,0.6916
0,projyear,2,bm ~ dfi + bai_136 + dfi:bai_136,0.3611,,44342.3677,635.1727,70.715,26.5824,0.7502,0.0835,0.8973,,32.3686,,,,,,,426.8939,1.4136,50.2789,447.9007,499.7507,0.529,0.0382,0.5902
0,projyear,2,bm ~ dfi + bai_236 + dfi:bai_236,0.3349,,44421.5271,645.511,65.0556,22.9186,0.7624,0.0768,0.8981,,26.2714,,,,,,,433.8539,1.4364,43.3573,453.9484,495.2365,0.5361,0.031,0.5849
0,projyear,2,bm ~ dfi + bai_246 + dfi:bai_246,0.1444,,44976.5574,716.5325,46.2597,40.8914,0.8463,0.0546,0.9454,,17.7336,,,,,,,542.2566,1.7942,77.3613,536.6425,557.1083,0.6338,0.0209,0.658
0,projyear,2,bm ~ ndvi + satvi + ndvi:satvi,0.4772,,43977.0906,600.5776,59.3386,22.1831,0.7093,0.0701,0.8311,,26.8355,,,,,,,418.8582,1.387,41.9564,429.2906,468.3685,0.507,0.0317,0.5532
0,projyear,2,bm ~ ndvi + nir + ndvi:nir,0.522,,43828.1694,579.6754,64.8226,19.2166,0.6846,0.0766,0.8209,,28.5784,,,,,,,388.4248,1.2862,36.3435,403.7329,448.5866,0.4768,0.0338,0.5298
0,projyear,2,bm ~ ndvi + bai_126 + ndvi:bai_126,0.4629,,44023.7987,601.0103,60.537,27.9553,0.7098,0.0715,0.8356,,27.8216,,,,,,,400.1219,1.3251,52.8277,428.897,469.3504,0.5066,0.0329,0.5543
0,projyear,2,bm ~ ndvi + bai_246 + ndvi:bai_246,0.4482,,44070.9469,604.3082,61.2995,26.2206,0.7137,0.0724,0.8402,,27.2623,,,,,,,394.1727,1.3054,49.5447,427.3037,466.8839,0.5047,0.0322,0.5514
0,projyear,2,bm ~ ndti + ndii7 + ndti:ndii7,0.4698,,44001.3746,599.9424,50.1258,18.3106,0.7086,0.0592,0.8112,,20.7812,,,,,,,405.8848,1.3438,34.6777,422.614,452.4216,0.4991,0.0245,0.5343
0,projyear,2,bm ~ ndti + nir + ndti:nir,0.4733,,43989.8226,599.0152,57.7178,18.5566,0.7075,0.0682,0.8271,,24.6426,,,,,,,397.3412,1.3153,35.1517,417.2022,457.1393,0.4927,0.0291,0.5399
0,projyear,2,bm ~ ndti + bai_126 + ndti:bai_126,0.4396,,44098.5267,611.2244,54.8374,22.0921,0.7219,0.0648,0.8348,,24.9054,,,,,,,393.0873,1.3014,41.8192,428.9604,468.1148,0.5066,0.0294,0.5529
0,projyear,2,bm ~ ndti + bai_136 + ndti:bai_136,0.4845,,43953.4085,594.7998,58.8943,17.1692,0.7025,0.0696,0.8223,,26.2709,,,,,,,401.3399,1.3291,32.5164,414.2629,452.8375,0.4893,0.031,0.5348
0,projyear,2,bm ~ ndti + bai_236 + ndti:bai_236,0.4838,,43955.6937,594.467,56.3523,15.6226,0.7021,0.0666,0.8154,,23.9503,,,,,,,405.1246,1.3416,29.5868,412.9979,446.0237,0.4878,0.0283,0.5268
0,projyear,2,bm ~ ndti + bai_246 + ndti:bai_246,0.4399,,44097.3021,609.4024,51.4254,19.9403,0.7197,0.0607,0.8247,,22.155,,,,,,,400.3339,1.3253,37.7602,429.4938,460.7777,0.5073,0.0262,0.5442
0,projyear,2,bm ~ satvi + ndii7 + satvi:ndii7,0.4894,,43937.2491,594.2654,51.5973,16.4121,0.7019,0.0609,0.8068,,22.0532,,,,,,,422.5867,1.3994,31.0838,421.5862,452.3431,0.4979,0.026,0.5342
0,projyear,2,bm ~ satvi + nir + satvi:nir,0.3362,,44417.5219,646.8677,70.0019,24.5241,0.764,0.0827,0.9056,,31.0618,,,,,,,447.9492,1.4827,46.412,455.2375,506.5782,0.5377,0.0367,0.5983
0,projyear,2,bm ~ satvi + swir1 + satvi:swir1,0.5584,,43702.8889,568.0173,57.8434,17.1279,0.6709,0.0683,0.7899,,23.6396,,,,,,,388.2302,1.2854,32.4032,395.322,432.3921,0.4669,0.0279,0.5107
0,projyear,2,bm ~ satvi + bai_126 + satvi:bai_126,0.3114,,44491.8037,654.1974,66.087,23.0113,0.7726,0.0781,0.9084,,29.4124,,,,,,,434.6098,1.439,43.5447,459.531,505.9902,0.5427,0.0347,0.5976
0,projyear,2,bm ~ satvi + bai_236 + satvi:bai_236,0.3989,,44226.1088,625.4018,67.634,21.5314,0.7386,0.0799,0.8769,,29.2492,,,,,,,440.7589,1.4594,40.7241,442.1175,485.9898,0.5222,0.0345,0.574
0,projyear,2,bm ~ satvi + bai_246 + satvi:bai_246,0.374,,44302.912,635.7779,62.8752,24.7305,0.7509,0.0743,0.8808,,28.3377,,,,,,,431.567,1.4291,46.7892,451.898,494.4938,0.5337,0.0335,0.584
0,projyear,2,bm ~ ndii7 + nir + ndii7:nir,0.5538,,43719.1056,567.9247,60.2441,16.4104,0.6708,0.0712,0.7973,,25.6997,,,,,,,383.9926,1.2716,31.0564,392.7683,433.5258,0.4639,0.0304,0.512
0,projyear,2,bm ~ ndii7 + swir1 + ndii7:swir1,0.5541,,43717.8116,569.8505,54.1185,17.4164,0.673,0.0639,0.7848,,20.5296,,,,,,,396.5745,1.3131,32.9398,399.1047,431.0188,0.4714,0.0242,0.5091
0,projyear,2,bm ~ ndii7 + swir2 + ndii7:swir2,0.5709,,43658.8881,563.8281,54.7217,14.8875,0.6659,0.0646,0.7783,,22.0849,,,,,,,384.6295,1.2734,28.1838,389.115,422.9477,0.4596,0.0261,0.4995
0,projyear,2,bm ~ ndii7 + bai_126 + ndii7:bai_126,0.4967,,43913.0846,589.7095,56.6484,25.4685,0.6965,0.0669,0.8145,,26.0219,,,,,,,397.676,1.3171,48.1501,418.7127,457.5826,0.4945,0.0307,0.5404
0,projyear,2,bm ~ ndii7 + bai_136 + ndii7:bai_136,0.4823,,43960.6592,596.1997,54.0898,21.1008,0.7041,0.0639,0.8158,,23.2102,,,,,,,427.0741,1.4146,39.8961,427.286,460.5501,0.5046,0.0274,0.5439
0,projyear,2,bm ~ ndii7 + bai_236 + ndii7:bai_236,0.4082,,44197.3048,624.929,48.7784,25.3722,0.7381,0.0576,0.8385,,19.0886,,,,,,,453.8643,1.5028,47.9561,454.6591,481.5393,0.537,0.0225,0.5687
0,projyear,2,bm ~ nir + swir1 + nir:swir1,0.5561,,43710.8893,569.4096,54.4375,18.35,0.6725,0.0643,0.7859,,21.2516,,,,,,,393.82,1.3037,34.706,400.1846,434.5775,0.4726,0.0251,0.5133
0,projyear,2,bm ~ nir + swir2 + nir:swir2,0.569,,43665.6148,564.2384,53.2715,15.7638,0.6664,0.0629,0.7765,,22.1062,,,,,,,380.5852,1.26,29.8411,390.7712,424.9988,0.4615,0.0261,0.5019
0,projyear,2,bm ~ nir + bai_126 + nir:bai_126,0.2566,,44653.3661,673.3592,66.2508,30.9337,0.7953,0.0782,0.9267,,29.9822,,,,,,,470.2965,1.5558,58.5038,479.0045,529.7472,0.5657,0.0354,0.6257
0,projyear,2,bm ~ nir + bai_136 + nir:bai_136,0.3798,,44285.2281,630.953,70.871,28.2111,0.7452,0.0837,0.8922,,31.9825,,,,,,,440.2222,1.4575,53.3255,447.1584,499.2014,0.5281,0.0378,0.5896
0,projyear,2,bm ~ nir + bai_236 + nir:bai_236,0.4064,,44202.9654,621.3267,69.5613,23.1346,0.7338,0.0822,0.8779,,30.368,,,,,,,430.6216,1.4256,43.7359,438.3083,487.0378,0.5177,0.0359,0.5752
0,projyear,2,bm ~ nir + bai_246 + nir:bai_246,0.5809,,43623.0177,560.7837,58.013,15.9631,0.6623,0.0685,0.7822,,25.4578,,,,,,,381.2419,1.2624,30.2132,389.4096,428.4369,0.4599,0.0301,0.506
0,projyear,2,bm ~ swir1 + bai_126 + swir1:bai_126,0.5488,,43736.5779,570.3685,55.9936,19.4717,0.6736,0.0661,0.7894,,22.4655,,,,,,,387.1733,1.2819,36.8187,398.2219,435.1126,0.4703,0.0265,0.5139
0,projyear,2,bm ~ swir1 + bai_246 + swir1:bai_246,0.5494,,43734.2101,570.4445,53.4412,18.3187,0.6737,0.0631,0.7833,,20.5978,,,,,,,391.0527,1.2948,34.6422,399.9969,432.2506,0.4724,0.0243,0.5105
0,projyear,2,bm ~ swir2 + bai_126 + swir2:bai_126,0.5682,,43668.2744,563.8634,54.2886,16.4594,0.666,0.0641,0.7777,,22.7815,,,,,,,375.088,1.2418,31.1503,388.9673,425.0437,0.4594,0.0269,0.502
0,projyear,2,bm ~ swir2 + bai_246 + swir2:bai_246,0.5666,,43673.8704,564.2341,53.8787,15.3038,0.6664,0.0636,0.7765,,21.8973,,,,,,,380.7622,1.2606,28.9696,390.012,423.2245,0.4606,0.0259,0.4999
0,projyear,2,bm ~ bai_126 + bai_136 + bai_126:bai_136,0.3569,,44354.9706,636.9593,68.8216,30.7554,0.7523,0.0813,0.8965,,30.6751,,,,,,,432.9689,1.4338,58.107,456.6227,504.7645,0.5393,0.0362,0.5962
0,projyear,2,bm ~ bai_126 + bai_236 + bai_126:bai_236,0.3574,,44353.6732,637.3569,69.7502,30.1328,0.7528,0.0824,0.8983,,30.87,,,,,,,439.7458,1.4563,56.9264,457.6411,506.3218,0.5405,0.0365,0.598
0,projyear,2,bm ~ bai_126 + bai_246 + bai_126:bai_246,0.3902,,44253.0321,632.3532,58.252,35.3882,0.7468,0.0688,0.8655,,27.9364,,,,,,,464.9364,1.5395,66.8919,460.2278,501.5034,0.5436,0.033,0.5923
0,projyear,2,bm ~ bai_136 + bai_246 + bai_136:bai_246,0.4091,,44194.4964,619.5287,64.0954,27.4752,0.7317,0.0757,0.8656,,29.111,,,,,,,434.8031,1.4401,51.9256,446.3653,489.0614,0.5272,0.0344,0.5776
0,projyear,2,bm ~ bai_236 + bai_246 + bai_236:bai_246,0.3263,,44447.2973,649.1103,60.6686,29.5909,0.7666,0.0717,0.8933,,25.1436,,,,,,,459.5585,1.5217,55.9083,471.9172,508.4317,0.5574,0.0297,0.6005
0,projyear,3,bm ~ dfi + ndvi + satvi + dfi:ndvi + dfi:satvi + ndvi:satvi,0.523,,43829.605,582.4959,49.1687,14.9817,0.688,0.0581,0.7861,,21.2805,,,,,,,406.8711,1.3471,28.4077,410.8837,438.7075,0.4853,0.0251,0.5181
0,projyear,3,bm ~ dfi + ndvi + nir + dfi:ndvi + dfi:nir + ndvi:nir,0.534,,43792.2175,577.6924,59.4958,16.2774,0.6823,0.0703,0.8057,,26.2546,,,,,,,384.2518,1.2723,30.824,399.7926,440.1668,0.4722,0.031,0.5199
0,projyear,3,bm ~ dfi + ndvi + bai_126 + dfi:ndvi + dfi:bai_126 + ndvi:bai_126,0.4992,,43909.566,589.5985,54.7112,18.6924,0.6963,0.0646,0.8092,,24.2778,,,,,,,383.8149,1.2709,35.3912,411.4087,447.4688,0.4859,0.0287,0.5285
0,projyear,3,bm ~ dfi + ndvi + bai_246 + dfi:ndvi + dfi:bai_246 + ndvi:bai_246,0.5016,,43901.6142,587.6426,58.1919,17.2465,0.694,0.0687,0.8144,,25.7241,,,,,,,382.4603,1.2664,32.6555,407.4978,446.273,0.4813,0.0304,0.5271
0,projyear,3,bm ~ dfi + ndti + ndii7 + dfi:ndti + dfi:ndii7 + ndti:ndii7,0.4793,,43975.2848,595.6067,55.8592,17.3451,0.7034,0.066,0.819,,23.782,,,,,,,394.8036,1.3072,32.8577,416.16,451.9347,0.4915,0.0281,0.5338
0,projyear,3,bm ~ dfi + ndti + nir + dfi:ndti + dfi:nir + ndti:nir,0.5154,,43855.3225,585.564,61.4841,19.0529,0.6916,0.0726,0.8199,,26.5279,,,,,,,382.8726,1.2678,36.0475,405.1444,447.0574,0.4785,0.0313,0.528
0,projyear,3,bm ~ dfi + ndti + bai_126 + dfi:ndti + dfi:bai_126 + ndti:bai_126,0.4598,,44038.7014,606.4148,55.6302,23.4079,0.7162,0.0657,0.8307,,24.7291,,,,,,,380.1118,1.2586,44.2858,423.539,460.5881,0.5002,0.0292,0.544
0,projyear,3,bm ~ dfi + ndti + bai_136 + dfi:ndti + dfi:bai_136 + ndti:bai_136,0.5021,,43899.9278,588.235,57.0841,16.189,0.6947,0.0674,0.8101,,26.3689,,,,,,,400.3572,1.3259,30.6762,412.1004,450.0369,0.4867,0.0311,0.5315
0,projyear,3,bm ~ dfi + ndti + bai_236 + dfi:ndti + dfi:bai_236 + ndti:bai_236,0.5246,,43824.2926,580.7077,51.1945,14.56,0.6858,0.0605,0.7872,,22.3617,,,,,,,400.1463,1.3251,27.6059,406.1692,436.496,0.4797,0.0264,0.5155
0,projyear,3,bm ~ dfi + ndti + bai_246 + dfi:ndti + dfi:bai_246 + ndti:bai_246,0.4677,,44012.959,599.2007,57.2665,19.041,0.7077,0.0676,0.8263,,25.3672,,,,,,,380.8413,1.2609,36.0598,417.1337,454.339,0.4927,0.03,0.5366
0,projyear,3,bm ~ dfi + satvi + ndii7 + dfi:satvi + dfi:ndii7 + satvi:ndii7,0.4919,,43933.8011,593.7561,51.5629,15.097,0.7013,0.0609,0.8049,,21.8776,,,,,,,414.8627,1.3738,28.6189,418.1765,447.4436,0.4939,0.0258,0.5285
0,projyear,3,bm ~ dfi + satvi + nir + dfi:satvi + dfi:nir + satvi:nir,0.3966,,44238.26,627.2833,71.2035,24.051,0.7409,0.0841,0.886,,31.4055,,,,,,,422.7953,1.3997,45.5158,438.5472,488.0652,0.5179,0.0371,0.5764
0,projyear,3,bm ~ dfi + satvi + swir1 + dfi:satvi + dfi:swir1 + satvi:swir1,0.5692,,43669.4055,564.6319,56.737,16.2339,0.6669,0.067,0.7845,,23.9673,,,,,,,386.9528,1.281,30.7247,390.9228,430.4391,0.4617,0.0283,0.5084
0,projyear,3,bm ~ dfi + satvi + bai_126 + dfi:satvi + dfi:bai_126 + satvi:bai_126,0.3382,,44416.6559,645.6428,67.7836,21.6895,0.7625,0.0801,0.9035,,29.5678,,,,,,,421.0872,1.3942,41.0787,450.512,496.9017,0.5321,0.0349,0.5869
0,projyear,3,bm ~ dfi + satvi + bai_236 + dfi:satvi + dfi:bai_236 + satvi:bai_236,0.4095,,44198.3421,623.344,67.2858,17.7061,0.7362,0.0795,0.873,,28.6029,,,,,,,433.7262,1.4361,33.5434,437.259,479.7169,0.5164,0.0338,0.5666
0,projyear,1,bm ~ dfi,0.003,,45372.0682,769.104,56.3647,65.0508,0.9084,0.0666,1.0252,,23.0146,,,,,,,590.8866,1.9551,122.8737,587.5883,621.915,0.694,0.0272,0.7345
0,projyear,1,bm ~ ndvi,0.4063,,44199.9542,618.8464,55.8508,29.438,0.7309,0.066,0.8474,,24.4707,,,,,,,415.7339,1.3767,55.6264,447.1224,481.8266,0.5281,0.0289,0.5691
0,projyear,1,bm ~ ndti,0.4204,,44155.7008,616.0677,51.2374,22.9972,0.7276,0.0605,0.8333,,23.245,,,,,,,390.2398,1.2919,43.5272,433.5692,470.0789,0.5121,0.0275,0.5552
0,projyear,1,bm ~ satvi,0.3083,,44497.6621,654.2131,68.9212,26.2679,0.7727,0.0814,0.9131,,31.0626,,,,,,,448.9967,1.4865,49.6992,462.4998,512.4449,0.5462,0.0367,0.6052
0,projyear,1,bm ~ ndii7,0.3253,,44447.0335,646.9978,44.5934,36.8225,0.7641,0.0527,0.858,,16.8615,,,,,,,463.3457,1.5337,69.5974,481.4295,504.7496,0.5686,0.0199,0.5961
0,projyear,1,bm ~ nir,0.2453,,44682.7989,677.6136,68.9543,33.8931,0.8003,0.0814,0.9384,,31.848,,,,,,,476.1194,1.5754,64.0904,484.0074,538.062,0.5716,0.0376,0.6355
0,projyear,1,bm ~ swir1,0.5422,,43756.2983,571.6198,54.9323,19.3733,0.6751,0.0649,0.7883,,21.8994,,,,,,,388.5257,1.2863,36.6325,399.7369,435.5127,0.4721,0.0259,0.5144
0,projyear,1,bm ~ swir2,0.5638,,43680.9007,564.619,54.14,16.2994,0.6668,0.0639,0.7781,,22.7278,,,,,,,377.0062,1.2481,30.849,389.9868,425.5997,0.4606,0.0268,0.5027
0,projyear,1,bm ~ bai_126,0.1031,,45089.9831,730.0871,67.3259,52.6142,0.8623,0.0795,0.9965,,33.9846,,,,,,,540.5339,1.7889,99.4131,542.6982,595.6381,0.641,0.0401,0.7035
0,projyear,1,bm ~ bai_136,0.3556,,44355.6094,636.5424,70.6716,31.5974,0.7518,0.0835,0.899,,32.4241,,,,,,,438.7426,1.4529,59.7012,455.0005,506.3329,0.5374,0.0383,0.598
0,projyear,1,bm ~ bai_236,0.3088,,44496.1178,653.7451,64.9489,32.2204,0.7721,0.0767,0.9089,,27.0127,,,,,,,449.9921,1.49,60.8636,475.1585,517.6849,0.5612,0.0319,0.6114
0,projyear,1,bm ~ bai_246,0.129,,45016.6326,722.7433,46.2193,51.1887,0.8536,0.0546,0.9497,,19.5177,,,,,,,559.2062,1.8505,96.7333,548.1846,570.6666,0.6474,0.0231,0.674
0,projyear,2,bm ~ dfi + ndvi + dfi:ndvi,0.4818,,43962.2008,594.1608,52.2694,18.5936,0.7017,0.0617,0.8092,,22.9103,,,,,,,387.7877,1.284,35.2043,416.4192,449.6496,0.4918,0.0271,0.5311
0,projyear,2,bm ~ dfi + ndti + dfi:ndti,0.4308,,44126.306,614.6576,51.4472,24.0639,0.7259,0.0608,0.8319,,22.6457,,,,,,,380.8686,1.2611,45.5237,431.5525,465.2286,0.5097,0.0267,0.5495
0,projyear,2,bm ~ dfi + satvi + dfi:satvi,0.3367,,44416.1953,643.7261,68.4115,23.4143,0.7603,0.0808,0.901,,30.1568,,,,,,,430.9326,1.4268,44.3414,451.6542,498.8652,0.5334,0.0356,0.5892
0,projyear,2,bm ~ dfi + ndii7 + dfi:ndii7,0.3542,,44363.4416,640.572,42.5684,28.4295,0.7566,0.0503,0.8446,,16.0845,,,,,,,449.6194,1.488,53.8078,466.6348,490.336,0.5511,0.019,0.5791
0,projyear,2,bm ~ dfi + nir + dfi:nir,0.3229,,44457.4897,649.8435,72.2616,34.8759,0.7675,0.0853,0.9138,,33.5483,,,,,,,460.0249,1.5227,65.9057,462.5139,520.3123,0.5463,0.0396,0.6145
0,projyear,2,bm ~ dfi + swir1 + dfi:swir1,0.5505,,43730.3387,568.4784,55.0593,17.2072,0.6714,0.065,0.785,,22.6517,,,,,,,386.5706,1.2797,32.5671,394.5382,432.5905,0.466,0.0268,0.5109
0,projyear,2,bm ~ dfi + swir2 + dfi:swir2,0.5639,,43683.4633,564.5066,54.2006,16.0554,0.6667,0.064,0.778,,22.8903,,,,,,,377.2637,1.249,30.392,389.5273,425.4307,0.4601,0.027,0.5025
0,projyear,2,bm ~ dfi + bai_126 + dfi:bai_126,0.1264,,45027.6603,721.4078,70.1861,55.1383,0.852,0.0829,0.987,,33.9984,,,,,,,553.6071,1.8322,104.1369,532.2808,585.5756,0.6287,0.0402,0.6916
0,projyear,2,bm ~ dfi + bai_136 + dfi:bai_136,0.3611,,44342.3677,635.1727,70.715,26.5824,0.7502,0.0835,0.8973,,32.3686,,,,,,,426.8939,1.4136,50.2789,447.9007,499.7507,0.529,0.0382,0.5902
0,projyear,2,bm ~ dfi + bai_236 + dfi:bai_236,0.3349,,44421.5271,645.511,65.0556,22.9186,0.7624,0.0768,0.8981,,26.2714,,,,,,,433.8539,1.4364,43.3573,453.9484,495.2365,0.5361,0.031,0.5849
0,projyear,2,bm ~ dfi + bai_246 + dfi:bai_246,0.1444,,44976.5574,716.5325,46.2597,40.8914,0.8463,0.0546,0.9454,,17.7336,,,,,,,542.2566,1.7942,77.3613,536.6425,557.1083,0.6338,0.0209,0.658
0,projyear,2,bm ~ ndvi + satvi + ndvi:satvi,0.4772,,43977.0906,600.5776,59.3386,22.1831,0.7093,0.0701,0.8311,,26.8355,,,,,,,418.8582,1.387,41.9564,429.2906,468.3685,0.507,0.0317,0.5532
0,projyear,2,bm ~ ndvi + nir + ndvi:nir,0.522,,43828.1694,579.6754,64.8226,19.2166,0.6846,0.0766,0.8209,,28.5784,,,,,,,388.4248,1.2862,36.3435,403.7329,448.5866,0.4768,0.0338,0.5298
0,projyear,2,bm ~ ndvi + bai_126 + ndvi:bai_126,0.4629,,44023.7987,601.0103,60.537,27.9553,0.7098,0.0715,0.8356,,27.8216,,,,,,,400.1219,1.3251,52.8277,428.897,469.3504,0.5066,0.0329,0.5543
0,projyear,2,bm ~ ndvi + bai_246 + ndvi:bai_246,0.4482,,44070.9469,604.3082,61.2995,26.2206,0.7137,0.0724,0.8402,,27.2623,,,,,,,394.1727,1.3054,49.5447,427.3037,466.8839,0.5047,0.0322,0.5514
0,projyear,2,bm ~ ndti + ndii7 + ndti:ndii7,0.4698,,44001.3746,599.9424,50.1258,18.3106,0.7086,0.0592,0.8112,,20.7812,,,,,,,405.8848,1.3438,34.6777,422.614,452.4216,0.4991,0.0245,0.5343
0,projyear,2,bm ~ ndti + nir + ndti:nir,0.4733,,43989.8226,599.0152,57.7178,18.5566,0.7075,0.0682,0.8271,,24.6426,,,,,,,397.3412,1.3153,35.1517,417.2022,457.1393,0.4927,0.0291,0.5399
0,projyear,2,bm ~ ndti + bai_126 + ndti:bai_126,0.4396,,44098.5267,611.2244,54.8374,22.0921,0.7219,0.0648,0.8348,,24.9054,,,,,,,393.0873,1.3014,41.8192,428.9604,468.1148,0.5066,0.0294,0.5529
0,projyear,2,bm ~ ndti + bai_136 + ndti:bai_136,0.4845,,43953.4085,594.7998,58.8943,17.1692,0.7025,0.0696,0.8223,,26.2709,,,,,,,401.3399,1.3291,32.5164,414.2629,452.8375,0.4893,0.031,0.5348
0,projyear,2,bm ~ ndti + bai_236 + ndti:bai_236,0.4838,,43955.6937,594.467,56.3523,15.6226,0.7021,0.0666,0.8154,,23.9503,,,,,,,405.1246,1.3416,29.5868,412.9979,446.0237,0.4878,0.0283,0.5268
0,projyear,2,bm ~ ndti + bai_246 + ndti:bai_246,0.4399,,44097.3021,609.4024,51.4254,19.9403,0.7197,0.0607,0.8247,,22.155,,,,,,,400.3339,1.3253,37.7602,429.4938,460.7777,0.5073,0.0262,0.5442
0,projyear,2,bm ~ satvi + ndii7 + satvi:ndii7,0.4894,,43937.2491,594.2654,51.5973,16.4121,0.7019,0.0609,0.8068,,22.0532,,,,,,,422.5867,1.3994,31.0838,421.5862,452.3431,0.4979,0.026,0.5342
0,projyear,2,bm ~ satvi + nir + satvi:nir,0.3362,,44417.5219,646.8677,70.0019,24.5241,0.764,0.0827,0.9056,,31.0618,,,,,,,447.9492,1.4827,46.412,455.2375,506.5782,0.5377,0.0367,0.5983
0,projyear,2,bm ~ satvi + swir1 + satvi:swir1,0.5584,,43702.8889,568.0173,57.8434,17.1279,0.6709,0.0683,0.7899,,23.6396,,,,,,,388.2302,1.2854,32.4032,395.322,432.3921,0.4669,0.0279,0.5107
0,projyear,2,bm ~ satvi + bai_126 + satvi:bai_126,0.3114,,44491.8037,654.1974,66.087,23.0113,0.7726,0.0781,0.9084,,29.4124,,,,,,,434.6098,1.439,43.5447,459.531,505.9902,0.5427,0.0347,0.5976
0,projyear,2,bm ~ satvi + bai_236 + satvi:bai_236,0.3989,,44226.1088,625.4018,67.634,21.5314,0.7386,0.0799,0.8769,,29.2492,,,,,,,440.7589,1.4594,40.7241,442.1175,485.9898,0.5222,0.0345,0.574
0,projyear,2,bm ~ satvi + bai_246 + satvi:bai_246,0.374,,44302.912,635.7779,62.8752,24.7305,0.7509,0.0743,0.8808,,28.3377,,,,,,,431.567,1.4291,46.7892,451.898,494.4938,0.5337,0.0335,0.584
0,projyear,2,bm ~ ndii7 + nir + ndii7:nir,0.5538,,43719.1056,567.9247,60.2441,16.4104,0.6708,0.0712,0.7973,,25.6997,,,,,,,383.9926,1.2716,31.0564,392.7683,433.5258,0.4639,0.0304,0.512
0,projyear,2,bm ~ ndii7 + swir1 + ndii7:swir1,0.5541,,43717.8116,569.8505,54.1185,17.4164,0.673,0.0639,0.7848,,20.5296,,,,,,,396.5745,1.3131,32.9398,399.1047,431.0188,0.4714,0.0242,0.5091
0,projyear,2,bm ~ ndii7 + swir2 + ndii7:swir2,0.5709,,43658.8881,563.8281,54.7217,14.8875,0.6659,0.0646,0.7783,,22.0849,,,,,,,384.6295,1.2734,28.1838,389.115,422.9477,0.4596,0.0261,0.4995
0,projyear,2,bm ~ ndii7 + bai_126 + ndii7:bai_126,0.4967,,43913.0846,589.7095,56.6484,25.4685,0.6965,0.0669,0.8145,,26.0219,,,,,,,397.676,1.3171,48.1501,418.7127,457.5826,0.4945,0.0307,0.5404
0,projyear,2,bm ~ ndii7 + bai_136 + ndii7:bai_136,0.4823,,43960.6592,596.1997,54.0898,21.1008,0.7041,0.0639,0.8158,,23.2102,,,,,,,427.0741,1.4146,39.8961,427.286,460.5501,0.5046,0.0274,0.5439
0,projyear,2,bm ~ ndii7 + bai_236 + ndii7:bai_236,0.4082,,44197.3048,624.929,48.7784,25.3722,0.7381,0.0576,0.8385,,19.0886,,,,,,,453.8643,1.5028,47.9561,454.6591,481.5393,0.537,0.0225,0.5687
0,projyear,2,bm ~ nir + swir1 + nir:swir1,0.5561,,43710.8893,569.4096,54.4375,18.35,0.6725,0.0643,0.7859,,21.2516,,,,,,,393.82,1.3037,34.706,400.1846,434.5775,0.4726,0.0251,0.5133
0,projyear,2,bm ~ nir + swir2 + nir:swir2,0.569,,43665.6148,564.2384,53.2715,15.7638,0.6664,0.0629,0.7765,,22.1062,,,,,,,380.5852,1.26,29.8411,390.7712,424.9988,0.4615,0.0261,0.5019
0,projyear,2,bm ~ nir + bai_126 + nir:bai_126,0.2566,,44653.3661,673.3592,66.2508,30.9337,0.7953,0.0782,0.9267,,29.9822,,,,,,,470.2965,1.5558,58.5038,479.0045,529.7472,0.5657,0.0354,0.6257
0,projyear,2,bm ~ nir + bai_136 + nir:bai_136,0.3798,,44285.2281,630.953,70.871,28.2111,0.7452,0.0837,0.8922,,31.9825,,,,,,,440.2222,1.4575,53.3255,447.1584,499.2014,0.5281,0.0378,0.5896
0,projyear,2,bm ~ nir + bai_236 + nir:bai_236,0.4064,,44202.9654,621.3267,69.5613,23.1346,0.7338,0.0822,0.8779,,30.368,,,,,,,430.6216,1.4256,43.7359,438.3083,487.0378,0.5177,0.0359,0.5752
0,projyear,2,bm ~ nir + bai_246 + nir:bai_246,0.5809,,43623.0177,560.7837,58.013,15.9631,0.6623,0.0685,0.7822,,25.4578,,,,,,,381.2419,1.2624,30.2132,389.4096,428.4369,0.4599,0.0301,0.506
0,projyear,2,bm ~ swir1 + bai_126 + swir1:bai_126,0.5488,,43736.5779,570.3685,55.9936,19.4717,0.6736,0.0661,0.7894,,22.4655,,,,,,,387.1733,1.2819,36.8187,398.2219,435.1126,0.4703,0.0265,0.5139
0,projyear,2,bm ~ swir1 + bai_246 + swir1:bai_246,0.5494,,43734.2101,570.4445,53.4412,18.3187,0.6737,0.0631,0.7833,,20.5978,,,,,,,391.0527,1.2948,34.6422,399.9969,432.2506,0.4724,0.0243,0.5105
0,projyear,2,bm ~ swir2 + bai_126 + swir2:bai_126,0.5682,,43668.2744,563.8634,54.2886,16.4594,0.666,0.0641,0.7777,,22.7815,,,,,,,375.088,1.2418,31.1503,388.9673,425.0437,0.4594,0.0269,0.502
0,projyear,2,bm ~ swir2 + bai_246 + swir2:bai_246,0.5666,,43673.8704,564.2341,53.8787,15.3038,0.6664,0.0636,0.7765,,21.8973,,,,,,,380.7622,1.2606,28.9696,390.012,423.2245,0.4606,0.0259,0.4999
0,projyear,2,bm ~ bai_126 + bai_136 + bai_126:bai_136,0.3569,,44354.9706,636.9593,68.8216,30.7554,0.7523,0.0813,0.8965,,30.6751,,,,,,,432.9689,1.4338,58.107,456.6227,504.7645,0.5393,0.0362,0.5962
0,projyear,2,bm ~ bai_126 + bai_236 + bai_126:bai_236,0.3574,,44353.6732,637.3569,69.7502,30.1328,0.7528,0.0824,0.8983,,30.87,,,,,,,439.7458,1.4563,56.9264,457.6411,506.3218,0.5405,0.0365,0.598
0,projyear,2,bm ~ bai_126 + bai_246 + bai_126:bai_246,0.3902,,44253.0321,632.3532,58.252,35.3882,0.7468,0.0688,0.8655,,27.9364,,,,,,,464.9364,1.5395,66.8919,460.2278,501.5034,0.5436,0.033,0.5923
0,projyear,2,bm ~ bai_136 + bai_246 + bai_136:bai_246,0.4091,,44194.4964,619.5287,64.0954,27.4752,0.7317,0.0757,0.8656,,29.111,,,,,,,434.8031,1.4401,51.9256,446.3653,489.0614,0.5272,0.0344,0.5776
0,projyear,2,bm ~ bai_236 + bai_246 + bai_236:bai_246,0.3263,,44447.2973,649.1103,60.6686,29.5909,0.7666,0.0717,0.8933,,25.1436,,,,,,,459.5585,1.5217,55.9083,471.9172,508.4317,0.5574,0.0297,0.6005
0,projyear,3,bm ~ dfi + ndvi + satvi + dfi:ndvi + dfi:satvi + ndvi:satvi,0.523,,43829.605,582.4959,49.1687,14.9817,0.688,0.0581,0.7861,,21.2805,,,,,,,406.8711,1.3471,28.4077,410.8837,438.7075,0.4853,0.0251,0.5181
0,projyear,3,bm ~ dfi + ndvi + nir + dfi:ndvi + dfi:nir + ndvi:nir,0.534,,43792.2175,577.6924,59.4958,16.2774,0.6823,0.0703,0.8057,,26.2546,,,,,,,384.2518,1.2723,30.824,399.7926,440.1668,0.4722,0.031,0.5199
0,projyear,3,bm ~ dfi + ndvi + bai_126 + dfi:ndvi + dfi:bai_126 + ndvi:bai_126,0.4992,,43909.566,589.5985,54.7112,18.6924,0.6963,0.0646,0.8092,,24.2778,,,,,,,383.8149,1.2709,35.3912,411.4087,447.4688,0.4859,0.0287,0.5285
0,projyear,3,bm ~ dfi + ndvi + bai_246 + dfi:ndvi + dfi:bai_246 + ndvi:bai_246,0.5016,,43901.6142,587.6426,58.1919,17.2465,0.694,0.0687,0.8144,,25.7241,,,,,,,382.4603,1.2664,32.6555,407.4978,446.273,0.4813,0.0304,0.5271
0,projyear,3,bm ~ dfi + ndti + ndii7 + dfi:ndti + dfi:ndii7 + ndti:ndii7,0.4793,,43975.2848,595.6067,55.8592,17.3451,0.7034,0.066,0.819,,23.782,,,,,,,394.8036,1.3072,32.8577,416.16,451.9347,0.4915,0.0281,0.5338
0,projyear,3,bm ~ dfi + ndti + nir + dfi:ndti + dfi:nir + ndti:nir,0.5154,,43855.3225,585.564,61.4841,19.0529,0.6916,0.0726,0.8199,,26.5279,,,,,,,382.8726,1.2678,36.0475,405.1444,447.0574,0.4785,0.0313,0.528
0,projyear,3,bm ~ dfi + ndti + bai_126 + dfi:ndti + dfi:bai_126 + ndti:bai_126,0.4598,,44038.7014,606.4148,55.6302,23.4079,0.7162,0.0657,0.8307,,24.7291,,,,,,,380.1118,1.2586,44.2858,423.539,460.5881,0.5002,0.0292,0.544
0,projyear,3,bm ~ dfi + ndti + bai_136 + dfi:ndti + dfi:bai_136 + ndti:bai_136,0.5021,,43899.9278,588.235,57.0841,16.189,0.6947,0.0674,0.8101,,26.3689,,,,,,,400.3572,1.3259,30.6762,412.1004,450.0369,0.4867,0.0311,0.5315
0,projyear,3,bm ~ dfi + ndti + bai_236 + dfi:ndti + dfi:bai_236 + ndti:bai_236,0.5246,,43824.2926,580.7077,51.1945,14.56,0.6858,0.0605,0.7872,,22.3617,,,,,,,400.1463,1.3251,27.6059,406.1692,436.496,0.4797,0.0264,0.5155
0,projyear,3,bm ~ dfi + ndti + bai_246 + dfi:ndti + dfi:bai_246 + ndti:bai_246,0.4677,,44012.959,599.2007,57.2665,19.041,0.7077,0.0676,0.8263,,25.3672,,,,,,,380.8413,1.2609,36.0598,417.1337,454.339,0.4927,0.03,0.5366
0,projyear,3,bm ~ dfi + satvi + ndii7 + dfi:satvi + dfi:ndii7 + satvi:ndii7,0.4919,,43933.8011,593.7561,51.5629,15.097,0.7013,0.0609,0.8049,,21.8776,,,,,,,414.8627,1.3738,28.6189,418.1765,447.4436,0.4939,0.0258,0.5285
0,projyear,3,bm ~ dfi + satvi + nir + dfi:satvi + dfi:nir + satvi:nir,0.3966,,44238.26,627.2833,71.2035,24.051,0.7409,0.0841,0.886,,31.4055,,,,,,,422.7953,1.3997,45.5158,438.5472,488.0652,0.5179,0.0371,0.5764
0,projyear,3,bm ~ dfi + satvi + swir1 + dfi:satvi + dfi:swir1 + satvi:swir1,0.5692,,43669.4055,564.6319,56.737,16.2339,0.6669,0.067,0.7845,,23.9673,,,,,,,386.9528,1.281,30.7247,390.9228,430.4391,0.4617,0.0283,0.5084
0,projyear,3,bm ~ dfi + satvi + bai_126 + dfi:satvi + dfi:bai_126 + satvi:bai_126,0.3382,,44416.6559,645.6428,67.7836,21.6895,0.7625,0.0801,0.9035,,29.5678,,,,,,,421.0872,1.3942,41.0787,450.512,496.9017,0.5321,0.0349,0.5869
0,projyear,3,bm ~ dfi + satvi + bai_236 + dfi:satvi + dfi:bai_236 + satvi:bai_236,0.4095,,44198.3421,623.344,67.2858,17.7061,0.7362,0.0795,0.873,,28.6029,,,,,,,433.7262,1.4361,33.5434,437.259,479.7169,0.5164,0.0338,0.5666
0,projyear,3,bm ~ dfi + ndii7 + nir + dfi:ndii7 + dfi:nir + ndii7:nir,0.5687,,43671.1873,564.9454,55.5578,15.7717,0.6672,0.0656,0.7814,,24.2461,,,,,,,388.8387,1.2876,29.8557,391.6071,429.0876,0.4625,0.0286,0.5068
0,projyear,3,bm ~ dfi + ndii7 + swir1 + dfi:ndii7 + dfi:swir1 + ndii7:swir1,0.5749,,43649.0932,563.6551,53.7877,15.155,0.6657,0.0635,0.7776,,21.048,,,,,,,392.3133,1.2988,28.6906,392.0849,425.5936,0.4631,0.0249,0.5026
0,projyear,3,bm ~ dfi + ndii7 + swir2 + dfi:ndii7 + dfi:swir2 + ndii7:swir2,0.5779,,43638.2819,562.126,55.8304,14.4878,0.6639,0.0659,0.7802,,22.9722,,,,,,,385.0627,1.2749,27.4302,388.4628,424.2283,0.4588,0.0271,0.501
0,projyear,3,bm ~ dfi + ndii7 + bai_126 + dfi:ndii7 + dfi:bai_126 + ndii7:bai_126,0.5209,,43836.6055,583.3348,50.3576,21.2159,0.689,0.0595,0.7892,,24.0331,,,,,,,389.4382,1.2897,40.1525,409.9957,444.2108,0.4842,0.0284,0.5246
0,projyear,3,bm ~ dfi + ndii7 + bai_136 + dfi:ndii7 + dfi:bai_136 + ndii7:bai_136,0.5182,,43845.8815,583.0336,53.9659,15.3599,0.6886,0.0637,0.8005,,23.0216,,,,,,,411.0323,1.3614,29.096,408.9918,442.3476,0.483,0.0272,0.5224
0,projyear,3,bm ~ dfi + ndii7 + bai_236 + dfi:ndii7 + dfi:bai_236 + ndii7:bai_236,0.4743,,43991.4793,600.3696,49.5333,16.1237,0.7091,0.0585,0.8124,,19.3865,,,,,,,434.0495,1.4372,30.5423,425.1782,453.9955,0.5022,0.0229,0.5362
0,projyear,3,bm ~ dfi + nir + swir1 + dfi:nir + dfi:swir1 + nir:swir1,0.5626,,43692.7359,567.1763,51.9011,16.3328,0.6699,0.0613,0.775,,20.4844,,,,,,,390.5552,1.2929,30.9152,394.6944,427.6662,0.4662,0.0242,0.5051
0,projyear,3,bm ~ dfi + nir + swir2 + dfi:nir + dfi:swir2 + nir:swir2,0.5694,,43668.6447,564.2827,52.6825,15.4697,0.6664,0.0622,0.7743,,22.2058,,,,,,,381.4463,1.2628,29.2862,390.5871,424.075,0.4613,0.0262,0.5009
0,projyear,3,bm ~ dfi + nir + bai_126 + dfi:nir + dfi:bai_126 + nir:bai_126,0.3406,,44409.4767,643.5787,69.3687,31.0692,0.7601,0.0819,0.9011,,31.5017,,,,,,,447.0302,1.4795,58.7114,456.0808,510.4681,0.5387,0.0372,0.6029
0,projyear,3,bm ~ dfi + nir + bai_136 + dfi:nir + dfi:bai_136 + nir:bai_136,0.3851,,44273.9958,630.6062,70.666,25.9595,0.7448,0.0835,0.8911,,31.2311,,,,,,,430.9956,1.4269,49.1052,445.4529,496.0082,0.5261,0.0369,0.5858
0,projyear,3,bm ~ dfi + nir + bai_236 + dfi:nir + dfi:bai_236 + nir:bai_236,0.4098,,44197.2367,623.1964,68.6727,21.0871,0.736,0.0811,0.8783,,29.0851,,,,,,,427.8529,1.4163,39.8991,437.7874,484.8111,0.5171,0.0344,0.5726
0,projyear,3,bm ~ dfi + nir + bai_246 + dfi:nir + dfi:bai_246 + nir:bai_246,0.5861,,43609.0583,560.1585,56.4321,14.4762,0.6616,0.0666,0.7776,,24.8003,,,,,,,381.9826,1.2648,27.426,388.2906,426.1028,0.4586,0.0293,0.5033
0,projyear,3,bm ~ dfi + swir1 + bai_126 + dfi:swir1 + dfi:bai_126 + swir1:bai_126,0.5586,,43706.9523,566.2247,55.5328,17.1105,0.6687,0.0656,0.7846,,22.935,,,,,,,385.6717,1.2767,32.3793,392.3996,431.425,0.4634,0.0271,0.5095
0,projyear,3,bm ~ dfi + swir1 + bai_246 + dfi:swir1 + dfi:bai_246 + swir1:bai_246,0.5733,,43654.7622,562.4864,50.1893,14.9887,0.6643,0.0593,0.766,,19.751,,,,,,,387.1682,1.2817,28.3851,390.2723,420.9073,0.4609,0.0233,0.4971
0,projyear,3,bm ~ dfi + swir2 + bai_126 + dfi:swir2 + dfi:bai_126 + swir2:bai_126,0.5699,,43666.8181,563.1076,54.5146,16.0702,0.6651,0.0644,0.7779,,23.0105,,,,,,,376.107,1.2451,30.4173,388.0793,424.6739,0.4583,0.0272,0.5016
0,projyear,3,bm ~ dfi + swir2 + bai_246 + dfi:swir2 + dfi:bai_246 + swir2:bai_246,0.5695,,43668.5273,563.3968,53.3985,14.598,0.6654,0.0631,0.7748,,21.7835,,,,,,,381.3658,1.2626,27.6475,389.2129,422.3232,0.4597,0.0257,0.4988
0,projyear,3,bm ~ dfi + bai_126 + bai_136 + dfi:bai_126 + dfi:bai_136 + bai_126:bai_136,0.3658,,44333.208,635.7341,67.4412,23.3067,0.7508,0.0797,0.893,,29.0045,,,,,,,421.6219,1.3961,44.0921,445.6981,492.9065,0.5264,0.0343,0.5821
0,projyear,3,bm ~ dfi + bai_126 + bai_236 + dfi:bai_126 + dfi:bai_236 + bai_126:bai_236,0.3653,,44334.458,636.2391,68.3151,23.0028,0.7514,0.0807,0.8938,,29.3006,,,,,,,427.4953,1.4156,43.5152,446.9642,493.4796,0.5279,0.0346,0.5828
0,projyear,3,bm ~ dfi + bai_126 + bai_246 + dfi:bai_126 + dfi:bai_246 + bai_126:bai_246,0.4027,,44219.3649,625.0092,57.9503,25.6431,0.7382,0.0684,0.8557,,26.4787,,,,,,,454.3436,1.5045,48.5564,449.0116,488.2589,0.5303,0.0313,0.5767
0,projyear,3,bm ~ dfi + bai_136 + bai_246 + dfi:bai_136 + dfi:bai_246 + bai_136:bai_246,0.4559,,44051.0827,603.6713,60.8893,17.3807,0.713,0.0719,0.8413,,27.8155,,,,,,,416.7622,1.3804,32.9302,424.5025,465.7124,0.5014,0.0329,0.55
0,projyear,3,bm ~ dfi + bai_236 + bai_246 + dfi:bai_236 + dfi:bai_246 + bai_236:bai_246,0.3796,,44290.9184,630.5726,57.8123,17.6069,0.7447,0.0683,0.8642,,23.3086,,,,,,,439.9617,1.4569,33.3472,443.2786,474.5183,0.5235,0.0275,0.5604
0,projyear,3,bm ~ ndvi + satvi + nir + ndvi:satvi + ndvi:nir + satvi:nir,0.5513,,43732.5391,570.254,60.7212,18.788,0.6735,0.0717,0.8008,,25.5485,,,,,,,393.7308,1.3038,35.5215,400.537,441.5768,0.4731,0.0302,0.5215
0,projyear,3,bm ~ ndvi + satvi + bai_126 + ndvi:satvi + ndvi:bai_126 + satvi:bai_126,0.5211,,43835.946,586.0655,57.8272,20.3077,0.6922,0.0683,0.8101,,25.2282,,,,,,,413.0666,1.3678,38.411,417.0303,454.0417,0.4925,0.0298,0.5362
0,projyear,3,bm ~ ndvi + satvi + bai_246 + ndvi:satvi + ndvi:bai_246 + satvi:bai_246,0.4982,,43912.8549,590.4369,61.1927,22.3417,0.6973,0.0723,0.8233,,26.5917,,,,,,,407.3018,1.3487,42.2373,420.4002,461.0459,0.4965,0.0314,0.5445
0,projyear,3,bm ~ ndvi + nir + bai_126 + ndvi:nir + ndvi:bai_126 + nir:bai_126,0.5386,,43776.527,572.3298,66.9134,16.0695,0.676,0.079,0.8172,,28.0825,,,,,,,384.6891,1.2739,30.3972,394.6469,438.5962,0.4661,0.0332,0.518
0,projyear,3,bm ~ ndvi + nir + bai_246 + ndvi:nir + ndvi:bai_246 + nir:bai_246,0.6104,,43519.7137,552.2942,50.725,15.0796,0.6523,0.0599,0.7538,,21.6327,,,,,,,379.8084,1.2573,28.5592,383.5692,415.1215,0.453,0.0255,0.4903
0,projyear,3,bm ~ ndvi + bai_126 + bai_246 + ndvi:bai_126 + ndvi:bai_246 + bai_126:bai_246,0.4778,,43980.1396,600.22,63.2532,25.6813,0.7089,0.0747,0.8391,,28.331,,,,,,,398.1243,1.3186,48.5253,425.4521,465.9486,0.5025,0.0335,0.5503
0,projyear,3,bm ~ ndti + ndii7 + nir + ndti:ndii7 + ndti:nir + ndii7:nir,0.5734,,43654.3825,563.057,56.0051,14.8385,0.665,0.0661,0.7812,,23.7203,,,,,,,388.6748,1.287,28.0899,389.8959,427.0579,0.4605,0.028,0.5044
0,projyear,3,bm ~ ndti + ndii7 + bai_126 + ndti:ndii7 + ndti:bai_126 + ndii7:bai_126,0.5414,,43766.8488,577.5137,54.0518,17.593,0.6821,0.0638,0.7942,,23.802,,,,,,,397.5125,1.3164,33.3076,405.3428,442.1832,0.4787,0.0281,0.5222
0,projyear,3,bm ~ ndti + ndii7 + bai_136 + ndti:ndii7 + ndti:bai_136 + ndii7:bai_136,0.5123,,43865.7321,585.1011,54.0621,15.9349,0.691,0.0639,0.7997,,23.5712,,,,,,,403.5547,1.3366,30.174,408.9141,440.8544,0.4829,0.0278,0.5207
0,projyear,3,bm ~ ndti + ndii7 + bai_236 + ndti:ndii7 + ndti:bai_236 + ndii7:bai_236,0.4966,,43918.2682,590.1926,50.0063,15.5557,0.697,0.0591,0.7953,,21.2326,,,,,,,406.0626,1.3448,29.4584,413.3383,441.5013,0.4882,0.0251,0.5214
0,projyear,3,bm ~ ndti + nir + bai_126 + ndti:nir + ndti:bai_126 + nir:bai_126,0.4886,,43944.6032,593.1503,59.8273,17.2505,0.7005,0.0707,0.824,,25.724,,,,,,,398.5165,1.3191,32.6807,411.4444,452.5539,0.4859,0.0304,0.5345
0,projyear,3,bm ~ ndti + nir + bai_136 + ndti:nir + ndti:bai_136 + nir:bai_136,0.4913,,43935.5842,592.3788,60.6831,16.7979,0.6996,0.0717,0.8241,,27.8315,,,,,,,401.8258,1.3307,31.8239,411.0322,453.2694,0.4855,0.0329,0.5353
0,projyear,3,bm ~ ndti + nir + bai_236 + ndti:nir + ndti:bai_236 + nir:bai_236,0.5003,,43906.0609,589.971,59.1962,15.4008,0.6968,0.0699,0.8168,,25.6642,,,,,,,400.5185,1.3262,29.1719,407.0311,444.2576,0.4807,0.0303,0.5247
0,projyear,3,bm ~ ndti + nir + bai_246 + ndti:nir + ndti:bai_246 + nir:bai_246,0.5855,,43611.0033,561.7607,57.5861,15.0534,0.6635,0.068,0.7821,,25.2863,,,,,,,384.337,1.2726,28.5028,389.7285,428.2816,0.4603,0.0299,0.5058
0,projyear,3,bm ~ ndti + bai_126 + bai_136 + ndti:bai_126 + ndti:bai_136 + bai_126:bai_136,0.4956,,43921.4824,590.6554,58.6668,15.7063,0.6976,0.0693,0.8162,,25.8799,,,,,,,401.6633,1.3302,29.7477,408.2231,445.0037,0.4821,0.0306,0.5256
0,projyear,3,bm ~ ndti + bai_126 + bai_236 + ndti:bai_126 + ndti:bai_236 + bai_126:bai_236,0.491,,43936.8549,592.2477,57.853,15.7514,0.6995,0.0683,0.8168,,25.3469,,,,,,,401.2443,1.3288,29.8333,409.8942,446.1632,0.4841,0.0299,0.5269
0,projyear,3,bm ~ ndti + bai_126 + bai_246 + ndti:bai_126 + ndti:bai_246 + bai_126:bai_246,0.4792,,43975.5787,600.3121,54.5586,18.9117,0.709,0.0644,0.8203,,24.0658,,,,,,,403.6166,1.3364,35.8173,423.2633,457.0537,0.4999,0.0284,0.5398
0,projyear,3,bm ~ ndti + bai_136 + bai_246 + ndti:bai_136 + ndti:bai_246 + bai_136:bai_246,0.4943,,43925.6646,591.5107,57.3041,16.5239,0.6986,0.0677,0.8147,,25.7387,,,,,,,403.487,1.3363,31.2959,413.1447,448.6892,0.4879,0.0304,0.5299
0,projyear,3,bm ~ ndti + bai_236 + bai_246 + ndti:bai_236 + ndti:bai_246 + bai_236:bai_246,0.4851,,43956.1757,593.8889,54.6443,15.6796,0.7014,0.0645,0.8107,,23.2563,,,,,,,405.392,1.3426,29.6944,413.801,445.0518,0.4887,0.0275,0.5256
0,projyear,3,bm ~ satvi + ndii7 + nir + satvi:ndii7 + satvi:nir + ndii7:nir,0.574,,43652.3197,562.803,53.3652,14.888,0.6647,0.063,0.7712,,23.3176,,,,,,,387.3471,1.2826,28.1836,389.6789,424.4234,0.4602,0.0275,0.5013
0,projyear,3,bm ~ satvi + ndii7 + swir1 + satvi:ndii7 + satvi:swir1 + ndii7:swir1,0.571,,43663.0394,564.6036,54.2884,15.2591,0.6668,0.0641,0.7777,,21.8197,,,,,,,391.0082,1.2947,28.8771,393.3679,425.961,0.4646,0.0258,0.5031
0,projyear,3,bm ~ satvi + ndii7 + bai_126 + satvi:ndii7 + satvi:bai_126 + ndii7:bai_126,0.5477,,43744.7784,573.7744,49.4581,17.5117,0.6777,0.0584,0.7769,,22.6104,,,,,,,404.1592,1.3384,33.1558,405.5793,437.2104,0.479,0.0267,0.5164
0,projyear,3,bm ~ satvi + ndii7 + bai_236 + satvi:ndii7 + satvi:bai_236 + ndii7:bai_236,0.4949,,43923.8322,593.6266,50.7076,16.2781,0.7011,0.0599,0.8032,,21.8465,,,,,,,423.1857,1.4014,30.8283,420.8928,450.581,0.4971,0.0258,0.5322
0,projyear,3,bm ~ satvi + nir + swir1 + satvi:nir + satvi:swir1 + nir:swir1,0.5775,,43639.9013,563.6646,55.2644,15.8304,0.6657,0.0653,0.7809,,21.9724,,,,,,,392.3869,1.2992,29.9438,393.2964,426.8505,0.4645,0.026,0.5041
0,projyear,3,bm ~ satvi + nir + bai_236 + satvi:nir + satvi:bai_236 + nir:bai_236,0.4209,,44162.5473,617.4874,69.0807,21.1456,0.7293,0.0816,0.8705,,30.3532,,,,,,,430.4706,1.4252,39.991,432.3469,479.0959,0.5106,0.0358,0.5658
0,projyear,3,bm ~ satvi + nir + bai_246 + satvi:nir + satvi:bai_246 + nir:bai_246,0.5984,,43564.1695,555.1888,51.9395,15.8392,0.6557,0.0613,0.7617,,21.0406,,,,,,,384.5772,1.2733,29.9764,386.6362,419.5598,0.4566,0.0249,0.4955
0,projyear,3,bm ~ satvi + swir1 + bai_126 + satvi:swir1 + satvi:bai_126 + swir1:bai_126,0.5662,,43679.9523,565.6542,57.8165,14.5707,0.6681,0.0683,0.7843,,22.5741,,,,,,,385.9261,1.2778,27.5793,388.2877,421.8218,0.4586,0.0267,0.4982
0,projyear,3,bm ~ satvi + swir1 + bai_246 + satvi:swir1 + satvi:bai_246 + swir1:bai_246,0.5763,,43644.0517,563.1078,53.5835,15.9133,0.6651,0.0633,0.7758,,20.8384,,,,,,,392.4297,1.2993,30.1122,394.2777,426.5088,0.4657,0.0246,0.5037
0,projyear,3,bm ~ satvi + bai_126 + bai_236 + satvi:bai_126 + satvi:bai_236 + bai_126:bai_236,0.4154,,44179.7602,619.3671,66.021,18.7845,0.7315,0.078,0.8668,,27.8437,,,,,,,436.3524,1.4448,35.5456,433.7748,475.3625,0.5123,0.0329,0.5614
0,projyear,3,bm ~ satvi + bai_126 + bai_246 + satvi:bai_126 + satvi:bai_246 + bai_126:bai_246,0.4137,,44185.077,629.4524,60.593,24.7572,0.7434,0.0716,0.8701,,28.1517,,,,,,,424.201,1.4048,46.8289,446.4273,490.0061,0.5273,0.0332,0.5787
0,projyear,3,bm ~ satvi + bai_236 + bai_246 + satvi:bai_236 + satvi:bai_246 + bai_236:bai_246,0.4161,,44177.4687,620.1203,63.4103,20.7567,0.7324,0.0749,0.8616,,27.6346,,,,,,,437.9547,1.4503,39.2662,439.0208,479.8192,0.5185,0.0326,0.5667
0,projyear,3,bm ~ ndii7 + nir + swir1 + ndii7:nir + ndii7:swir1 + nir:swir1,0.5749,,43649.0833,563.1075,57.107,15.0922,0.6651,0.0674,0.7839,,24.3901,,,,,,,389.2596,1.289,28.5647,390.4704,428.5114,0.4612,0.0288,0.5061
0,projyear,3,bm ~ ndii7 + nir + swir2 + ndii7:nir + ndii7:swir2 + nir:swir2,0.5834,,43618.6285,560.0386,55.2829,14.4078,0.6614,0.0653,0.7759,,22.8795,,,,,,,385.4561,1.2761,27.2803,387.3377,422.2615,0.4575,0.027,0.4987
0,projyear,3,bm ~ ndii7 + nir + bai_126 + ndii7:nir + ndii7:bai_126 + nir:bai_126,0.5614,,43696.8577,564.4172,61.7432,16.4017,0.6666,0.0729,0.7976,,26.0619,,,,,,,380.6025,1.2605,31.039,389.0537,431.6609,0.4595,0.0308,0.5098
0,projyear,3,bm ~ ndii7 + nir + bai_136 + ndii7:nir + ndii7:bai_136 + nir:bai_136,0.5819,,43624.1472,559.91,50.6277,15.0982,0.6613,0.0598,0.759,,21.3878,,,,,,,388.3986,1.2862,28.5797,387.3661,417.5909,0.4575,0.0253,0.4932
0,projyear,3,bm ~ ndii7 + nir + bai_236 + ndii7:nir + ndii7:bai_236 + nir:bai_236,0.5975,,43567.4627,554.8289,47.7878,14.7845,0.6553,0.0564,0.7485,,20.8756,,,,,,,387.0437,1.2817,27.9946,384.0996,414.9527,0.4536,0.0247,0.4901
0,projyear,3,bm ~ ndii7 + swir1 + bai_126 + ndii7:swir1 + ndii7:bai_126 + swir1:bai_126,0.577,,43641.8219,563.1242,56.6615,17.0823,0.6651,0.0669,0.7832,,22.6805,,,,,,,392.6308,1.3003,32.3115,393.604,429.0789,0.4649,0.0268,0.5068
0,projyear,3,bm ~ ndii7 + swir2 + bai_126 + ndii7:swir2 + ndii7:bai_126 + swir2:bai_126,0.5824,,43622.299,560.7572,56.1794,15.0381,0.6623,0.0664,0.7782,,22.9551,,,,,,,383.5974,1.2702,28.4649,387.2914,422.7287,0.4574,0.0271,0.4993
0,projyear,3,bm ~ ndii7 + bai_126 + bai_136 + ndii7:bai_126 + ndii7:bai_136 + bai_126:bai_136,0.5493,,43739.2487,573.5956,49.2206,20.8592,0.6774,0.0581,0.7763,,22.7069,,,,,,,408.1989,1.3522,39.4556,408.3937,440.6543,0.4823,0.0268,0.5204
0,projyear,3,bm ~ ndii7 + bai_126 + bai_236 + ndii7:bai_126 + ndii7:bai_236 + bai_126:bai_236,0.5486,,43741.853,574.4193,48.5158,20.644,0.6784,0.0573,0.7757,,22.2776,,,,,,,409.1693,1.3554,39.0493,409.4193,440.804,0.4835,0.0263,0.5206
0,projyear,3,bm ~ nir + swir1 + bai_126 + nir:swir1 + nir:bai_126 + swir1:bai_126,0.5789,,43634.8764,560.8843,58.2167,17.4694,0.6624,0.0688,0.7859,,22.4419,,,,,,,393.9295,1.3044,33.0411,393.5703,430.6735,0.4648,0.0265,0.5086
0,projyear,3,bm ~ nir + swir1 + bai_246 + nir:swir1 + nir:bai_246 + swir1:bai_246,0.5858,,43610.0194,560.0348,56.9401,15.7154,0.6614,0.0672,0.7796,,24.0463,,,,,,,385.6983,1.2771,29.7401,389.7605,427.0669,0.4603,0.0284,0.5044
0,projyear,3,bm ~ nir + swir2 + bai_126 + nir:swir2 + nir:bai_126 + swir2:bai_126,0.5888,,43599.1901,557.3106,56.4533,14.9762,0.6582,0.0667,0.7766,,23.0995,,,,,,,381.6099,1.2636,28.354,385.3423,422.2788,0.4551,0.0273,0.4987
0,projyear,3,bm ~ nir + swir2 + bai_246 + nir:swir2 + nir:bai_246 + swir2:bai_246,0.5856,,43610.6775,560.9745,55.6108,14.5969,0.6625,0.0657,0.7774,,23.2872,,,,,,,384.6167,1.2735,27.6371,388.8455,424.1394,0.4592,0.0275,0.5009
0,projyear,3,bm ~ nir + bai_126 + bai_136 + nir:bai_126 + nir:bai_136 + bai_126:bai_136,0.4189,,44168.8206,615.761,70.0056,21.4639,0.7272,0.0827,0.8727,,29.9198,,,,,,,427.9427,1.4166,40.5805,433.6793,481.6387,0.5122,0.0353,0.5688
0,projyear,3,bm ~ nir + bai_126 + bai_236 + nir:bai_126 + nir:bai_236 + bai_126:bai_236,0.4172,,44174.0108,616.8385,69.4301,21.4114,0.7285,0.082,0.873,,29.6421,,,,,,,429.3372,1.4212,40.483,434.1079,482.1656,0.5127,0.035,0.5695
0,projyear,3,bm ~ nir + bai_126 + bai_246 + nir:bai_126 + nir:bai_246 + bai_126:bai_246,0.5845,,43614.8882,558.9378,56.8933,15.1808,0.6601,0.0672,0.7765,,23.5632,,,,,,,376.256,1.2458,28.7291,385.3946,421.6436,0.4552,0.0278,0.498
0,projyear,3,bm ~ nir + bai_136 + bai_246 + nir:bai_136 + nir:bai_246 + bai_136:bai_246,0.6091,,43524.8181,552.4632,51.4216,14.7846,0.6525,0.0607,0.7547,,21.4819,,,,,,,377.2775,1.2489,27.996,382.6813,413.3556,0.452,0.0254,0.4882
0,projyear,3,bm ~ nir + bai_236 + bai_246 + nir:bai_236 + nir:bai_246 + bai_236:bai_246,0.6073,,43531.1982,554.9587,53.5545,15.393,0.6554,0.0633,0.764,,23.3659,,,,,,,381.386,1.2626,29.1463,385.8679,420.5213,0.4557,0.0276,0.4967
0,projyear,3,bm ~ swir1 + bai_126 + bai_246 + swir1:bai_126 + swir1:bai_246 + bai_126:bai_246,0.5741,,43652.1547,563.5776,56.0142,18.2513,0.6656,0.0662,0.7823,,22.0602,,,,,,,389.0498,1.2884,34.5154,395.0206,430.1496,0.4665,0.0261,0.508
0,projyear,3,bm ~ swir2 + bai_126 + bai_246 + swir2:bai_126 + swir2:bai_246 + bai_126:bai_246,0.5808,,43627.9006,560.6399,55.4024,15.4534,0.6621,0.0654,0.7763,,22.6485,,,,,,,380.4522,1.2598,29.2499,387.7227,422.5255,0.4579,0.0267,0.499
0,projyear,3,bm ~ bai_126 + bai_136 + bai_246 + bai_126:bai_136 + bai_126:bai_246 + bai_136:bai_246,0.4364,,44113.5851,615.6506,63.3329,27.9469,0.7271,0.0748,0.8592,,29.4751,,,,,,,429.8637,1.4238,52.8195,442.7135,485.4116,0.5229,0.0348,0.5733
0,projyear,3,bm ~ bai_126 + bai_236 + bai_246 + bai_126:bai_236 + bai_126:bai_246 + bai_236:bai_246,0.4387,,44106.0552,616.6757,63.3092,27.2069,0.7283,0.0748,0.8597,,28.7092,,,,,,,435.8744,1.4436,51.4197,443.4027,485.7639,0.5237,0.0339,0.5737
0,projyear,4,bm ~ dfi + ndvi + satvi + nir + dfi:ndvi + dfi:satvi + dfi:nir + ndvi:satvi + ndvi:nir + satvi:nir,0.5832,,43625.7128,560.296,51.5832,14.4488,0.6617,0.0609,0.7661,,22.2986,,,,,,,390.0394,1.2914,27.366,388.6536,423.6428,0.459,0.0263,0.5003
0,projyear,4,bm ~ dfi + ndvi + satvi + bai_126 + dfi:ndvi + dfi:satvi + dfi:bai_126 + ndvi:satvi + ndvi:bai_126 + satvi:bai_126,0.5694,,43674.8799,565.2773,49.2179,15.1268,0.6676,0.0581,0.7647,,22.562,,,,,,,391.4971,1.2963,28.6796,396.1612,428.3968,0.4679,0.0266,0.506
0,projyear,4,bm ~ dfi + ndvi + satvi + bai_246 + dfi:ndvi + dfi:satvi + dfi:bai_246 + ndvi:satvi + ndvi:bai_246 + satvi:bai_246,0.5445,,43762.25,573.1774,49.8345,15.2613,0.677,0.0589,0.7737,,23.1339,,,,,,,389.7296,1.2904,28.9188,398.5204,431.9227,0.4707,0.0273,0.5101
0,projyear,4,bm ~ dfi + ndvi + nir + bai_126 + dfi:ndvi + dfi:nir + dfi:bai_126 + ndvi:nir + ndvi:bai_126 + nir:bai_126,0.5578,,43715.9566,568.0475,61.216,14.2866,0.6709,0.0723,0.7982,,26.0815,,,,,,,385.1157,1.2752,27.0534,389.7768,430.4992,0.4603,0.0308,0.5084
0,projyear,4,bm ~ dfi + ndvi + bai_126 + bai_246 + dfi:ndvi + dfi:bai_126 + dfi:bai_246 + ndvi:bai_126 + ndvi:bai_246 + bai_126:bai_246,0.5181,,43852.4162,584.8357,59.0856,16.8855,0.6907,0.0698,0.8111,,26.7707,,,,,,,385.8983,1.2779,31.9749,405.9979,444.0713,0.4795,0.0316,0.5245
0,projyear,4,bm ~ dfi + ndti + ndii7 + nir + dfi:ndti + dfi:ndii7 + dfi:nir + ndti:ndii7 + ndti:nir + ndii7:nir,0.5822,,43629.2181,560.9855,54.8817,14.9645,0.6626,0.0648,0.7765,,23.2845,,,,,,,389.0057,1.2881,28.3286,388.2343,425.2747,0.4585,0.0275,0.5023
0,projyear,4,bm ~ dfi + ndti + ndii7 + bai_126 + dfi:ndti + dfi:ndii7 + dfi:bai_126 + ndti:ndii7 + ndti:bai_126 + ndii7:bai_126,0.5508,,43740.4058,573.0364,52.9199,16.8315,0.6768,0.0625,0.7875,,23.3446,,,,,,,396.3397,1.3124,31.8955,401.8624,438.8955,0.4746,0.0276,0.5184
0,projyear,4,bm ~ dfi + ndti + ndii7 + bai_136 + dfi:ndti + dfi:ndii7 + dfi:bai_136 + ndti:ndii7 + ndti:bai_136 + ndii7:bai_136,0.5226,,43837.4492,581.5641,54.4161,14.8167,0.6869,0.0643,0.7988,,23.4154,,,,,,,407.025,1.3481,28.0812,407.0219,440.8863,0.4807,0.0277,0.5207
0,projyear,4,bm ~ dfi + ndti + ndii7 + bai_236 + dfi:ndti + dfi:ndii7 + dfi:bai_236 + ndti:ndii7 + ndti:bai_236 + ndii7:bai_236,0.5317,,43806.3901,579.5379,50.8997,14.4207,0.6845,0.0601,0.7858,,22.0592,,,,,,,400.2136,1.3254,27.3401,405.5457,435.013,0.479,0.0261,0.5138
0,projyear,4,bm ~ dfi + ndti + nir + bai_126 + dfi:ndti + dfi:nir + dfi:bai_126 + ndti:nir + ndti:bai_126 + nir:bai_126,0.5447,,43761.5783,572.8548,64.6701,16.483,0.6766,0.0764,0.8124,,27.4497,,,,,,,384.1887,1.2723,31.178,392.8669,437.0502,0.464,0.0324,0.5162
0,projyear,4,bm ~ dfi + ndti + nir + bai_136 + dfi:ndti + dfi:nir + dfi:bai_136 + ndti:nir + ndti:bai_136 + nir:bai_136,0.5741,,43658.1281,561.1759,54.7998,15.4635,0.6628,0.0647,0.7696,,25.4734,,,,,,,373.5847,1.237,29.2791,388.5151,425.5542,0.4589,0.0301,0.5026
0,projyear,4,bm ~ dfi + ndti + nir + bai_236 + dfi:ndti + dfi:nir + dfi:bai_236 + ndti:nir + ndti:bai_236 + nir:bai_236,0.583,,43626.2536,560.0426,54.6511,14.6264,0.6614,0.0645,0.7717,,24.7092,,,,,,,375.2834,1.2425,27.722,386.5057,423.937,0.4565,0.0292,0.5007
0,projyear,4,bm ~ dfi + ndti + nir + bai_246 + dfi:ndti + dfi:nir + dfi:bai_246 + ndti:nir + ndti:bai_246 + nir:bai_246,0.6221,,43481.9366,549.192,49.9903,14.7043,0.6486,0.059,0.7486,,21.2282,,,,,,,380.6133,1.2599,27.8631,382.388,414.3814,0.4516,0.0251,0.4894
0,projyear,4,bm ~ dfi + ndti + bai_126 + bai_136 + dfi:ndti + dfi:bai_126 + dfi:bai_136 + ndti:bai_126 + ndti:bai_136 + bai_126:bai_136,0.5519,,43736.4814,571.6815,54.3627,14.7382,0.6752,0.0642,0.784,,23.6633,,,,,,,391.0511,1.2952,27.9436,396.8739,430.7268,0.4687,0.0279,0.5087
0,projyear,4,bm ~ dfi + ndti + bai_126 + bai_236 + dfi:ndti + dfi:bai_126 + dfi:bai_236 + ndti:bai_126 + ndti:bai_236 + bai_126:bai_236,0.5471,,43753.2956,574.0719,52.7057,14.7746,0.678,0.0622,0.7841,,21.9339,,,,,,,389.2659,1.289,28.0139,398.282,430.9622,0.4704,0.0259,0.509
0,projyear,4,bm ~ dfi + ndti + bai_126 + bai_246 + dfi:ndti + dfi:bai_126 + dfi:bai_246 + ndti:bai_126 + ndti:bai_246 + bai_126:bai_246,0.5007,,43910.9048,591.9009,59.2259,17.734,0.6991,0.0699,0.8209,,26.3221,,,,,,,388.8394,1.2876,33.5973,413.3056,450.2819,0.4881,0.0311,0.5318
0,projyear,4,bm ~ dfi + ndti + bai_136 + bai_246 + dfi:ndti + dfi:bai_136 + dfi:bai_246 + ndti:bai_136 + ndti:bai_246 + bai_136:bai_246,0.5413,,43773.3565,574.7681,56.3942,14.7744,0.6788,0.0666,0.791,,24.9852,,,,,,,382.9883,1.2682,27.9957,399.2327,432.7406,0.4715,0.0295,0.5111
0,projyear,4,bm ~ dfi + ndti + bai_236 + bai_246 + dfi:ndti + dfi:bai_236 + dfi:bai_246 + ndti:bai_236 + ndti:bai_246 + bai_236:bai_246,0.5668,,43683.9929,565.9587,55.1293,14.5056,0.6684,0.0651,0.7807,,24.1218,,,,,,,381.3378,1.2627,27.4988,392.4119,427.8826,0.4635,0.0285,0.5054
0,projyear,4,bm ~ dfi + satvi + ndii7 + nir + dfi:satvi + dfi:ndii7 + dfi:nir + satvi:ndii7 + satvi:nir + ndii7:nir,0.5845,,43620.8509,559.7535,50.9333,14.549,0.6611,0.0602,0.7639,,21.989,,,,,,,390.7407,1.2938,27.5499,387.7007,421.824,0.4579,0.026,0.4982
0,projyear,4,bm ~ dfi + satvi + ndii7 + swir1 + dfi:satvi + dfi:ndii7 + dfi:swir1 + satvi:ndii7 + satvi:swir1 + ndii7:swir1,0.5875,,43610.1431,559.5708,52.4543,14.1915,0.6609,0.062,0.7689,,21.395,,,,,,,387.6534,1.2834,26.872,387.5004,420.7462,0.4577,0.0253,0.4969
0,projyear,4,bm ~ dfi + satvi + ndii7 + bai_126 + dfi:satvi + dfi:ndii7 + dfi:bai_126 + satvi:ndii7 + satvi:bai_126 + ndii7:bai_126,0.55,,43742.9954,573.616,49.0631,15.9738,0.6775,0.0579,0.7718,,22.899,,,,,,,397.0266,1.3147,30.2752,401.972,432.9606,0.4748,0.027,0.5114
0,projyear,4,bm ~ dfi + satvi + ndii7 + bai_236 + dfi:satvi + dfi:ndii7 + dfi:bai_236 + satvi:ndii7 + satvi:bai_236 + ndii7:bai_236,0.5103,,43878.9435,587.5068,51.874,13.9936,0.6939,0.0613,0.7991,,22.4703,,,,,,,414.4405,1.3724,26.5363,412.5402,443.0468,0.4872,0.0265,0.5233
0,projyear,4,bm ~ dfi + satvi + nir + swir1 + dfi:satvi + dfi:nir + dfi:swir1 + satvi:nir + satvi:swir1 + nir:swir1,0.5908,,43598.1077,559.128,51.2398,14.1586,0.6604,0.0605,0.7655,,20.6806,,,,,,,387.5782,1.2831,26.8087,386.7871,418.4316,0.4568,0.0244,0.4942
0,projyear,4,bm ~ dfi + satvi + nir + bai_236 + dfi:satvi + dfi:nir + dfi:bai_236 + satvi:nir + satvi:bai_236 + nir:bai_236,0.4405,,44107.0311,610.5732,69.6569,17.4295,0.7211,0.0823,0.8626,,30.1177,,,,,,,423.4776,1.402,33.0132,425.4047,470.8272,0.5024,0.0356,0.5561
0,projyear,4,bm ~ dfi + satvi + nir + bai_246 + dfi:satvi + dfi:nir + dfi:bai_246 + satvi:nir + satvi:bai_246 + nir:bai_246,0.6055,,43543.9339,552.8285,49.7569,14.3894,0.6529,0.0588,0.7537,,20.3663,,,,,,,382.7931,1.2673,27.2573,383.4088,415.1472,0.4528,0.0241,0.4903
0,projyear,4,bm ~ dfi + satvi + swir1 + bai_126 + dfi:satvi + dfi:swir1 + dfi:bai_126 + satvi:swir1 + satvi:bai_126 + swir1:bai_126,0.5838,,43623.2124,560.0544,56.5897,14.1924,0.6615,0.0668,0.7782,,22.2669,,,,,,,384.8965,1.2742,26.8663,384.9828,419.7778,0.4547,0.0263,0.4958
0,projyear,4,bm ~ dfi + satvi + swir1 + bai_246 + dfi:satvi + dfi:swir1 + dfi:bai_246 + satvi:swir1 + satvi:bai_246 + swir1:bai_246,0.5922,,43592.9843,557.5336,48.8962,14.0694,0.6585,0.0577,0.7576,,19.7986,,,,,,,387.8695,1.2841,26.6504,386.9356,417.1291,0.457,0.0234,0.4927
0,projyear,4,bm ~ dfi + satvi + bai_236 + bai_246 + dfi:satvi + dfi:bai_236 + dfi:bai_246 + satvi:bai_236 + satvi:bai_246 + bai_236:bai_246,0.4361,,44120.9211,614.6558,60.5865,15.2528,0.7259,0.0716,0.8488,,25.9067,,,,,,,431.7266,1.4297,28.9193,430.9553,466.4861,0.509,0.0306,0.5509
0,projyear,4,bm ~ dfi + ndii7 + nir + swir1 + dfi:ndii7 + dfi:nir + dfi:swir1 + ndii7:nir + ndii7:swir1 + nir:swir1,0.5792,,43639.9504,561.97,56.3071,14.8799,0.6637,0.0665,0.7811,,23.8653,,,,,,,389.8313,1.2909,28.1706,389.7069,427.4712,0.4603,0.0282,0.5049
0,projyear,4,bm ~ dfi + ndii7 + nir + swir2 + dfi:ndii7 + dfi:nir + dfi:swir2 + ndii7:nir + ndii7:swir2 + nir:swir2,0.5897,,43602.175,558.8249,54.6787,14.3667,0.66,0.0646,0.7729,,22.93,,,,,,,386.2629,1.2788,27.1983,386.3887,421.7729,0.4563,0.0271,0.4981
0,projyear,4,bm ~ dfi + ndii7 + nir + bai_126 + dfi:ndii7 + dfi:nir + dfi:bai_126 + ndii7:nir + ndii7:bai_126 + nir:bai_126,0.5796,,43638.6263,560.2039,55.4188,15.6955,0.6616,0.0655,0.7767,,24.1461,,,,,,,385.3088,1.2761,29.7132,387.1356,426.3506,0.4572,0.0285,0.5035
0,projyear,4,bm ~ dfi + ndii7 + nir + bai_136 + dfi:ndii7 + dfi:nir + dfi:bai_136 + ndii7:nir + ndii7:bai_136 + nir:bai_136,0.5996,,43565.6858,554.4865,48.3344,14.5579,0.6549,0.0571,0.7506,,18.2583,,,,,,,386.833,1.2808,27.5678,385.5048,412.085,0.4553,0.0216,0.4867
0,projyear,4,bm ~ dfi + ndii7 + nir + bai_236 + dfi:ndii7 + dfi:nir + dfi:bai_236 + ndii7:nir + ndii7:bai_236 + nir:bai_236,0.6145,,43510.5306,548.5639,46.5793,14.4976,0.6479,0.055,0.741,,19.3285,,,,,,,383.283,1.2691,27.4575,380.902,410.6636,0.4499,0.0228,0.485
0,projyear,4,bm ~ dfi + ndii7 + swir1 + bai_126 + dfi:ndii7 + dfi:swir1 + dfi:bai_126 + ndii7:swir1 + ndii7:bai_126 + swir1:bai_126,0.5891,,43604.2689,558.2309,55.2533,15.051,0.6593,0.0653,0.7745,,22.6452,,,,,,,386.2202,1.2789,28.4981,386.5025,422.8807,0.4565,0.0267,0.4994
0,projyear,4,bm ~ dfi + ndii7 + swir2 + bai_126 + dfi:ndii7 + dfi:swir2 + dfi:bai_126 + ndii7:swir2 + ndii7:bai_126 + swir2:bai_126,0.585,,43619.0714,559.6652,56.7263,14.5984,0.661,0.067,0.7791,,23.5378,,,,,,,383.0448,1.2684,27.6428,386.4925,423.56,0.4565,0.0278,0.5002
0,projyear,4,bm ~ dfi + ndii7 + bai_126 + bai_136 + dfi:ndii7 + dfi:bai_126 + dfi:bai_136 + ndii7:bai_126 + ndii7:bai_136 + bai_126:bai_136,0.5661,,43686.5611,566.7577,50.3598,15.416,0.6694,0.0595,0.7728,,22.3217,,,,,,,398.3783,1.3196,29.2159,396.574,428.9535,0.4684,0.0264,0.5066
0,projyear,4,bm ~ dfi + ndii7 + bai_126 + bai_236 + dfi:ndii7 + dfi:bai_126 + dfi:bai_236 + ndii7:bai_126 + ndii7:bai_236 + bai_126:bai_236,0.5662,,43686.3161,567.073,49.7749,15.1492,0.6697,0.0588,0.7713,,22.0287,,,,,,,398.3195,1.3194,28.7119,397.2176,428.873,0.4691,0.026,0.5065
0,projyear,4,bm ~ dfi + nir + swir1 + bai_126 + dfi:nir + dfi:swir1 + dfi:bai_126 + nir:swir1 + nir:bai_126 + swir1:bai_126,0.605,,43545.8815,554.1185,50.7228,15.4525,0.6544,0.0599,0.7599,,20.0574,,,,,,,390.7474,1.2938,29.2622,384.8401,417.8811,0.4545,0.0237,0.4935
0,projyear,4,bm ~ dfi + nir + swir1 + bai_246 + dfi:nir + dfi:swir1 + dfi:bai_246 + nir:swir1 + nir:bai_246 + swir1:bai_246,0.5941,,43585.8209,557.1728,52.8192,14.4508,0.6581,0.0624,0.7662,,22.5368,,,,,,,384.829,1.2742,27.3683,386.1977,420.7605,0.4561,0.0266,0.4969
0,projyear,4,bm ~ dfi + nir + swir2 + bai_126 + dfi:nir + dfi:swir2 + dfi:bai_126 + nir:swir2 + nir:bai_126 + swir2:bai_126,0.5955,,43580.8713,556.6283,54.2047,14.781,0.6574,0.064,0.7698,,22.0322,,,,,,,383.85,1.271,27.9858,384.8135,419.4514,0.4545,0.026,0.4954
0,projyear,4,bm ~ dfi + nir + swir2 + bai_246 + dfi:nir + dfi:swir2 + dfi:bai_246 + nir:swir2 + nir:bai_246 + swir2:bai_246,0.5886,,43606.1355,560.0089,54.9121,14.2059,0.6614,0.0649,0.7744,,23.4034,,,,,,,383.486,1.2698,26.9085,387.3637,423.1314,0.4575,0.0276,0.4997
0,projyear,4,bm ~ dfi + nir + bai_126 + bai_136 + dfi:nir + dfi:bai_126 + dfi:bai_136 + nir:bai_126 + nir:bai_136 + bai_126:bai_136,0.4258,,44153.4882,615.4622,71.3578,20.0276,0.7269,0.0843,0.8749,,29.9433,,,,,,,425.7848,1.4095,37.8949,431.946,480.8451,0.5102,0.0354,0.5679
0,projyear,4,bm ~ dfi + nir + bai_126 + bai_236 + dfi:nir + dfi:bai_126 + dfi:bai_236 + nir:bai_126 + nir:bai_236 + bai_126:bai_236,0.4235,,44160.7747,616.7658,70.2374,20.1704,0.7284,0.083,0.8739,,29.275,,,,,,,427.6206,1.4155,38.1633,433.0028,480.5939,0.5114,0.0346,0.5676
0,projyear,4,bm ~ dfi + nir + bai_126 + bai_246 + dfi:nir + dfi:bai_126 + dfi:bai_246 + nir:bai_126 + nir:bai_246 + bai_126:bai_246,0.5906,,43598.6527,557.1774,55.7021,14.413,0.6581,0.0658,0.7711,,23.6128,,,,,,,375.5713,1.2435,27.294,383.7689,419.2751,0.4533,0.0279,0.4952
0,projyear,4,bm ~ dfi + swir1 + bai_126 + bai_246 + dfi:swir1 + dfi:bai_126 + dfi:bai_246 + swir1:bai_126 + swir1:bai_246 + bai_126:bai_246,0.5978,,43572.52,555.054,52.1013,15.0137,0.6555,0.0615,0.7619,,21.5629,,,,,,,382.4141,1.2662,28.4334,384.4845,418.2248,0.4541,0.0255,0.4939
0,projyear,4,bm ~ dfi + swir2 + bai_126 + bai_246 + dfi:swir2 + dfi:bai_126 + dfi:bai_246 + swir2:bai_126 + swir2:bai_246 + bai_126:bai_246,0.5853,,43617.9526,559.2936,54.6267,14.726,0.6606,0.0645,0.7727,,22.6435,,,,,,,380.3437,1.2594,27.8903,386.2621,420.9202,0.4562,0.0267,0.4971
0,projyear,4,bm ~ dfi + bai_126 + bai_136 + bai_246 + dfi:bai_126 + dfi:bai_136 + dfi:bai_246 + bai_126:bai_136 + bai_126:bai_246 + bai_136:bai_246,0.4742,,43998.344,601.1067,59.6108,17.3167,0.7099,0.0704,0.8354,,27.3053,,,,,,,413.2777,1.3688,32.8103,421.79,461.82,0.4982,0.0322,0.5454
0,projyear,4,bm ~ dfi + bai_126 + bai_236 + bai_246 + dfi:bai_126 + dfi:bai_236 + dfi:bai_246 + bai_126:bai_236 + bai_126:bai_246 + bai_236:bai_246,0.4757,,43993.4356,601.9224,59.8446,17.1133,0.7109,0.0707,0.8353,,27.2893,,,,,,,415.9228,1.3776,32.4242,422.7517,461.9056,0.4993,0.0322,0.5455
0,projyear,4,bm ~ ndvi + satvi + nir + bai_126 + ndvi:satvi + ndvi:nir + ndvi:bai_126 + satvi:nir + satvi:bai_126 + nir:bai_126,0.5779,,43644.658,563.1304,58.5335,14.6165,0.6651,0.0691,0.7847,,23.1678,,,,,,,390.9662,1.2946,27.6632,390.2476,424.5531,0.4609,0.0274,0.5014
0,projyear,4,bm ~ ndvi + satvi + nir + bai_246 + ndvi:satvi + ndvi:nir + ndvi:bai_246 + satvi:nir + satvi:bai_246 + nir:bai_246,0.6168,,43501.9525,549.9535,48.3039,15.0977,0.6495,0.057,0.7467,,20.2268,,,,,,,383.5513,1.2697,28.5866,382.4618,412.8051,0.4517,0.0239,0.4875
0,projyear,4,bm ~ ndvi + satvi + bai_126 + bai_246 + ndvi:satvi + ndvi:bai_126 + ndvi:bai_246 + satvi:bai_126 + satvi:bai_246 + bai_126:bai_246,0.5466,,43755.0285,572.6713,58.6402,17.5254,0.6764,0.0693,0.793,,25.4251,,,,,,,400.1958,1.3254,33.1582,402.2884,439.4989,0.4751,0.03,0.5191
0,projyear,4,bm ~ ndvi + nir + bai_126 + bai_246 + ndvi:nir + ndvi:bai_126 + ndvi:bai_246 + nir:bai_126 + nir:bai_246 + bai_126:bai_246,0.6292,,43454.9392,546.5904,50.6546,13.8706,0.6456,0.0598,0.7474,,20.377,,,,,,,379.3411,1.2558,26.2721,377.063,407.3783,0.4453,0.0241,0.4811
0,projyear,4,bm ~ ndti + ndii7 + nir + bai_126 + ndti:ndii7 + ndti:nir + ndti:bai_126 + ndii7:nir + ndii7:bai_126 + nir:bai_126,0.5928,,43590.9193,556.3588,55.745,14.8278,0.6571,0.0658,0.7742,,22.7504,,,,,,,384.5309,1.2733,28.0775,384.3144,422.2679,0.4539,0.0269,0.4987
0,projyear,4,bm ~ ndti + ndii7 + nir + bai_136 + ndti:ndii7 + ndti:nir + ndti:bai_136 + ndii7:nir + ndii7:bai_136 + nir:bai_136,0.5853,,43618.126,559.4207,51.1648,14.8429,0.6607,0.0604,0.7606,,21.7543,,,,,,,388.871,1.2877,28.1001,387.1303,418.6929,0.4572,0.0257,0.4945
0,projyear,4,bm ~ ndti + ndii7 + nir + bai_236 + ndti:ndii7 + ndti:nir + ndti:bai_236 + ndii7:nir + ndii7:bai_236 + nir:bai_236,0.5993,,43566.9459,554.0525,47.7724,14.864,0.6544,0.0564,0.7457,,21.4662,,,,,,,386.2207,1.279,28.141,383.6792,415.0434,0.4531,0.0254,0.4902
0,projyear,4,bm ~ ndti + ndii7 + bai_126 + bai_136 + ndti:ndii7 + ndti:bai_126 + ndti:bai_136 + ndii7:bai_126 + ndii7:bai_136 + bai_126:bai_136,0.5639,,43694.4528,568.1431,52.0222,15.9613,0.671,0.0614,0.7737,,23.7774,,,,,,,395.1214,1.3089,30.2265,396.6439,430.0331,0.4685,0.0281,0.5079
0,projyear,4,bm ~ ndti + ndii7 + bai_126 + bai_236 + ndti:ndii7 + ndti:bai_126 + ndti:bai_236 + ndii7:bai_126 + ndii7:bai_236 + bai_126:bai_236,0.5603,,43706.9892,570.0813,50.6682,16.0645,0.6733,0.0598,0.7746,,22.9735,,,,,,,396.7436,1.3143,30.4205,398.6052,431.5424,0.4708,0.0271,0.5097
0,projyear,4,bm ~ ndti + nir + bai_126 + bai_136 + ndti:nir + ndti:bai_126 + ndti:bai_136 + nir:bai_126 + nir:bai_136 + bai_126:bai_136,0.5155,,43861.2597,585.0432,60.0808,14.8569,0.691,0.071,0.8138,,25.6183,,,,,,,399.6012,1.3231,28.1422,402.5105,441.3789,0.4754,0.0303,0.5213
0,projyear,4,bm ~ ndti + nir + bai_126 + bai_236 + ndti:nir + ndti:bai_126 + ndti:bai_236 + nir:bai_126 + nir:bai_236 + bai_126:bai_236,0.5156,,43861.0146,585.1968,59.6216,14.823,0.6911,0.0704,0.8131,,25.334,,,,,,,399.4756,1.3227,28.0784,402.7009,440.7763,0.4756,0.0299,0.5206
0,projyear,4,bm ~ ndti + nir + bai_126 + bai_246 + ndti:nir + ndti:bai_126 + ndti:bai_246 + nir:bai_126 + nir:bai_246 + bai_126:bai_246,0.6061,,43541.9153,554.412,57.6688,13.9899,0.6548,0.0681,0.774,,23.7721,,,,,,,380.2119,1.2588,26.4895,382.0316,419.688,0.4512,0.0281,0.4957
0,projyear,4,bm ~ ndti + nir + bai_136 + bai_246 + ndti:nir + ndti:bai_136 + ndti:bai_246 + nir:bai_136 + nir:bai_246 + bai_136:bai_246,0.6163,,43503.6954,550.4019,51.9727,14.9003,0.6501,0.0614,0.7535,,22.4879,,,,,,,379.5646,1.2566,28.2155,381.7937,414.6948,0.4509,0.0266,0.4898
0,projyear,4,bm ~ ndti + nir + bai_236 + bai_246 + ndti:nir + ndti:bai_236 + ndti:bai_246 + nir:bai_236 + nir:bai_246 + bai_236:bai_246,0.6123,,43518.6609,553.6244,53.4896,15.442,0.6539,0.0632,0.7604,,24.1481,,,,,,,380.0197,1.2583,29.2349,384.4668,420.1466,0.4541,0.0285,0.4962
0,projyear,4,bm ~ ndti + bai_126 + bai_136 + bai_246 + ndti:bai_126 + ndti:bai_136 + ndti:bai_246 + bai_126:bai_136 + bai_126:bai_246 + bai_136:bai_246,0.5135,,43868.051,585.0426,56.9653,15.8683,0.691,0.0673,0.8063,,25.0928,,,,,,,400.9216,1.328,30.052,405.8321,441.9941,0.4793,0.0296,0.522
0,projyear,4,bm ~ ndti + bai_126 + bai_236 + bai_246 + ndti:bai_126 + ndti:bai_236 + ndti:bai_246 + bai_126:bai_236 + bai_126:bai_246 + bai_236:bai_246,0.5092,,43882.5469,587.2832,56.1334,15.9208,0.6936,0.0663,0.8075,,24.5484,,,,,,,401.3526,1.3294,30.1513,408.3508,443.4495,0.4823,0.029,0.5237
0,projyear,4,bm ~ satvi + ndii7 + nir + swir1 + satvi:ndii7 + satvi:nir + satvi:swir1 + ndii7:nir + ndii7:swir1 + nir:swir1,0.5844,,43621.179,561.0951,53.0957,14.538,0.6627,0.0627,0.7716,,22.4425,,,,,,,389.9458,1.2911,27.5222,389.2335,423.4309,0.4597,0.0265,0.5001
0,projyear,4,bm ~ satvi + ndii7 + nir + bai_126 + satvi:ndii7 + satvi:nir + satvi:bai_126 + ndii7:nir + ndii7:bai_126 + nir:bai_126,0.5899,,43601.2848,556.6797,53.3829,14.0683,0.6575,0.063,0.7655,,22.527,,,,,,,386.1412,1.2788,26.6462,384.631,419.406,0.4543,0.0266,0.4953
0,projyear,4,bm ~ satvi + ndii7 + nir + bai_236 + satvi:ndii7 + satvi:nir + satvi:bai_236 + ndii7:nir + ndii7:bai_236 + nir:bai_236,0.6076,,43536.4985,551.6294,47.6471,14.5405,0.6515,0.0563,0.7444,,21.2964,,,,,,,382.0265,1.2649,27.5296,382.1286,412.7565,0.4513,0.0252,0.4875
0,projyear,4,bm ~ satvi + ndii7 + swir1 + bai_126 + satvi:ndii7 + satvi:swir1 + satvi:bai_126 + ndii7:swir1 + ndii7:bai_126 + swir1:bai_126,0.5861,,43615.0111,560.3161,55.4152,14.4971,0.6618,0.0654,0.7707,,21.9969,,,,,,,386.3148,1.2794,27.447,387.1214,419.1395,0.4572,0.026,0.495
0,projyear,4,bm ~ satvi + ndii7 + bai_126 + bai_236 + satvi:ndii7 + satvi:bai_126 + satvi:bai_236 + ndii7:bai_126 + ndii7:bai_236 + bai_126:bai_236,0.567,,43683.4548,567.1278,48.751,16.9832,0.6698,0.0576,0.7663,,22.4489,,,,,,,402.7222,1.3337,32.1542,399.4114,430.3229,0.4717,0.0265,0.5082
0,projyear,4,bm ~ satvi + nir + swir1 + bai_126 + satvi:nir + satvi:swir1 + satvi:bai_126 + nir:swir1 + nir:bai_126 + swir1:bai_126,0.5986,,43569.4009,557.9644,56.8583,14.4405,0.659,0.0672,0.7771,,21.6606,,,,,,,390.5901,1.2934,27.3317,386.9375,420.0971,0.457,0.0256,0.4962
0,projyear,4,bm ~ satvi + nir + swir1 + bai_246 + satvi:nir + satvi:swir1 + satvi:bai_246 + nir:swir1 + nir:bai_246 + swir1:bai_246,0.6171,,43500.7719,550.2332,48.2051,15.4265,0.6499,0.0569,0.747,,20.2149,,,,,,,384.0414,1.2714,29.1954,382.3595,412.8174,0.4516,0.0239,0.4876
0,projyear,4,bm ~ satvi + nir + bai_126 + bai_236 + satvi:nir + satvi:bai_126 + satvi:bai_236 + nir:bai_126 + nir:bai_236 + bai_126:bai_236,0.4508,,44074.0827,607.8507,67.6624,15.6436,0.7179,0.0799,0.8546,,28.6598,,,,,,,423.5433,1.4022,29.631,418.902,460.7188,0.4947,0.0338,0.5441
0,projyear,4,bm ~ satvi + nir + bai_236 + bai_246 + satvi:nir + satvi:bai_236 + satvi:bai_246 + nir:bai_236 + nir:bai_246 + bai_236:bai_246,0.6177,,43498.5752,549.1145,48.9901,15.6402,0.6485,0.0579,0.7456,,20.6854,,,,,,,381.4102,1.2626,29.5958,381.743,412.1129,0.4509,0.0244,0.4867
0,projyear,4,bm ~ satvi + bai_126 + bai_236 + bai_246 + satvi:bai_126 + satvi:bai_236 + satvi:bai_246 + bai_126:bai_236 + bai_126:bai_246 + bai_236:bai_246,0.4901,,43946.2406,594.3374,61.6337,18.9719,0.7019,0.0728,0.8283,,26.0745,,,,,,,421.5894,1.3963,35.8998,417.4392,457.8041,0.493,0.0308,0.5407
0,projyear,4,bm ~ ndii7 + nir + swir1 + bai_126 + ndii7:nir + ndii7:swir1 + ndii7:bai_126 + nir:swir1 + nir:bai_126 + swir1:bai_126,0.5914,,43595.9364,558.9761,56.555,15.3043,0.6602,0.0668,0.7786,,23.0763,,,,,,,385.4212,1.2763,28.9644,387.6531,424.5036,0.4578,0.0273,0.5014
0,projyear,4,bm ~ ndii7 + nir + swir2 + bai_126 + ndii7:nir + ndii7:swir2 + ndii7:bai_126 + nir:swir2 + nir:bai_126 + swir2:bai_126,0.5973,,43574.3028,556.3696,54.2996,14.3758,0.6571,0.0641,0.7693,,21.1983,,,,,,,382.2054,1.2653,27.2243,383.9028,416.4667,0.4534,0.025,0.4919
0,projyear,4,bm ~ ndii7 + nir + bai_126 + bai_136 + ndii7:nir + ndii7:bai_126 + ndii7:bai_136 + nir:bai_126 + nir:bai_136 + bai_126:bai_136,0.6044,,43548.1958,551.9364,48.7299,14.9549,0.6519,0.0576,0.7461,,20.9251,,,,,,,382.3775,1.2663,28.314,380.6496,411.0826,0.4496,0.0247,0.4855
0,projyear,4,bm ~ ndii7 + nir + bai_126 + bai_236 + ndii7:nir + ndii7:bai_126 + ndii7:bai_236 + nir:bai_126 + nir:bai_236 + bai_126:bai_236,0.604,,43549.474,552.0593,48.0556,14.975,0.652,0.0568,0.7454,,20.6893,,,,,,,382.8731,1.2679,28.3514,381.0029,411.3715,0.45,0.0244,0.4859
0,projyear,4,bm ~ nir + swir1 + bai_126 + bai_246 + nir:swir1 + nir:bai_126 + nir:bai_246 + swir1:bai_126 + swir1:bai_246 + bai_126:bai_246,0.6006,,43562.3029,555.4185,56.504,14.4813,0.656,0.0667,0.7733,,22.8018,,,,,,,379.3368,1.2559,27.4063,383.4706,419.2432,0.4529,0.0269,0.4951
0,projyear,4,bm ~ nir + swir2 + bai_126 + bai_246 + nir:swir2 + nir:bai_126 + nir:bai_246 + swir2:bai_126 + swir2:bai_246 + bai_126:bai_246,0.6006,,43562.1083,555.3853,56.5024,14.0311,0.6559,0.0667,0.7728,,22.8217,,,,,,,379.8317,1.2575,26.5647,382.8393,418.2591,0.4522,0.027,0.494
0,projyear,4,bm ~ nir + bai_126 + bai_136 + bai_246 + nir:bai_126 + nir:bai_136 + nir:bai_246 + bai_126:bai_136 + bai_126:bai_246 + bai_136:bai_246,0.6281,,43459.3574,546.2726,50.4473,13.6226,0.6452,0.0596,0.7453,,19.8664,,,,,,,377.7407,1.2504,25.7999,376.3453,405.2927,0.4445,0.0235,0.4787
0,projyear,4,bm ~ nir + bai_126 + bai_236 + bai_246 + nir:bai_126 + nir:bai_236 + nir:bai_246 + bai_126:bai_236 + bai_126:bai_246 + bai_236:bai_246,0.6224,,43481.0784,548.0364,50.9749,13.7368,0.6473,0.0602,0.7487,,20.6491,,,,,,,377.0399,1.2481,26.0158,377.9317,408.3319,0.4464,0.0244,0.4823
0,projyear,5,bm ~ dfi + ndvi + satvi + nir + bai_126 + dfi:ndvi + dfi:satvi + dfi:nir + dfi:bai_126 + ndvi:satvi + ndvi:nir + ndvi:bai_126 + satvi:nir + satvi:bai_126 + nir:bai_126,0.6083,,43541.2624,552.0243,50.6636,13.6887,0.652,0.0598,0.7547,,21.0223,,,,,,,387.4434,1.2829,25.9317,381.2944,414.8664,0.4503,0.0248,0.49
0,projyear,5,bm ~ dfi + ndvi + satvi + nir + bai_246 + dfi:ndvi + dfi:satvi + dfi:nir + dfi:bai_246 + ndvi:satvi + ndvi:nir + ndvi:bai_246 + satvi:nir + satvi:bai_246 + nir:bai_246,0.626,,43474.7252,548.7528,48.0477,14.6015,0.6481,0.0567,0.7444,,20.078,,,,,,,382.4348,1.266,27.6604,381.5082,412.2921,0.4506,0.0237,0.4869
0,projyear,5,bm ~ dfi + ndvi + satvi + bai_126 + bai_246 + dfi:ndvi + dfi:satvi + dfi:bai_126 + dfi:bai_246 + ndvi:satvi + ndvi:bai_126 + ndvi:bai_246 + satvi:bai_126 + satvi:bai_246 + bai_126:bai_246,0.5763,,43658.0772,562.1332,47.7039,14.7174,0.6639,0.0563,0.7532,,22.0375,,,,,,,385.3662,1.276,27.8957,388.7254,422.1069,0.4591,0.026,0.4985
0,projyear,5,bm ~ dfi + ndti + ndii7 + nir + bai_126 + dfi:ndti + dfi:ndii7 + dfi:nir + dfi:bai_126 + ndti:ndii7 + ndti:nir + ndti:bai_126 + ndii7:nir + ndii7:bai_126 + nir:bai_126,0.6042,,43556.4826,554.1797,53.2157,15.1126,0.6545,0.0629,0.7655,,22.0495,,,,,,,386.8084,1.2809,28.6124,382.9427,419.9787,0.4523,0.026,0.496
0,projyear,5,bm ~ dfi + ndti + ndii7 + nir + bai_136 + dfi:ndti + dfi:ndii7 + dfi:nir + dfi:bai_136 + ndti:ndii7 + ndti:nir + ndti:bai_136 + ndii7:nir + ndii7:bai_136 + nir:bai_136,0.6064,,43548.4858,552.6331,49.3981,14.2667,0.6527,0.0583,0.7504,,19.5948,,,,,,,378.5667,1.2534,27.0127,382.4238,410.244,0.4517,0.0231,0.4845
0,projyear,5,bm ~ dfi + ndti + ndii7 + nir + bai_236 + dfi:ndti + dfi:ndii7 + dfi:nir + dfi:bai_236 + ndti:ndii7 + ndti:nir + ndti:bai_236 + ndii7:nir + ndii7:bai_236 + nir:bai_236,0.6193,,43500.0474,547.2227,47.0389,14.3539,0.6463,0.0556,0.7376,,20.4998,,,,,,,377.2274,1.249,27.1908,379.451,410.113,0.4482,0.0242,0.4844
0,projyear,5,bm ~ dfi + ndti + ndii7 + bai_126 + bai_136 + dfi:ndti + dfi:ndii7 + dfi:bai_126 + dfi:bai_136 + ndti:ndii7 + ndti:bai_126 + ndti:bai_136 + ndii7:bai_126 + ndii7:bai_136 + bai_126:bai_136,0.574,,43666.3758,563.1988,49.669,14.9852,0.6652,0.0587,0.7634,,22.6219,,,,,,,393.9079,1.3047,28.4099,391.8313,425.2723,0.4628,0.0267,0.5023
0,projyear,5,bm ~ dfi + ndti + ndii7 + bai_126 + bai_236 + dfi:ndti + dfi:ndii7 + dfi:bai_126 + dfi:bai_236 + ndti:ndii7 + ndti:bai_126 + ndti:bai_236 + ndii7:bai_126 + ndii7:bai_236 + bai_126:bai_236,0.5732,,43668.9485,563.6109,48.7951,14.8976,0.6657,0.0576,0.7626,,21.7211,,,,,,,393.2675,1.3025,28.2435,392.562,424.5857,0.4636,0.0257,0.5015
0,projyear,5,bm ~ dfi + ndti + nir + bai_126 + bai_136 + dfi:ndti + dfi:nir + dfi:bai_126 + dfi:bai_136 + ndti:nir + ndti:bai_126 + ndti:bai_136 + nir:bai_126 + nir:bai_136 + bai_126:bai_136,0.6051,,43553.0498,550.9505,51.8236,14.0078,0.6507,0.0612,0.752,,22.1999,,,,,,,369.668,1.2239,26.5293,378.8454,411.1232,0.4474,0.0262,0.4856
0,projyear,5,bm ~ dfi + ndti + nir + bai_126 + bai_236 + dfi:ndti + dfi:nir + dfi:bai_126 + dfi:bai_236 + ndti:nir + ndti:bai_126 + ndti:bai_236 + nir:bai_126 + nir:bai_236 + bai_126:bai_236,0.6023,,43563.6864,551.7411,53.5485,14.1261,0.6516,0.0632,0.7574,,23.3983,,,,,,,370.0099,1.225,26.7503,379.2231,414.2216,0.4479,0.0276,0.4892
0,projyear,5,bm ~ dfi + ndti + nir + bai_126 + bai_246 + dfi:ndti + dfi:nir + dfi:bai_126 + dfi:bai_246 + ndti:nir + ndti:bai_126 + ndti:bai_246 + nir:bai_126 + nir:bai_246 + bai_126:bai_246,0.6441,,43405.3084,541.7138,48.6995,14.19,0.6398,0.0575,0.7372,,19.1968,,,,,,,379.1712,1.2551,26.8784,374.4658,404.0542,0.4423,0.0227,0.4772
0,projyear,5,bm ~ dfi + ndti + nir + bai_136 + bai_246 + dfi:ndti + dfi:nir + dfi:bai_136 + dfi:bai_246 + ndti:nir + ndti:bai_136 + ndti:bai_246 + nir:bai_136 + nir:bai_246 + bai_136:bai_246,0.6329,,43448.3173,545.6358,47.6089,14.5164,0.6444,0.0562,0.7389,,19.9986,,,,,,,376.9145,1.2478,27.5034,379.7293,409.394,0.4485,0.0236,0.4835
0,projyear,5,bm ~ dfi + ndti + nir + bai_236 + bai_246 + dfi:ndti + dfi:nir + dfi:bai_236 + dfi:bai_246 + ndti:nir + ndti:bai_236 + ndti:bai_246 + nir:bai_236 + nir:bai_246 + bai_236:bai_246,0.6291,,43462.7991,545.543,45.871,13.8735,0.6443,0.0542,0.7312,,19.4755,,,,,,,374.2176,1.2389,26.2959,378.7852,406.02,0.4474,0.023,0.4795
0,projyear,5,bm ~ dfi + ndti + bai_126 + bai_136 + bai_246 + dfi:ndti + dfi:bai_126 + dfi:bai_136 + dfi:bai_246 + ndti:bai_126 + ndti:bai_136 + ndti:bai_246 + bai_126:bai_136 + bai_126:bai_246 + bai_136:bai_246,0.5728,,43670.3869,562.9423,54.9302,14.6618,0.6649,0.0649,0.7715,,24.403,,,,,,,374.121,1.2388,27.7813,387.7642,422.1938,0.458,0.0288,0.4986
0,projyear,5,bm ~ dfi + ndti + bai_126 + bai_236 + bai_246 + dfi:ndti + dfi:bai_126 + dfi:bai_236 + dfi:bai_246 + ndti:bai_126 + ndti:bai_236 + ndti:bai_246 + bai_126:bai_236 + bai_126:bai_246 + bai_236:bai_246,0.5749,,43662.9727,562.4947,53.294,14.5914,0.6643,0.0629,0.768,,23.5609,,,,,,,373.319,1.2361,27.649,387.7556,421.2643,0.458,0.0278,0.4975
0,projyear,5,bm ~ dfi + satvi + ndii7 + nir + swir1 + dfi:satvi + dfi:ndii7 + dfi:nir + dfi:swir1 + satvi:ndii7 + satvi:nir + satvi:swir1 + ndii7:nir + ndii7:swir1 + nir:swir1,0.6003,,43570.7923,555.9881,48.9388,13.8863,0.6567,0.0578,0.755,,20.0856,,,,,,,389.6289,1.2898,26.3042,385.7985,416.2675,0.4556,0.0237,0.4916
0,projyear,5,bm ~ dfi + satvi + ndii7 + nir + bai_126 + dfi:satvi + dfi:ndii7 + dfi:nir + dfi:bai_126 + satvi:ndii7 + satvi:nir + satvi:bai_126 + ndii7:nir + ndii7:bai_126 + nir:bai_126,0.6039,,43557.5334,552.9817,50.9898,14.0794,0.6531,0.0602,0.756,,21.2786,,,,,,,387.3749,1.2827,26.6669,381.9733,415.8062,0.4511,0.0251,0.4911
0,projyear,5,bm ~ dfi + satvi + ndii7 + nir + bai_236 + dfi:satvi + dfi:ndii7 + dfi:nir + dfi:bai_236 + satvi:ndii7 + satvi:nir + satvi:bai_236 + ndii7:nir + ndii7:bai_236 + nir:bai_236,0.6238,,43483.3017,545.4339,46.309,14.1008,0.6442,0.0547,0.7355,,20.3174,,,,,,,376.118,1.2451,26.7109,378.1296,409.0778,0.4466,0.024,0.4831
0,projyear,5,bm ~ dfi + satvi + ndii7 + swir1 + bai_126 + dfi:satvi + dfi:ndii7 + dfi:swir1 + dfi:bai_126 + satvi:ndii7 + satvi:swir1 + satvi:bai_126 + ndii7:swir1 + ndii7:bai_126 + swir1:bai_126,0.6049,,43553.7696,553.5425,53.3853,13.9993,0.6538,0.0631,0.7624,,21.7535,,,,,,,385.4041,1.2762,26.5089,382.7151,416.0182,0.452,0.0257,0.4913
0,projyear,5,bm ~ dfi + satvi + ndii7 + bai_126 + bai_236 + dfi:satvi + dfi:ndii7 + dfi:bai_126 + dfi:bai_236 + satvi:ndii7 + satvi:bai_126 + satvi:bai_236 + ndii7:bai_126 + ndii7:bai_236 + bai_126:bai_236,0.5763,,43658.1773,562.8179,49.455,14.6011,0.6647,0.0584,0.7641,,22.0475,,,,,,,395.7606,1.3108,27.6786,392.6944,423.6584,0.4638,0.026,0.5004
0,projyear,5,bm ~ dfi + satvi + nir + swir1 + bai_246 + dfi:satvi + dfi:nir + dfi:swir1 + dfi:bai_246 + satvi:nir + satvi:swir1 + satvi:bai_246 + nir:swir1 + nir:bai_246 + swir1:bai_246,0.6249,,43479.1125,548.9174,46.7369,14.6121,0.6483,0.0552,0.7409,,19.4113,,,,,,,383.0628,1.2681,27.6751,381.21,409.8387,0.4502,0.0229,0.484
0,projyear,5,bm ~ dfi + satvi + nir + bai_236 + bai_246 + dfi:satvi + dfi:nir + dfi:bai_236 + dfi:bai_246 + satvi:nir + satvi:bai_236 + satvi:bai_246 + nir:bai_236 + nir:bai_246 + bai_236:bai_246,0.6301,,43459.0627,545.1719,48.4287,14.0497,0.6439,0.0572,0.7404,,20.1023,,,,,,,376.435,1.246,26.6131,377.941,408.1442,0.4464,0.0237,0.482
0,projyear,5,bm ~ dfi + satvi + swir1 + bai_126 + bai_246 + dfi:satvi + dfi:swir1 + dfi:bai_126 + dfi:bai_246 + satvi:swir1 + satvi:bai_126 + satvi:bai_246 + swir1:bai_126 + swir1:bai_246 + bai_126:bai_246,0.6151,,43516.0698,548.7698,46.0442,13.833,0.6481,0.0544,0.7379,,18.9154,,,,,,,385.38,1.2761,26.2069,379.2223,407.5638,0.4479,0.0223,0.4814
0,projyear,5,bm ~ dfi + ndii7 + nir + swir1 + bai_126 + dfi:ndii7 + dfi:nir + dfi:swir1 + dfi:bai_126 + ndii7:nir + ndii7:swir1 + ndii7:bai_126 + nir:swir1 + nir:bai_126 + swir1:bai_126,0.6072,,43545.2767,554.3555,51.0817,15.2405,0.6547,0.0603,0.7614,,20.1758,,,,,,,388.4748,1.2863,28.8595,384.7527,417.6962,0.4544,0.0238,0.4933
0,projyear,5,bm ~ dfi + ndii7 + nir + swir2 + bai_126 + dfi:ndii7 + dfi:nir + dfi:swir2 + dfi:bai_126 + ndii7:nir + ndii7:swir2 + ndii7:bai_126 + nir:swir2 + nir:bai_126 + swir2:bai_126,0.6016,,43566.1768,555.3723,53.5844,14.3805,0.6559,0.0633,0.7665,,20.9353,,,,,,,383.1013,1.2683,27.2261,383.146,414.8944,0.4525,0.0247,0.49
0,projyear,5,bm ~ dfi + ndii7 + nir + bai_126 + bai_136 + dfi:ndii7 + dfi:nir + dfi:bai_126 + dfi:bai_136 + ndii7:nir + ndii7:bai_126 + ndii7:bai_136 + nir:bai_126 + nir:bai_136 + bai_126:bai_136,0.6247,,43479.848,544.953,45.6304,14.5952,0.6436,0.0539,0.7325,,17.9154,,,,,,,380.6209,1.2603,27.6422,377.6785,404.4833,0.4461,0.0212,0.4777
0,projyear,5,bm ~ dfi + ndii7 + nir + bai_126 + bai_236 + dfi:ndii7 + dfi:nir + dfi:bai_126 + dfi:bai_236 + ndii7:nir + ndii7:bai_126 + ndii7:bai_236 + nir:bai_126 + nir:bai_236 + bai_126:bai_236,0.6194,,43499.7335,546.6925,45.6025,14.5705,0.6457,0.0539,0.7335,,18.1022,,,,,,,380.7676,1.2608,27.5959,378.8764,405.5538,0.4475,0.0214,0.479
0,projyear,5,bm ~ dfi + nir + swir1 + bai_126 + bai_246 + dfi:nir + dfi:swir1 + dfi:bai_126 + dfi:bai_246 + nir:swir1 + nir:bai_126 + nir:bai_246 + swir1:bai_126 + swir1:bai_246 + bai_126:bai_246,0.6109,,43531.5793,552.461,53.1602,14.2905,0.6525,0.0628,0.7619,,21.5012,,,,,,,381.3287,1.2625,27.0605,381.914,415.1088,0.4511,0.0254,0.4903
0,projyear,5,bm ~ dfi + nir + swir2 + bai_126 + bai_246 + dfi:nir + dfi:swir2 + dfi:bai_126 + dfi:bai_246 + nir:swir2 + nir:bai_126 + nir:bai_246 + swir2:bai_126 + swir2:bai_246 + bai_126:bai_246,0.6045,,43555.3532,554.3084,55.6555,13.9173,0.6547,0.0657,0.7683,,22.5954,,,,,,,378.3298,1.2526,26.3529,381.8923,415.8776,0.451,0.0267,0.4912
0,projyear,5,bm ~ ndvi + satvi + nir + bai_126 + bai_246 + ndvi:satvi + ndvi:nir + ndvi:bai_126 + ndvi:bai_246 + satvi:nir + satvi:bai_126 + satvi:bai_246 + nir:bai_126 + nir:bai_246 + bai_126:bai_246,0.64,,43420.9184,541.3184,46.1837,13.7806,0.6393,0.0545,0.7288,,18.8914,,,,,,,379.9151,1.2576,26.1019,373.7793,401.6572,0.4415,0.0223,0.4744
0,projyear,5,bm ~ ndti + ndii7 + nir + bai_126 + bai_136 + ndti:ndii7 + ndti:nir + ndti:bai_126 + ndti:bai_136 + ndii7:nir + ndii7:bai_126 + ndii7:bai_136 + nir:bai_126 + nir:bai_136 + bai_126:bai_136,0.6151,,43515.8651,548.877,48.2311,14.8597,0.6483,0.057,0.7411,,20.7512,,,,,,,383.1798,1.269,28.1386,378.4893,410.086,0.447,0.0245,0.4843
0,projyear,5,bm ~ ndti + ndii7 + nir + bai_126 + bai_236 + ndti:ndii7 + ndti:nir + ndti:bai_126 + ndti:bai_236 + ndii7:nir + ndii7:bai_126 + ndii7:bai_236 + nir:bai_126 + nir:bai_236 + bai_126:bai_236,0.6154,,43514.9296,548.6057,47.5509,14.8251,0.6479,0.0562,0.7397,,20.4792,,,,,,,383.2915,1.2693,28.0734,378.3359,409.7654,0.4468,0.0242,0.484
0,projyear,5,bm ~ ndti + nir + bai_126 + bai_136 + bai_246 + ndti:nir + ndti:bai_126 + ndti:bai_136 + ndti:bai_246 + nir:bai_126 + nir:bai_136 + nir:bai_246 + bai_126:bai_136 + bai_126:bai_246 + bai_136:bai_246,0.6397,,43422.3595,542.4829,49.2438,14.2008,0.6407,0.0582,0.7378,,20.121,,,,,,,377.3376,1.2492,26.8866,374.4704,404.3317,0.4423,0.0238,0.4775
0,projyear,5,bm ~ ndti + nir + bai_126 + bai_236 + bai_246 + ndti:nir + ndti:bai_126 + ndti:bai_236 + ndti:bai_246 + nir:bai_126 + nir:bai_236 + nir:bai_246 + bai_126:bai_236 + bai_126:bai_246 + bai_236:bai_246,0.6374,,43431.3011,545.0797,50.6514,14.1862,0.6438,0.0598,0.7438,,21.4345,,,,,,,376.7403,1.2472,26.8598,376.3196,408.3114,0.4445,0.0253,0.4822
0,projyear,5,bm ~ satvi + ndii7 + nir + bai_126 + bai_236 + satvi:ndii7 + satvi:nir + satvi:bai_126 + satvi:bai_236 + ndii7:nir + ndii7:bai_126 + ndii7:bai_236 + nir:bai_126 + nir:bai_236 + bai_126:bai_236,0.6149,,43516.6572,548.3312,47.572,13.9302,0.6476,0.0562,0.7402,,20.7683,,,,,,,379.2795,1.2558,26.3854,377.876,408.0817,0.4463,0.0245,0.482
0,projyear,5,bm ~ satvi + nir + bai_126 + bai_236 + bai_246 + satvi:nir + satvi:bai_126 + satvi:bai_236 + satvi:bai_246 + nir:bai_126 + nir:bai_236 + nir:bai_246 + bai_126:bai_236 + bai_126:bai_246 + bai_236:bai_246,0.6391,,43424.5707,541.1202,46.6498,13.8027,0.6391,0.0551,0.731,,18.6518,,,,,,,377.2696,1.2488,26.1411,373.0192,400.6011,0.4406,0.022,0.4731
0,projyear,6,bm ~ dfi + ndvi + satvi + nir + bai_126 + bai_246 + dfi:ndvi + dfi:satvi + dfi:nir + dfi:bai_126 + dfi:bai_246 + ndvi:satvi + ndvi:nir + ndvi:bai_126 + ndvi:bai_246 + satvi:nir + satvi:bai_126 + satvi:bai_246 + nir:bai_126 + nir:bai_246 + bai_126:bai_246,0.6499,,43391.3444,538.753,45.4843,13.8216,0.6363,0.0537,0.724,,18.6212,,,,,,,376.9089,1.2476,26.183,372.385,400.2402,0.4398,0.022,0.4727
0,projyear,6,bm ~ dfi + ndti + ndii7 + nir + bai_126 + bai_136 + dfi:ndti + dfi:ndii7 + dfi:nir + dfi:bai_126 + dfi:bai_136 + ndti:ndii7 + ndti:nir + ndti:bai_126 + ndti:bai_136 + ndii7:nir + ndii7:bai_126 + ndii7:bai_136 + nir:bai_126 + nir:bai_136 + bai_126:bai_136,0.6306,,43466.2777,543.3432,46.6935,14.2785,0.6417,0.0551,0.7318,,19.5175,,,,,,,374.0536,1.2384,27.044,375.4542,404.1685,0.4434,0.0231,0.4773
0,projyear,6,bm ~ dfi + ndti + ndii7 + nir + bai_126 + bai_236 + dfi:ndti + dfi:ndii7 + dfi:nir + dfi:bai_126 + dfi:bai_236 + ndti:ndii7 + ndti:nir + ndti:bai_126 + ndti:bai_236 + ndii7:nir + ndii7:bai_126 + ndii7:bai_236 + nir:bai_126 + nir:bai_236 + bai_126:bai_236,0.6308,,43465.3126,543.3574,46.2269,14.2629,0.6417,0.0546,0.7315,,19.3899,,,,,,,372.8095,1.2342,27.013,374.8899,403.9534,0.4428,0.0229,0.4771
0,projyear,6,bm ~ dfi + ndti + nir + bai_126 + bai_136 + bai_246 + dfi:ndti + dfi:nir + dfi:bai_126 + dfi:bai_136 + dfi:bai_246 + ndti:nir + ndti:bai_126 + ndti:bai_136 + ndti:bai_246 + nir:bai_126 + nir:bai_136 + nir:bai_246 + bai_126:bai_136 + bai_126:bai_246 + bai_136:bai_246,0.6492,,43393.9859,539.12,45.0811,13.5976,0.6367,0.0532,0.7241,,17.4451,,,,,,,374.7238,1.2405,25.7649,373.1582,398.1974,0.4407,0.0206,0.4703
0,projyear,6,bm ~ dfi + ndti + nir + bai_126 + bai_236 + bai_246 + dfi:ndti + dfi:nir + dfi:bai_126 + dfi:bai_236 + dfi:bai_246 + ndti:nir + ndti:bai_126 + ndti:bai_236 + ndti:bai_246 + nir:bai_126 + nir:bai_236 + nir:bai_246 + bai_126:bai_236 + bai_126:bai_246 + bai_236:bai_246,0.6491,,43394.3371,538.7022,45.4076,13.7748,0.6362,0.0536,0.7241,,17.7889,,,,,,,373.3365,1.2358,26.0965,372.4913,398.5451,0.4399,0.021,0.4707
0,projyear,6,bm ~ dfi + satvi + ndii7 + nir + swir1 + bai_126 + dfi:satvi + dfi:ndii7 + dfi:nir + dfi:swir1 + dfi:bai_126 + satvi:ndii7 + satvi:nir + satvi:swir1 + satvi:bai_126 + ndii7:nir + ndii7:swir1 + ndii7:bai_126 + nir:swir1 + nir:bai_126 + swir1:bai_126,0.6255,,43485.8288,547.7265,46.7851,13.6377,0.6469,0.0553,0.7398,,18.2507,,,,,,,387.0149,1.2811,25.8405,378.7681,407.1222,0.4473,0.0216,0.4808
0,projyear,6,bm ~ dfi + satvi + ndii7 + nir + bai_126 + bai_236 + dfi:satvi + dfi:ndii7 + dfi:nir + dfi:bai_126 + dfi:bai_236 + satvi:ndii7 + satvi:nir + satvi:bai_126 + satvi:bai_236 + ndii7:nir + ndii7:bai_126 + ndii7:bai_236 + nir:bai_126 + nir:bai_236 + bai_126:bai_236,0.6326,,43458.7168,542.5535,45.8902,13.6723,0.6408,0.0542,0.7307,,19.0895,,,,,,,372.2597,1.2323,25.8991,374.122,402.9141,0.4419,0.0225,0.4759
