,model,numb_vars,formula,R2,R2_adj,AIC,rmse_kg_mean,rmse_kg_sd,mpe,rmse_pct_mean,rmse_pct_sd,rmse_pct_max,mae_kg_mean|,mae_kg_sd,mae_orig_mean,mae_orig_sd,rmse_orig_mean,rmse_orig_sd,rmse_orig_pct_mean,rmse_orig_pct_sd,rmse_kg_low_mean,rmse_pct_low_mean,mpe_low,mae_kg_mean,mae_kg_max,mae_pct_mean,mae_pct_sd,mae_pct_max
0,projyear,1,np.log(bm) ~ dfi,0.0228,0.0225,11506.8792,867.1821,42.0443,20.3374,1.1583,0.0562,1.254,,19.0212,1.3207,0.0229,1.9085,0.0593,0.331,0.0103,212.9714,0.7728,34.367,556.7139,578.9053,0.7436,0.0254,0.7733
0,projyear,1,np.log(bm) ~ ndvi,0.2844,0.2841,10639.0788,871.6923,62.8232,8.2056,1.1643,0.0839,1.3078,,21.8033,1.1568,0.0402,1.6312,0.0692,0.2829,0.012,409.746,1.4891,13.8585,524.3207,563.7664,0.7003,0.0291,0.753
0,projyear,1,np.log(bm) ~ ndti,0.37,0.3697,10284.2368,1117.2928,75.4079,5.9067,1.4924,0.1007,1.5973,,28.6313,1.1138,0.0332,1.5314,0.0486,0.2656,0.0084,604.4645,2.1956,9.9586,591.07,624.8944,0.7895,0.0382,0.8347
0,projyear,1,np.log(bm) ~ satvi,0.3343,0.3341,10437.6129,737.8613,41.9644,6.8233,0.9856,0.0561,1.0735,,17.5806,1.1294,0.0275,1.5738,0.0577,0.2729,0.01,372.0893,1.3505,11.6115,479.1198,502.1808,0.64,0.0235,0.6708
0,projyear,1,np.log(bm) ~ ndii7,0.2153,0.215,10895.7389,837.6624,48.5223,10.8275,1.1189,0.0648,1.2028,,21.0525,1.1891,0.0427,1.7085,0.0627,0.2963,0.0109,415.3584,1.5092,18.3155,514.4279,544.8058,0.6871,0.0281,0.7277
0,projyear,1,np.log(bm) ~ nir,0.2699,0.2697,10694.6662,748.1059,61.7167,10.0725,0.9993,0.0824,1.1175,,28.311,1.1505,0.0286,1.6493,0.0464,0.286,0.008,345.0506,1.2533,17.096,478.4978,508.9936,0.6391,0.0378,0.6799
0,projyear,1,np.log(bm) ~ swir1,0.4134,0.4132,10085.0798,737.1572,89.9324,5.8354,0.9846,0.1201,1.1622,,36.4459,1.052,0.0389,1.4779,0.0475,0.2563,0.0082,410.6432,1.4914,9.8798,460.7086,505.9588,0.6154,0.0487,0.6758
0,projyear,1,np.log(bm) ~ swir2,0.4547,0.4545,9881.6803,740.8578,58.9269,4.8745,0.9896,0.0787,1.0815,,28.3396,1.0283,0.0388,1.4248,0.0458,0.2471,0.0079,440.8548,1.6007,8.257,466.3223,506.332,0.6229,0.0379,0.6763
0,projyear,1,np.log(bm) ~ bai_126,0.0838,0.0834,11327.5639,813.7858,51.7933,18.3921,1.087,0.0692,1.2072,,19.7238,1.2802,0.0372,1.8463,0.0725,0.3202,0.0126,258.195,0.9375,31.0351,531.6222,562.7231,0.7101,0.0263,0.7516
0,projyear,1,np.log(bm) ~ bai_136,0.2668,0.2665,10706.814,735.3397,33.2665,9.2076,0.9822,0.0444,1.0271,,16.6487,1.1652,0.0335,1.6516,0.0634,0.2864,0.011,354.3651,1.2869,15.5923,485.8635,500.8143,0.649,0.0222,0.669
0,projyear,1,np.log(bm) ~ bai_236,0.2609,0.2606,10728.9799,815.8103,27.3969,8.7779,1.0897,0.0366,1.1384,,14.5301,1.182,0.0422,1.6581,0.0595,0.2875,0.0103,378.9009,1.3758,14.8517,525.0353,550.3176,0.7013,0.0194,0.7351
0,projyear,1,np.log(bm) ~ bai_246,0.0798,0.0795,11339.5558,802.599,23.2186,17.4961,1.0721,0.031,1.1102,,13.2693,1.2923,0.0441,1.8499,0.077,0.3208,0.0134,270.1645,0.9813,29.5767,535.6894,556.9511,0.7155,0.0177,0.7439
0,projyear,2,np.log(bm) ~ dfi + ndvi + dfi:ndvi,0.4378,0.4371,9971.0375,806.963,35.0266,4.9542,1.0779,0.0468,1.1495,,16.5778,1.0569,0.0406,1.4477,0.0458,0.2511,0.0079,467.8884,1.6987,8.402,501.1986,523.8086,0.6695,0.0221,0.6997
0,projyear,2,np.log(bm) ~ dfi + ndti + dfi:ndti,0.3806,0.3799,10240.9537,1155.8466,100.2333,6.2365,1.5439,0.1339,1.7429,,30.5504,1.0983,0.0367,1.52,0.0441,0.2636,0.0076,540.7408,1.9665,10.5268,581.0722,622.8507,0.7762,0.0408,0.832
0,projyear,2,np.log(bm) ~ dfi + satvi + dfi:satvi,0.3834,0.3828,10227.9514,775.0833,22.4067,6.6163,1.0353,0.0299,1.0921,,9.6554,1.0857,0.03,1.5163,0.0429,0.2629,0.0074,362.1594,1.3157,11.2647,487.5142,500.8346,0.6512,0.0129,0.669
0,projyear,2,np.log(bm) ~ dfi + ndii7 + dfi:ndii7,0.346,0.3453,10392.121,1093.7963,119.8845,8.4011,1.461,0.1601,1.6012,,32.9585,1.111,0.0458,1.5622,0.042,0.2709,0.0073,533.9692,1.9401,14.2173,548.7053,582.7278,0.7329,0.044,0.7784
0,projyear,2,np.log(bm) ~ dfi + nir + dfi:nir,0.2902,0.2895,10620.1154,731.597,56.7424,9.9821,0.9772,0.0758,1.068,,25.6244,1.1281,0.0258,1.6283,0.0418,0.2824,0.0072,325.7179,1.1835,16.9436,466.0468,490.5183,0.6225,0.0342,0.6552
0,projyear,2,np.log(bm) ~ dfi + swir1 + dfi:swir1,0.4673,0.4667,9820.886,694.5848,80.4909,5.582,0.9278,0.1075,1.0773,,37.1306,0.9899,0.0406,1.4097,0.0403,0.2445,0.007,371.9431,1.3508,9.4931,429.3326,470.8552,0.5735,0.0496,0.6289
0,projyear,2,np.log(bm) ~ dfi + swir2 + dfi:swir2,0.4793,0.4787,9757.1433,686.9994,50.5282,5.0171,0.9176,0.0675,0.9957,,29.2829,0.9879,0.0411,1.3936,0.0405,0.2417,0.007,390.8186,1.4192,8.5348,433.9751,470.8004,0.5797,0.0391,0.6289
0,projyear,2,np.log(bm) ~ dfi + bai_126 + dfi:bai_126,0.1039,0.103,11269.5,812.9965,53.6533,17.2882,1.0859,0.0717,1.2104,,20.7127,1.2736,0.0327,1.8292,0.0616,0.3172,0.0107,256.6205,0.9316,29.199,529.3724,559.4036,0.7071,0.0277,0.7472
0,projyear,2,np.log(bm) ~ dfi + bai_136 + dfi:bai_136,0.3534,0.3527,10360.6113,799.478,62.5198,7.2627,1.0679,0.0835,1.1952,,25.6656,1.1101,0.0294,1.553,0.0408,0.2693,0.0071,364.1005,1.3222,12.3287,496.9803,532.0019,0.6638,0.0343,0.7106
0,projyear,2,np.log(bm) ~ dfi + bai_236 + dfi:bai_236,0.3965,0.3959,10168.1713,828.6746,35.6406,5.9109,1.1069,0.0476,1.1499,,18.5177,1.0926,0.039,1.4995,0.0354,0.26,0.0061,424.2034,1.54,10.0425,516.7845,541.6054,0.6903,0.0247,0.7234
0,projyear,2,np.log(bm) ~ dfi + bai_246 + dfi:bai_246,0.223,0.2222,10872.278,863.6125,61.3578,11.4161,1.1535,0.082,1.292,,26.097,1.2231,0.0498,1.7031,0.0516,0.2954,0.009,508.2687,1.8443,19.3881,545.3891,595.9631,0.7285,0.0349,0.796
0,projyear,2,np.log(bm) ~ ndvi + satvi + ndvi:satvi,0.3939,0.3932,10180.2731,653.2072,19.7349,5.9464,0.8725,0.0264,0.9108,,4.2368,1.0577,0.042,1.5017,0.0652,0.2604,0.0113,310.2204,1.1265,10.1658,429.5542,434.0296,0.5738,0.0057,0.5797
0,projyear,2,np.log(bm) ~ ndvi + nir + ndvi:nir,0.4311,0.4305,10003.8652,686.4831,24.5996,5.662,0.917,0.0329,0.9466,,9.1891,1.026,0.0352,1.4563,0.0494,0.2525,0.0086,381.4254,1.386,9.6579,433.4244,449.4332,0.5789,0.0123,0.6003
0,projyear,2,np.log(bm) ~ ndvi + bai_126 + ndvi:bai_126,0.3076,0.3069,10551.1333,769.1365,33.938,7.9816,1.0274,0.0453,1.0724,,15.3222,1.1362,0.0396,1.6048,0.0731,0.2783,0.0127,380.0882,1.3809,13.5025,484.9949,504.6745,0.6478,0.0205,0.6741
0,projyear,2,np.log(bm) ~ ndvi + bai_246 + ndvi:bai_246,0.3307,0.33,10456.5264,778.927,65.5219,7.0009,1.0404,0.0875,1.1796,,24.251,1.125,0.0368,1.5784,0.0633,0.2737,0.011,398.0652,1.4449,11.8518,489.4023,521.2971,0.6537,0.0324,0.6963
0,projyear,2,np.log(bm) ~ ndti + ndii7 + ndti:ndii7,0.4638,0.4632,9838.8211,702.6922,47.9953,4.4919,0.9386,0.0641,1.0374,,19.1036,1.0283,0.0386,1.4139,0.0433,0.2452,0.0075,426.0912,1.5457,7.6812,456.1794,475.1597,0.6093,0.0255,0.6347
0,projyear,2,np.log(bm) ~ ndti + nir + ndti:nir,0.4464,0.4458,9927.9991,782.0215,34.3446,5.2779,1.0446,0.0459,1.0994,,10.7433,1.0221,0.0364,1.4359,0.0417,0.249,0.0072,464.1528,1.6877,9.0105,467.4012,479.5485,0.6243,0.0144,0.6405
0,projyear,2,np.log(bm) ~ ndti + bai_126 + ndti:bai_126,0.386,0.3853,10216.4264,1118.3804,153.9714,5.7219,1.4938,0.2057,1.8443,,42.0093,1.0988,0.0352,1.5124,0.0535,0.2623,0.0093,627.4421,2.2803,9.6551,571.798,645.9911,0.7638,0.0561,0.8629
0,projyear,2,np.log(bm) ~ ndti + bai_136 + ndti:bai_136,0.4587,0.4581,9865.3583,726.3717,35.6334,4.4256,0.9702,0.0476,1.0492,,13.5091,1.0332,0.0374,1.4196,0.0479,0.2462,0.0083,450.9462,1.6361,7.5893,461.346,479.8352,0.6162,0.018,0.6409
0,projyear,2,np.log(bm) ~ ndti + bai_236 + ndti:bai_236,0.4804,0.4799,9751.1505,697.4079,41.0328,3.9801,0.9315,0.0548,1.0206,,15.2012,1.0192,0.0393,1.3909,0.0424,0.2412,0.0073,439.9015,1.5963,6.8436,449.1267,470.4412,0.5999,0.0203,0.6284
0,projyear,2,np.log(bm) ~ ndti + bai_246 + ndti:bai_246,0.4285,0.4279,10016.278,878.9459,97.678,5.0274,1.174,0.1305,1.3719,,29.5695,1.0657,0.0386,1.4595,0.0471,0.2531,0.0082,491.5488,1.7812,8.5398,512.1151,537.5746,0.684,0.0395,0.7181
0,projyear,2,np.log(bm) ~ satvi + ndii7 + satvi:ndii7,0.4627,0.4621,9844.6535,664.228,36.1319,4.3867,0.8872,0.0483,0.9487,,14.0097,1.021,0.0424,1.4141,0.0608,0.2452,0.0105,390.2568,1.4166,7.5377,435.4246,454.7503,0.5816,0.0187,0.6074
0,projyear,2,np.log(bm) ~ satvi + nir + satvi:nir,0.3624,0.3617,10321.6202,704.4615,40.5634,7.2921,0.941,0.0542,1.0352,,13.8283,1.0799,0.026,1.5425,0.0456,0.2675,0.0079,303.1261,1.1006,12.4356,450.5252,469.5667,0.6018,0.0185,0.6272
0,projyear,2,np.log(bm) ~ satvi + swir1 + satvi:swir1,0.4725,0.4719,9793.2399,657.099,78.1717,5.2734,0.8777,0.1044,1.0775,,17.218,0.9776,0.0374,1.4023,0.0461,0.2432,0.008,324.1537,1.1775,9.0201,410.0152,432.4971,0.5477,0.023,0.5777
0,projyear,2,np.log(bm) ~ satvi + bai_126 + satvi:bai_126,0.3757,0.3751,10262.5873,851.3326,47.6639,5.2282,1.1371,0.0637,1.2321,,23.4587,1.1235,0.0349,1.5246,0.0539,0.2644,0.0094,475.8446,1.7267,8.8893,536.5892,562.1927,0.7167,0.0313,0.7509
0,projyear,2,np.log(bm) ~ satvi + bai_236 + satvi:bai_236,0.3927,0.392,10185.9504,677.0931,27.8327,5.9189,0.9044,0.0372,0.9676,,6.4758,1.0666,0.0409,1.5033,0.0552,0.2607,0.0096,311.7942,1.1324,10.1377,442.0911,448.5899,0.5905,0.0086,0.5992
0,projyear,2,np.log(bm) ~ satvi + bai_246 + satvi:bai_246,0.369,0.3684,10292.2629,702.8366,34.6782,6.0227,0.9388,0.0463,1.0102,,12.0659,1.0964,0.037,1.5326,0.0665,0.2658,0.0115,345.8,1.2553,10.2883,458.6518,473.3993,0.6126,0.0161,0.6323
0,projyear,2,np.log(bm) ~ ndii7 + nir + ndii7:nir,0.4775,0.4769,9766.736,977.5272,263.6154,4.784,1.3057,0.3521,1.9671,,24.7782,0.9971,0.0402,1.3951,0.0465,0.2419,0.0081,821.9463,2.976,8.1533,465.6173,512.4436,0.6219,0.0331,0.6845
0,projyear,2,np.log(bm) ~ ndii7 + swir1 + ndii7:swir1,0.4683,0.4678,9815.2234,656.9436,52.4667,4.9335,0.8775,0.0701,0.9688,,23.5442,1.0127,0.0425,1.4078,0.0442,0.2441,0.0077,394.836,1.4347,8.4336,428.8393,463.2106,0.5728,0.0314,0.6187
0,projyear,2,np.log(bm) ~ ndii7 + swir2 + ndii7:swir2,0.5089,0.5083,9594.2498,649.2012,52.7472,4.2509,0.8672,0.0705,0.9668,,22.633,0.9725,0.0415,1.3529,0.0434,0.2346,0.0075,391.6534,1.4226,7.2856,418.3482,450.411,0.5588,0.0302,0.6016
0,projyear,2,np.log(bm) ~ ndii7 + bai_126 + ndii7:bai_126,0.3357,0.335,10435.6973,970.4915,121.388,7.1327,1.2963,0.1621,1.5006,,29.2809,1.1212,0.038,1.5721,0.0691,0.2726,0.012,561.8018,2.04,12.0562,517.7238,554.2958,0.6915,0.0391,0.7404
0,projyear,2,np.log(bm) ~ ndii7 + bai_136 + ndii7:bai_136,0.3836,0.383,10227.1094,675.7138,22.9398,5.5457,0.9026,0.0306,0.9414,,9.8827,1.1003,0.044,1.5144,0.0587,0.2626,0.0102,414.057,1.5036,9.4825,454.3879,464.699,0.6069,0.0132,0.6207
0,projyear,2,np.log(bm) ~ ndii7 + bai_236 + ndii7:bai_236,0.3379,0.3371,10426.6574,698.7222,29.29,6.5075,0.9333,0.0391,0.9888,,9.4937,1.1346,0.0415,1.5702,0.0512,0.2723,0.0089,378.8424,1.376,11.114,470.1967,478.7411,0.6281,0.0127,0.6395
0,projyear,2,np.log(bm) ~ nir + swir1 + nir:swir1,0.4452,0.4446,9934.0876,632.8734,22.3072,5.7611,0.8453,0.0298,0.8898,,17.4029,1.0034,0.037,1.4378,0.0427,0.2493,0.0074,341.6794,1.2412,9.8209,415.796,437.4236,0.5554,0.0232,0.5843
0,projyear,2,np.log(bm) ~ nir + swir2 + nir:swir2,0.4814,0.4808,9745.9539,673.7895,26.5834,4.7789,0.9,0.0355,0.9453,,13.6857,0.987,0.0366,1.3899,0.0419,0.241,0.0073,403.1745,1.4648,8.1542,432.4805,449.9987,0.5777,0.0183,0.6011
0,projyear,2,np.log(bm) ~ nir + bai_136 + nir:bai_136,0.3234,0.3226,10487.0154,688.8306,40.1176,8.6082,0.9201,0.0536,1.0098,,13.472,1.0988,0.0288,1.5885,0.05,0.2755,0.0087,293.1848,1.0647,14.6406,444.2985,461.3873,0.5935,0.018,0.6163
0,projyear,2,np.log(bm) ~ nir + bai_236 + nir:bai_236,0.3821,0.3814,10234.0162,678.1119,26.4483,6.6906,0.9058,0.0353,0.9602,,6.9541,1.0653,0.0324,1.5172,0.0447,0.2631,0.0077,312.2142,1.134,11.4199,440.9624,446.7872,0.589,0.0093,0.5968
0,projyear,2,np.log(bm) ~ nir + bai_246 + nir:bai_246,0.4636,0.463,9840.1199,655.2673,23.7343,4.7731,0.8753,0.0317,0.916,,15.3393,1.0065,0.037,1.4139,0.0551,0.2452,0.0096,430.6039,1.564,8.1348,423.4025,442.4898,0.5655,0.0205,0.591
0,projyear,2,np.log(bm) ~ swir1 + bai_126 + swir1:bai_126,0.4204,0.4198,10055.5459,733.5946,91.9384,5.7531,0.9799,0.1228,1.1905,,36.8611,1.0475,0.0409,1.4699,0.0483,0.2549,0.0084,394.9774,1.4346,9.7499,460.9771,503.3212,0.6157,0.0492,0.6723
0,projyear,2,np.log(bm) ~ swir1 + bai_246 + swir1:bai_246,0.4468,0.4463,9925.5934,807.3653,150.9096,5.3173,1.0784,0.2016,1.4528,,34.5513,1.0302,0.0417,1.436,0.0486,0.249,0.0084,461.3476,1.6767,9.0362,464.9182,503.2976,0.621,0.0462,0.6723
0,projyear,2,np.log(bm) ~ swir2 + bai_126 + swir2:bai_126,0.4611,0.4605,9852.992,761.5354,63.0367,4.7432,1.0172,0.0842,1.1318,,29.4831,1.026,0.0411,1.4173,0.0465,0.2458,0.0081,442.8133,1.6083,8.0386,475.5973,512.5062,0.6353,0.0394,0.6846
0,projyear,2,np.log(bm) ~ swir2 + bai_246 + swir2:bai_246,0.4923,0.4917,9686.9536,755.9674,93.8257,4.5031,1.0098,0.1253,1.2162,,29.8836,0.9925,0.0415,1.3756,0.0478,0.2386,0.0083,449.2806,1.6319,7.6689,453.1885,489.4272,0.6053,0.0399,0.6537
0,projyear,2,np.log(bm) ~ bai_126 + bai_136 + bai_126:bai_136,0.2784,0.2776,10666.2102,770.0299,26.8374,8.6695,1.0285,0.0358,1.0655,,14.4067,1.1653,0.0377,1.6388,0.0624,0.2842,0.0108,355.1013,1.2892,14.6722,502.1848,524.6351,0.6708,0.0192,0.7008
0,projyear,2,np.log(bm) ~ bai_126 + bai_236 + bai_126:bai_236,0.2891,0.2884,10624.441,762.4033,21.3537,8.5103,1.0184,0.0285,1.0532,,9.9481,1.1547,0.0384,1.6265,0.0649,0.2821,0.0112,358.368,1.3012,14.4159,493.6567,505.363,0.6594,0.0133,0.675
0,projyear,2,np.log(bm) ~ bai_126 + bai_246 + bai_126:bai_246,0.2294,0.2286,10849.0944,711.151,30.2731,10.9698,0.9499,0.0404,1.0041,,13.8744,1.1926,0.0419,1.6933,0.0836,0.2936,0.0145,332.2772,1.2072,18.5861,477.7676,495.8338,0.6382,0.0185,0.6623
0,projyear,2,np.log(bm) ~ bai_136 + bai_246 + bai_136:bai_246,0.3067,0.306,10554.6619,701.339,34.8666,7.6847,0.9368,0.0466,0.9842,,15.4974,1.1448,0.038,1.6062,0.0679,0.2785,0.0118,361.7863,1.3141,13.0636,466.4386,481.4316,0.623,0.0207,0.6431
0,projyear,2,np.log(bm) ~ bai_236 + bai_246 + bai_236:bai_246,0.2882,0.2875,10627.9415,769.0328,43.9488,7.8131,1.0272,0.0587,1.0774,,18.7965,1.17,0.0404,1.628,0.0574,0.2823,0.0099,394.7467,1.4344,13.2805,501.1376,526.56,0.6694,0.0251,0.7033
0,projyear,3,np.log(bm) ~ dfi + ndvi + satvi + dfi:ndvi + dfi:satvi + ndvi:satvi,0.4995,0.4985,9652.711,670.272,79.782,4.5019,0.8953,0.1066,1.1061,,25.5254,0.9735,0.0449,1.3662,0.0555,0.2369,0.0096,356.6916,1.2951,7.7202,426.9748,473.8537,0.5703,0.0341,0.6329
0,projyear,3,np.log(bm) ~ dfi + ndvi + nir + dfi:ndvi + dfi:nir + ndvi:nir,0.4827,0.4816,9744.744,707.958,31.0419,4.6006,0.9456,0.0415,0.986,,10.7951,0.9918,0.0371,1.3889,0.0427,0.2409,0.0074,421.2619,1.5308,7.8722,443.8791,461.4497,0.5929,0.0144,0.6164
0,projyear,3,np.log(bm) ~ dfi + ndvi + bai_126 + dfi:ndvi + dfi:bai_126 + ndvi:bai_126,0.4445,0.4433,9943.3565,805.1492,43.7538,4.8376,1.0755,0.0584,1.1609,,20.0213,1.0504,0.0407,1.4402,0.0491,0.2498,0.0085,474.8769,1.7243,8.2151,495.5273,520.3539,0.6619,0.0267,0.6951
0,projyear,3,np.log(bm) ~ dfi + ndvi + bai_246 + dfi:ndvi + dfi:bai_246 + ndvi:bai_246,0.4791,0.478,9764.1926,719.823,57.2038,4.7243,0.9615,0.0764,1.0723,,26.5685,1.0037,0.0425,1.3945,0.0518,0.2418,0.009,372.6396,1.352,8.0423,453.689,491.9802,0.606,0.0355,0.6572
0,projyear,3,np.log(bm) ~ dfi + ndti + ndii7 + dfi:ndti + dfi:ndii7 + ndti:ndii7,0.4861,0.485,9726.5895,670.2506,32.5431,4.4615,0.8953,0.0435,0.9601,,6.9342,0.9874,0.0416,1.3858,0.0422,0.2403,0.0073,358.4246,1.3014,7.6364,431.9153,441.7417,0.5769,0.0093,0.59
0,projyear,3,np.log(bm) ~ dfi + ndti + nir + dfi:ndti + dfi:nir + ndti:nir,0.4499,0.4487,9916.0355,912.5882,126.5041,5.1679,1.219,0.169,1.5337,,10.5952,1.0217,0.0386,1.4328,0.0438,0.2485,0.0076,544.6558,1.9843,8.8042,486.8616,497.8691,0.6503,0.0142,0.665
0,projyear,3,np.log(bm) ~ dfi + ndti + bai_126 + dfi:ndti + dfi:bai_126 + ndti:bai_126,0.3936,0.3923,10187.507,1188.9175,150.1211,5.8636,1.5881,0.2005,1.929,,47.9057,1.0887,0.0382,1.5051,0.0488,0.261,0.0085,579.5325,2.1086,9.8958,575.3641,660.0655,0.7685,0.064,0.8817
0,projyear,3,np.log(bm) ~ dfi + ndti + bai_136 + dfi:ndti + dfi:bai_136 + ndti:bai_136,0.4753,0.4742,9784.2623,697.7655,19.7154,4.474,0.932,0.0263,0.9741,,11.1051,1.0029,0.0459,1.3984,0.0465,0.2425,0.0081,429.9441,1.5616,7.6802,442.6535,460.0957,0.5913,0.0148,0.6146
0,projyear,3,np.log(bm) ~ dfi + ndti + bai_236 + dfi:ndti + dfi:bai_236 + ndti:bai_236,0.5053,0.5043,9620.2163,651.6827,19.8603,4.0568,0.8705,0.0265,0.9167,,5.1691,0.9732,0.0406,1.3578,0.0383,0.2355,0.0066,378.4667,1.3747,6.9929,422.3716,429.117,0.5642,0.0069,0.5732
0,projyear,3,np.log(bm) ~ dfi + ndti + bai_246 + dfi:ndti + dfi:bai_246 + ndti:bai_246,0.4628,0.4617,9849.9328,773.9161,67.698,5.179,1.0337,0.0904,1.1588,,28.2779,1.0094,0.0415,1.4162,0.045,0.2456,0.0078,376.6556,1.3666,8.814,471.1605,504.2814,0.6293,0.0378,0.6736
0,projyear,3,np.log(bm) ~ dfi + satvi + ndii7 + dfi:satvi + dfi:ndii7 + satvi:ndii7,0.5022,0.5011,9637.762,662.231,55.071,4.4303,0.8846,0.0736,1.0106,,21.4994,0.973,0.0454,1.3629,0.0566,0.2364,0.0098,381.183,1.3831,7.6106,425.9142,463.3672,0.5689,0.0287,0.6189
0,projyear,3,np.log(bm) ~ dfi + satvi + nir + dfi:satvi + dfi:nir + satvi:nir,0.3914,0.3901,10197.6754,726.6007,23.5633,6.8589,0.9705,0.0315,1.0307,,8.0247,1.0649,0.0284,1.5076,0.0396,0.2614,0.0069,323.1298,1.1741,11.6969,463.4574,471.7878,0.6191,0.0107,0.6302
0,projyear,3,np.log(bm) ~ dfi + satvi + swir1 + dfi:satvi + dfi:swir1 + satvi:swir1,0.4963,0.4952,9670.6814,623.2411,31.1467,5.0925,0.8325,0.0416,0.8922,,21.3228,0.9485,0.0374,1.3715,0.041,0.2378,0.0071,311.9715,1.1333,8.718,400.5731,428.7907,0.5351,0.0285,0.5727
0,projyear,3,np.log(bm) ~ dfi + satvi + bai_126 + dfi:satvi + dfi:bai_126 + satvi:bai_126,0.4179,0.4167,10073.6591,903.541,57.669,5.3953,1.2069,0.077,1.3548,,15.4437,1.0764,0.0385,1.4738,0.0408,0.2556,0.0071,453.7871,1.6494,9.1758,534.2902,561.5718,0.7137,0.0206,0.7501
0,projyear,3,np.log(bm) ~ dfi + satvi + bai_236 + dfi:satvi + dfi:bai_236 + satvi:bai_236,0.4677,0.4666,9824.3614,679.4704,21.6745,5.067,0.9076,0.029,0.9374,,11.3433,1.0035,0.0381,1.4089,0.0376,0.2443,0.0065,310.9994,1.1298,8.7085,438.6089,449.8019,0.5859,0.0152,0.6008
0,projyear,3,np.log(bm) ~ dfi + satvi + bai_246 + dfi:satvi + dfi:bai_246 + satvi:bai_246,0.451,0.4498,9910.7653,689.5767,24.6098,5.4393,0.9211,0.0329,0.9648,,10.6308,1.0228,0.042,1.4314,0.0621,0.2482,0.0108,317.7025,1.154,9.3194,448.118,467.2267,0.5986,0.0142,0.6241
0,projyear,3,np.log(bm) ~ dfi + ndii7 + nir + dfi:ndii7 + dfi:nir + ndii7:nir,0.493,0.4919,9689.1184,815.7518,158.0595,4.8434,1.0896,0.2111,1.4992,,20.7685,0.9741,0.0419,1.3758,0.0463,0.2386,0.008,645.2906,2.3388,8.2752,443.5858,484.4327,0.5925,0.0277,0.6471
0,projyear,3,np.log(bm) ~ dfi + ndii7 + swir1 + dfi:ndii7 + dfi:swir1 + ndii7:swir1,0.5224,0.5213,9522.6608,617.2241,34.9844,4.7621,0.8244,0.0467,0.8852,,14.1802,0.9372,0.0375,1.336,0.0431,0.2317,0.0075,329.6495,1.1977,8.1642,399.5793,411.4806,0.5337,0.0189,0.5496
0,projyear,3,np.log(bm) ~ dfi + ndii7 + swir2 + dfi:ndii7 + dfi:swir2 + ndii7:swir2,0.5304,0.5294,9475.5827,617.519,37.9286,4.3333,0.8248,0.0507,0.8967,,14.6088,0.9322,0.0365,1.3247,0.0424,0.2297,0.0074,328.8067,1.1945,7.4396,398.3842,410.8737,0.5321,0.0195,0.5488
0,projyear,3,np.log(bm) ~ dfi + ndii7 + bai_126 + dfi:ndii7 + dfi:bai_126 + ndii7:bai_126,0.4145,0.4132,10089.9184,947.084,104.3989,5.9646,1.265,0.1394,1.4414,,29.2342,1.0631,0.0422,1.4793,0.0529,0.2565,0.0092,559.3923,2.0317,10.1034,508.7635,538.9439,0.6796,0.039,0.7199
0,projyear,3,np.log(bm) ~ dfi + ndii7 + bai_136 + dfi:ndii7 + dfi:bai_136 + ndii7:bai_136,0.4919,0.4908,9694.6968,661.0733,40.9933,4.6849,0.883,0.0548,0.9708,,15.6258,0.9885,0.0435,1.3772,0.0486,0.2388,0.0084,422.2717,1.5327,8.0312,427.5063,451.5811,0.571,0.0209,0.6032
0,projyear,3,np.log(bm) ~ dfi + ndii7 + bai_236 + dfi:ndii7 + dfi:bai_236 + ndii7:bai_236,0.4922,0.4911,9693.2461,656.5855,27.4651,4.8489,0.877,0.0367,0.9163,,9.6902,0.9877,0.0434,1.3773,0.0396,0.2389,0.0069,362.3952,1.3162,8.3267,430.7162,443.9514,0.5753,0.0129,0.593
0,projyear,3,np.log(bm) ~ dfi + nir + swir1 + dfi:nir + dfi:swir1 + nir:swir1,0.4904,0.4893,9703.2981,664.6237,43.2076,5.2556,0.8878,0.0577,0.9949,,20.4646,0.9704,0.0388,1.3795,0.0409,0.2392,0.0071,400.6409,1.455,8.9703,421.7222,453.2203,0.5633,0.0273,0.6054
0,projyear,3,np.log(bm) ~ dfi + nir + swir2 + dfi:nir + dfi:swir2 + nir:swir2,0.4988,0.4977,9657.0087,694.0607,34.5072,4.6795,0.9271,0.0461,1.0013,,13.3618,0.9701,0.0358,1.368,0.0396,0.2372,0.0069,431.3797,1.5671,7.9934,431.5754,453.8712,0.5765,0.0178,0.6062
0,projyear,3,np.log(bm) ~ dfi + nir + bai_136 + dfi:nir + dfi:bai_136 + nir:bai_136,0.371,0.3697,10289.4313,724.1071,20.9675,7.0612,0.9672,0.028,1.0098,,9.0281,1.0843,0.0278,1.5325,0.0391,0.2658,0.0068,317.8285,1.1541,12.0325,464.46,475.2675,0.6204,0.0121,0.6348
0,projyear,3,np.log(bm) ~ dfi + nir + bai_236 + dfi:nir + dfi:bai_236 + nir:bai_236,0.4308,0.4296,10011.0529,721.4426,21.8831,5.6151,0.9636,0.0292,1.0119,,5.9069,1.0406,0.0334,1.4569,0.0325,0.2527,0.0056,348.2222,1.2647,9.6075,461.817,468.2255,0.6169,0.0079,0.6254
0,projyear,3,np.log(bm) ~ dfi + nir + bai_246 + dfi:nir + dfi:bai_246 + nir:bai_246,0.5065,0.5054,9613.9434,641.381,22.3032,4.45,0.8567,0.0298,0.9159,,14.0188,0.9579,0.0403,1.357,0.0525,0.2353,0.0091,419.3509,1.5233,7.6165,409.5653,434.3162,0.5471,0.0187,0.5801
0,projyear,3,np.log(bm) ~ dfi + swir1 + bai_126 + dfi:swir1 + dfi:bai_126 + swir1:bai_126,0.4787,0.4775,9766.6375,718.6898,68.2398,5.1371,0.96,0.0911,1.0941,,32.8149,0.9873,0.0425,1.3961,0.0395,0.2421,0.0068,384.9169,1.3978,8.7402,444.1325,485.9355,0.5932,0.0438,0.6491
0,projyear,3,np.log(bm) ~ dfi + swir1 + bai_246 + dfi:swir1 + dfi:bai_246 + swir1:bai_246,0.5256,0.5245,9503.9896,648.4056,48.8306,4.6941,0.8661,0.0652,0.9423,,25.6505,0.9333,0.0431,1.3305,0.0514,0.2307,0.0089,364.0511,1.3228,8.0281,408.2902,438.9231,0.5454,0.0343,0.5863
0,projyear,3,np.log(bm) ~ dfi + swir2 + bai_126 + dfi:swir2 + dfi:bai_126 + swir2:bai_126,0.4896,0.4885,9707.6678,729.2415,52.4208,4.6587,0.9741,0.07,1.0547,,25.9429,0.985,0.0419,1.3814,0.04,0.2396,0.0069,410.6321,1.4914,7.9267,450.103,480.8361,0.6012,0.0347,0.6423
0,projyear,3,np.log(bm) ~ dfi + swir2 + bai_246 + dfi:swir2 + dfi:bai_246 + swir2:bai_246,0.5283,0.5273,9487.6124,640.4806,43.9708,4.4655,0.8555,0.0587,0.9083,,24.0443,0.9313,0.0421,1.3266,0.049,0.23,0.0085,348.1167,1.2646,7.6438,407.1567,431.1491,0.5438,0.0321,0.5759
0,projyear,3,np.log(bm) ~ dfi + bai_126 + bai_136 + dfi:bai_126 + dfi:bai_136 + bai_126:bai_136,0.3995,0.3982,10160.5929,853.6503,37.535,5.7874,1.1402,0.0501,1.213,,17.7532,1.092,0.0385,1.4972,0.0363,0.2597,0.0063,427.4051,1.5513,9.8278,521.9762,541.9572,0.6972,0.0237,0.7239
0,projyear,3,np.log(bm) ~ dfi + bai_126 + bai_236 + dfi:bai_126 + dfi:bai_236 + bai_126:bai_236,0.4048,0.4036,10135.5402,835.2612,38.7029,5.699,1.1157,0.0517,1.2051,,14.4981,1.0857,0.0391,1.4903,0.0393,0.2584,0.0068,430.7427,1.5641,9.6942,513.5189,527.0572,0.6859,0.0194,0.704
0,projyear,3,np.log(bm) ~ dfi + bai_126 + bai_246 + dfi:bai_126 + dfi:bai_246 + bai_126:bai_246,0.356,0.3546,10355.2072,796.9327,43.2892,7.5295,1.0645,0.0578,1.1324,,13.1928,1.1202,0.0389,1.5519,0.0606,0.2691,0.0105,501.0353,1.8201,12.8064,496.8441,521.3996,0.6636,0.0176,0.6964
0,projyear,3,np.log(bm) ~ dfi + bai_136 + bai_246 + dfi:bai_136 + dfi:bai_246 + bai_136:bai_246,0.4602,0.459,9863.6653,679.4527,24.8003,4.9889,0.9076,0.0331,0.9436,,15.3962,1.0261,0.0421,1.4197,0.0551,0.2462,0.0096,374.0385,1.3587,8.5282,447.5438,469.187,0.5978,0.0206,0.6267
0,projyear,3,np.log(bm) ~ dfi + bai_236 + bai_246 + dfi:bai_236 + dfi:bai_246 + bai_236:bai_246,0.472,0.4708,9802.0497,727.3591,42.905,4.912,0.9716,0.0573,1.0421,,20.6232,1.0221,0.0499,1.4039,0.0475,0.2435,0.0082,385.4196,1.4005,8.4022,468.2463,491.5126,0.6254,0.0275,0.6565
0,projyear,3,np.log(bm) ~ ndvi + satvi + nir + ndvi:satvi + ndvi:nir + satvi:nir,0.4414,0.4402,9958.7094,631.9953,22.8745,5.5207,0.8442,0.0306,0.8803,,9.8739,1.0149,0.0382,1.4442,0.0531,0.2505,0.0092,348.9309,1.267,9.4289,415.0051,424.1075,0.5543,0.0132,0.5665
0,projyear,3,np.log(bm) ~ ndvi + satvi + bai_126 + ndvi:satvi + ndvi:bai_126 + satvi:bai_126,0.4421,0.4409,9955.2661,680.6421,46.8876,4.6799,0.9092,0.0626,1.0211,,11.7701,1.0423,0.0353,1.4443,0.0529,0.2505,0.0092,356.7946,1.2952,8.0447,443.5995,461.821,0.5925,0.0157,0.6169
0,projyear,3,np.log(bm) ~ ndvi + satvi + bai_246 + ndvi:satvi + ndvi:bai_246 + satvi:bai_246,0.397,0.3957,10172.1744,644.9397,20.7373,5.9376,0.8615,0.0277,0.8932,,6.3974,1.053,0.0421,1.4989,0.0645,0.2599,0.0112,308.6365,1.1208,10.1446,424.8188,431.612,0.5674,0.0085,0.5765
0,projyear,3,np.log(bm) ~ ndvi + nir + bai_246 + ndvi:nir + ndvi:bai_246 + nir:bai_246,0.498,0.4969,9661.4325,633.0451,21.4683,4.5366,0.8456,0.0287,0.8858,,10.746,0.9669,0.0373,1.3688,0.0569,0.2374,0.0099,407.2045,1.479,7.772,410.7388,424.7248,0.5486,0.0144,0.5673
0,projyear,3,np.log(bm) ~ ndvi + bai_126 + bai_246 + ndvi:bai_126 + ndvi:bai_246 + bai_126:bai_246,0.3477,0.3463,10390.8056,761.2473,71.5483,6.6178,1.0168,0.0956,1.1661,,25.9982,1.1174,0.0432,1.56,0.0658,0.2705,0.0114,386.0312,1.4014,11.219,483.3651,512.4429,0.6456,0.0347,0.6845
0,projyear,3,np.log(bm) ~ ndti + ndii7 + nir + ndti:ndii7 + ndti:nir + ndii7:nir,0.5157,0.5146,9561.5003,636.7965,29.3425,4.0024,0.8506,0.0392,0.8932,,12.6367,0.9664,0.0391,1.3438,0.045,0.233,0.0078,377.2893,1.3698,6.8777,416.2475,432.0798,0.556,0.0169,0.5771
0,projyear,3,np.log(bm) ~ ndti + ndii7 + bai_126 + ndti:ndii7 + ndti:bai_126 + ndii7:bai_126,0.4752,0.474,9785.1382,678.7551,37.9019,4.2589,0.9066,0.0506,0.9856,,12.9832,1.0208,0.0385,1.401,0.0487,0.243,0.0084,396.3784,1.4383,7.2974,443.192,455.345,0.592,0.0173,0.6082
0,projyear,3,np.log(bm) ~ ndti + ndii7 + bai_136 + ndti:ndii7 + ndti:bai_136 + ndii7:bai_136,0.487,0.4859,9721.614,667.2807,34.8061,4.0358,0.8913,0.0465,0.9653,,10.4976,1.0095,0.0374,1.3835,0.0453,0.2399,0.0078,389.5131,1.4139,6.9264,436.9436,447.7975,0.5836,0.014,0.5981
0,projyear,3,np.log(bm) ~ ndti + ndii7 + bai_236 + ndti:ndii7 + ndti:bai_236 + ndii7:bai_236,0.4899,0.4888,9705.6809,672.7867,35.929,3.9328,0.8987,0.048,0.9716,,12.0086,1.0089,0.0392,1.3792,0.0429,0.2392,0.0074,406.0356,1.4737,6.7559,440.6646,454.2948,0.5886,0.016,0.6068
0,projyear,3,np.log(bm) ~ ndti + nir + bai_136 + ndti:nir + ndti:bai_136 + nir:bai_136,0.4667,0.4655,9829.8274,701.0885,32.3493,4.567,0.9365,0.0432,1.0157,,11.2425,1.0174,0.042,1.4104,0.0483,0.2446,0.0084,431.6307,1.5659,7.839,449.0233,464.6551,0.5998,0.015,0.6207
0,projyear,3,np.log(bm) ~ ndti + nir + bai_236 + ndti:nir + ndti:bai_236 + nir:bai_236,0.4893,0.4882,9708.9836,677.669,31.7562,4.0664,0.9052,0.0424,0.9833,,7.7882,1.0023,0.04,1.3799,0.0417,0.2393,0.0072,410.6518,1.4903,7.0021,438.5711,451.5815,0.5858,0.0104,0.6032
0,projyear,3,np.log(bm) ~ ndti + nir + bai_246 + ndti:nir + ndti:bai_246 + nir:bai_246,0.5131,0.5121,9576.0834,637.0428,32.5584,4.0373,0.8509,0.0435,0.9226,,9.112,0.9613,0.0363,1.3475,0.0505,0.2337,0.0088,342.1901,1.2425,6.9476,412.4211,419.1928,0.5509,0.0122,0.5599
0,projyear,3,np.log(bm) ~ ndti + bai_126 + bai_136 + ndti:bai_126 + ndti:bai_136 + bai_126:bai_136,0.484,0.4829,9738.0876,696.8558,34.4853,3.9525,0.9308,0.0461,1.0064,,11.7739,1.0194,0.0418,1.3878,0.0428,0.2407,0.0074,440.2215,1.5977,6.801,451.7001,466.5274,0.6033,0.0157,0.6232
0,projyear,3,np.log(bm) ~ ndti + bai_126 + bai_236 + ndti:bai_126 + ndti:bai_236 + bai_126:bai_236,0.484,0.4829,9738.0927,703.9362,37.4473,3.9746,0.9403,0.05,1.0226,,12.3231,1.0197,0.0408,1.3882,0.0427,0.2407,0.0074,444.8781,1.6145,6.8373,453.6124,469.8341,0.6059,0.0165,0.6276
0,projyear,3,np.log(bm) ~ ndti + bai_126 + bai_246 + ndti:bai_126 + ndti:bai_246 + bai_126:bai_246,0.4525,0.4513,9902.9196,789.6835,122.8732,4.686,1.0548,0.1641,1.3646,,27.9239,1.0448,0.0434,1.431,0.0561,0.2482,0.0097,413.2587,1.4995,7.9948,478.5556,519.6281,0.6392,0.0373,0.6941
0,projyear,3,np.log(bm) ~ ndti + bai_136 + bai_246 + ndti:bai_136 + ndti:bai_246 + bai_136:bai_246,0.4753,0.4741,9784.6234,685.3659,36.4884,4.2059,0.9155,0.0487,0.9961,,13.1732,1.0187,0.0355,1.3992,0.048,0.2427,0.0083,393.8399,1.4294,7.2151,444.1089,460.6379,0.5932,0.0176,0.6153
0,projyear,3,np.log(bm) ~ ndti + bai_236 + bai_246 + ndti:bai_236 + ndti:bai_246 + bai_236:bai_246,0.4837,0.4826,9739.3885,685.3656,39.9783,3.9934,0.9155,0.0534,1.0044,,14.1353,1.0154,0.0387,1.3875,0.0434,0.2406,0.0075,414.1154,1.5031,6.8604,444.6093,463.4662,0.5939,0.0189,0.6191
0,projyear,3,np.log(bm) ~ satvi + ndii7 + nir + satvi:ndii7 + satvi:nir + ndii7:nir,0.5075,0.5065,9607.9028,721.0735,161.0666,4.1937,0.9632,0.2151,1.358,,29.3414,0.9708,0.0447,1.3557,0.0545,0.2351,0.0094,453.9879,1.6467,7.1917,426.6171,467.0755,0.5698,0.0392,0.6239
0,projyear,3,np.log(bm) ~ satvi + ndii7 + swir1 + satvi:ndii7 + satvi:swir1 + ndii7:swir1,0.5028,0.5017,9634.3912,637.9845,30.045,4.2572,0.8522,0.0401,0.8984,,13.1261,0.981,0.0416,1.3623,0.0501,0.2362,0.0087,358.777,1.303,7.3166,420.4765,435.5948,0.5616,0.0175,0.5818
0,projyear,3,np.log(bm) ~ satvi + ndii7 + bai_126 + satvi:ndii7 + satvi:bai_126 + ndii7:bai_126,0.4731,0.4719,9796.3386,670.8722,38.0475,4.2776,0.8961,0.0508,0.9548,,10.743,1.0173,0.0339,1.4036,0.0507,0.2434,0.0088,373.203,1.3547,7.3534,436.2627,449.7042,0.5827,0.0143,0.6007
0,projyear,3,np.log(bm) ~ satvi + ndii7 + bai_236 + satvi:ndii7 + satvi:bai_236 + ndii7:bai_236,0.4629,0.4617,9849.6651,666.5546,35.1328,4.4177,0.8903,0.0469,0.9541,,13.5132,1.0206,0.0416,1.4151,0.0604,0.2454,0.0105,390.7463,1.4183,7.5904,436.0588,452.985,0.5825,0.018,0.6051
0,projyear,3,np.log(bm) ~ satvi + nir + swir1 + satvi:nir + satvi:swir1 + nir:swir1,0.4909,0.4898,9700.1361,626.6531,34.2567,4.6233,0.837,0.0458,0.9064,,14.9005,0.9784,0.0403,1.3783,0.0496,0.239,0.0086,350.612,1.2729,7.9298,410.3504,429.8897,0.5481,0.0199,0.5742
0,projyear,3,np.log(bm) ~ satvi + nir + bai_236 + satvi:nir + satvi:bai_236 + nir:bai_236,0.4048,0.4035,10135.8207,668.6107,31.521,6.0574,0.8931,0.0421,0.9609,,9.056,1.05,0.0372,1.4908,0.0488,0.2585,0.0085,307.4493,1.1168,10.3682,434.4377,444.7306,0.5803,0.0121,0.594
0,projyear,3,np.log(bm) ~ satvi + nir + bai_246 + satvi:nir + satvi:bai_246 + nir:bai_246,0.4842,0.4831,9736.6296,626.6482,40.1606,4.8597,0.837,0.0536,0.9091,,19.8211,0.9728,0.0416,1.3877,0.0576,0.2406,0.01,366.9168,1.3328,8.3061,408.0381,425.4367,0.545,0.0265,0.5683
0,projyear,3,np.log(bm) ~ satvi + swir1 + bai_126 + satvi:swir1 + satvi:bai_126 + swir1:bai_126,0.5333,0.5323,9458.1033,651.2065,60.5365,4.091,0.8698,0.0809,0.9931,,13.4889,0.9379,0.0334,1.3196,0.0398,0.2288,0.0069,340.9971,1.2384,7.0482,410.8741,420.6241,0.5488,0.018,0.5618
0,projyear,3,np.log(bm) ~ satvi + swir1 + bai_246 + satvi:swir1 + satvi:bai_246 + swir1:bai_246,0.4876,0.4865,9718.3781,655.9327,59.3312,4.7954,0.8761,0.0793,1.0121,,14.8187,0.9774,0.0409,1.3827,0.0515,0.2398,0.0089,339.6163,1.2338,8.2164,415.0728,427.2948,0.5544,0.0198,0.5707
0,projyear,3,np.log(bm) ~ satvi + bai_126 + bai_236 + satvi:bai_126 + satvi:bai_236 + bai_126:bai_236,0.4418,0.4406,9956.8645,696.2676,43.7646,4.6138,0.93,0.0585,1.035,,11.2585,1.0499,0.0383,1.4436,0.0464,0.2504,0.0081,361.173,1.3113,7.9484,454.8627,475.1729,0.6076,0.015,0.6347
0,projyear,3,np.log(bm) ~ satvi + bai_126 + bai_246 + satvi:bai_126 + satvi:bai_246 + bai_126:bai_246,0.3993,0.398,10161.3505,765.5198,41.8288,5.0279,1.0225,0.0559,1.1052,,16.1905,1.097,0.0383,1.4983,0.0581,0.2598,0.0101,396.8329,1.4396,8.6028,494.8933,512.8232,0.661,0.0216,0.685
0,projyear,3,np.log(bm) ~ satvi + bai_236 + bai_246 + satvi:bai_236 + satvi:bai_246 + bai_236:bai_246,0.4004,0.3991,10156.2779,675.1878,26.0534,5.6719,0.9019,0.0348,0.9617,,4.964,1.0622,0.0429,1.4946,0.0594,0.2592,0.0103,318.9871,1.1584,9.7209,441.1261,447.2959,0.5892,0.0066,0.5975
0,projyear,3,np.log(bm) ~ ndii7 + nir + swir1 + ndii7:nir + ndii7:swir1 + nir:swir1,0.5083,0.5073,9603.3521,662.3603,38.1754,4.1963,0.8847,0.051,0.968,,14.3864,0.9748,0.0376,1.3548,0.044,0.235,0.0076,399.2901,1.4495,7.2049,427.3487,439.6788,0.5708,0.0192,0.5873
0,projyear,3,np.log(bm) ~ ndii7 + nir + swir2 + ndii7:nir + ndii7:swir2 + nir:swir2,0.5192,0.5182,9541.1243,634.061,37.5648,4.2004,0.8469,0.0502,0.9284,,13.8033,0.9581,0.0323,1.3403,0.0404,0.2324,0.007,362.2273,1.3155,7.2242,413.0111,425.5816,0.5517,0.0184,0.5685
0,projyear,3,np.log(bm) ~ ndii7 + nir + bai_136 + ndii7:nir + ndii7:bai_136 + nir:bai_136,0.4942,0.4931,9682.17,728.3817,82.4345,4.55,0.9729,0.1101,1.1544,,20.8154,0.9799,0.0451,1.3734,0.0511,0.2382,0.0089,569.4768,2.0651,7.7867,435.7076,459.1771,0.582,0.0278,0.6133
0,projyear,3,np.log(bm) ~ ndii7 + nir + bai_236 + ndii7:nir + ndii7:bai_236 + nir:bai_236,0.4964,0.4953,9669.9471,723.5788,50.968,4.4495,0.9665,0.0681,1.0815,,13.8146,0.9803,0.0384,1.3705,0.0479,0.2377,0.0083,567.9516,2.0603,7.6261,432.4757,445.2644,0.5777,0.0185,0.5948
0,projyear,3,np.log(bm) ~ ndii7 + swir1 + bai_126 + ndii7:swir1 + ndii7:bai_126 + swir1:bai_126,0.4732,0.4721,9795.4778,650.9457,46.1691,4.7945,0.8695,0.0617,0.9592,,19.5072,1.0123,0.0418,1.4039,0.0461,0.2435,0.008,375.0324,1.3622,8.2077,428.3268,454.5887,0.5721,0.0261,0.6072
0,projyear,3,np.log(bm) ~ ndii7 + swir2 + bai_126 + ndii7:swir2 + ndii7:bai_126 + swir2:bai_126,0.5124,0.5114,9580.162,648.9724,48.3298,4.2411,0.8668,0.0646,0.9537,,22.327,0.9704,0.043,1.3508,0.0435,0.2343,0.0075,376.9771,1.3693,7.2774,420.1981,452.8984,0.5613,0.0298,0.6049
0,projyear,3,np.log(bm) ~ ndii7 + bai_126 + bai_136 + ndii7:bai_126 + ndii7:bai_136 + bai_126:bai_136,0.3905,0.3892,10201.9901,684.5897,21.2362,5.543,0.9144,0.0284,0.9508,,9.2013,1.0916,0.0393,1.5078,0.0591,0.2615,0.0102,441.137,1.6016,9.4756,452.48,461.1046,0.6044,0.0123,0.6159
0,projyear,3,np.log(bm) ~ ndii7 + bai_126 + bai_236 + ndii7:bai_126 + ndii7:bai_236 + bai_126:bai_236,0.3934,0.3921,10188.7142,686.0677,19.5196,5.5395,0.9164,0.0261,0.9514,,8.2544,1.0887,0.0399,1.5045,0.059,0.2609,0.0102,430.6888,1.5639,9.4707,452.8702,459.6328,0.6049,0.011,0.6139
0,projyear,3,np.log(bm) ~ nir + swir1 + bai_246 + nir:swir1 + nir:bai_246 + swir1:bai_246,0.4947,0.4936,9679.6275,630.15,37.1816,4.6881,0.8417,0.0497,0.9225,,13.1943,0.9713,0.0387,1.3733,0.0495,0.2382,0.0086,337.8582,1.2272,8.0448,410.8441,425.4245,0.5488,0.0176,0.5683
0,projyear,3,np.log(bm) ~ nir + swir2 + bai_246 + nir:swir2 + nir:bai_246 + swir2:bai_246,0.5226,0.5216,9521.0779,635.7672,38.5882,4.418,0.8492,0.0515,0.9156,,17.8005,0.9489,0.0411,1.3352,0.0474,0.2316,0.0082,344.1243,1.2501,7.5914,413.5455,436.4617,0.5524,0.0238,0.583
0,projyear,3,np.log(bm) ~ nir + bai_136 + bai_246 + nir:bai_136 + nir:bai_246 + bai_136:bai_246,0.4966,0.4955,9669.0291,656.5925,25.1402,4.4752,0.877,0.0336,0.9138,,15.8959,0.9704,0.0412,1.3709,0.0577,0.2377,0.01,448.5571,1.6296,7.6522,421.296,435.52,0.5627,0.0212,0.5817
0,projyear,3,np.log(bm) ~ nir + bai_236 + bai_246 + nir:bai_236 + nir:bai_246 + bai_236:bai_246,0.4828,0.4817,9744.1109,631.4906,24.4326,4.5719,0.8435,0.0326,0.8982,,10.0377,0.9805,0.0338,1.389,0.0513,0.2409,0.0089,392.304,1.425,7.8393,410.0977,420.5111,0.5478,0.0134,0.5617
0,projyear,3,np.log(bm) ~ swir1 + bai_126 + bai_246 + swir1:bai_126 + swir1:bai_246 + bai_126:bai_246,0.4583,0.4571,9873.3308,899.9978,435.3393,5.1994,1.2022,0.5815,2.3569,,39.9996,1.0203,0.0477,1.4237,0.0516,0.2469,0.0089,403.1451,1.4649,8.8573,456.0593,512.1938,0.6092,0.0534,0.6842
0,projyear,3,np.log(bm) ~ swir2 + bai_126 + bai_246 + swir2:bai_126 + swir2:bai_246 + bai_126:bai_246,0.505,0.504,9622.0005,884.3181,404.685,4.3792,1.1812,0.5405,2.2531,,41.3105,0.9797,0.0482,1.361,0.0508,0.236,0.0088,409.9276,1.4893,7.4767,452.6877,510.3287,0.6047,0.0552,0.6817
0,projyear,3,np.log(bm) ~ bai_126 + bai_136 + bai_246 + bai_126:bai_136 + bai_126:bai_246 + bai_136:bai_246,0.3118,0.3103,10540.1229,712.8974,36.2209,7.5493,0.9522,0.0484,0.9977,,14.7684,1.1458,0.0396,1.6023,0.0652,0.2779,0.0113,352.746,1.2811,12.8409,472.1189,488.5755,0.6306,0.0197,0.6526
0,projyear,3,np.log(bm) ~ bai_126 + bai_236 + bai_246 + bai_126:bai_236 + bai_126:bai_246 + bai_236:bai_246,0.3207,0.3192,10504.1234,705.2799,31.2477,7.4133,0.9421,0.0417,0.9957,,11.0295,1.1401,0.0432,1.5916,0.066,0.276,0.0114,336.5547,1.2225,12.6218,469.2608,483.9709,0.6268,0.0147,0.6465
0,projyear,4,np.log(bm) ~ dfi + ndvi + satvi + nir + dfi:ndvi + dfi:satvi + dfi:nir + ndvi:satvi + ndvi:nir + satvi:nir,0.5195,0.5177,9547.4384,640.0478,53.6917,4.2674,0.8549,0.0717,0.9805,,20.1919,0.9514,0.0458,1.3402,0.0547,0.2324,0.0095,396.3984,1.4386,7.3212,411.9944,435.4412,0.5503,0.027,0.5816
0,projyear,4,np.log(bm) ~ dfi + ndvi + satvi + bai_126 + dfi:ndvi + dfi:satvi + dfi:bai_126 + ndvi:satvi + ndvi:bai_126 + satvi:bai_126,0.5195,0.5178,9547.1398,651.8678,59.676,4.4088,0.8707,0.0797,1.0064,,17.1509,0.9461,0.0368,1.3417,0.0487,0.2327,0.0084,323.7269,1.1753,7.5794,411.6347,438.6736,0.5498,0.0229,0.5859
0,projyear,4,np.log(bm) ~ dfi + ndvi + satvi + bai_246 + dfi:ndvi + dfi:satvi + dfi:bai_246 + ndvi:satvi + ndvi:bai_246 + satvi:bai_246,0.5113,0.5096,9594.2669,792.8167,292.0144,4.5538,1.059,0.3901,1.8325,,44.2596,0.9601,0.0433,1.3533,0.0546,0.2347,0.0095,340.569,1.2365,7.786,433.926,512.1,0.5796,0.0591,0.684
0,projyear,4,np.log(bm) ~ dfi + ndvi + nir + bai_246 + dfi:ndvi + dfi:nir + dfi:bai_246 + ndvi:nir + ndvi:bai_246 + nir:bai_246,0.528,0.5263,9497.6542,604.8878,28.0062,4.3419,0.808,0.0374,0.8615,,11.0418,0.9283,0.0344,1.329,0.0533,0.2305,0.0093,310.8324,1.129,7.4567,391.3289,402.1599,0.5227,0.0147,0.5372
0,projyear,4,np.log(bm) ~ dfi + ndvi + bai_126 + bai_246 + dfi:ndvi + dfi:bai_126 + dfi:bai_246 + ndvi:bai_126 + ndvi:bai_246 + bai_126:bai_246,0.4924,0.4906,9700.2417,722.4386,74.3823,4.434,0.965,0.0994,1.1367,,31.0696,0.9952,0.0458,1.3791,0.0557,0.2392,0.0097,374.3943,1.3587,7.5661,454.6122,503.449,0.6072,0.0415,0.6725
0,projyear,4,np.log(bm) ~ dfi + ndti + ndii7 + nir + dfi:ndti + dfi:ndii7 + dfi:nir + ndti:ndii7 + ndti:nir + ndii7:nir,0.5206,0.5188,9541.1656,630.7416,29.8178,4.1946,0.8425,0.0398,0.8955,,14.2813,0.9553,0.0399,1.3392,0.0435,0.2322,0.0075,361.2739,1.3118,7.1995,412.0522,430.5726,0.5504,0.0191,0.5751
0,projyear,4,np.log(bm) ~ dfi + ndti + ndii7 + bai_126 + dfi:ndti + dfi:ndii7 + dfi:bai_126 + ndti:ndii7 + ndti:bai_126 + ndii7:bai_126,0.4913,0.4894,9706.3939,655.6573,29.9575,4.4311,0.8758,0.04,0.9278,,9.0111,0.9877,0.0412,1.3814,0.0447,0.2396,0.0077,351.3173,1.2755,7.5937,425.8586,437.9169,0.5688,0.012,0.5849
0,projyear,4,np.log(bm) ~ dfi + ndti + ndii7 + bai_136 + dfi:ndti + dfi:ndii7 + dfi:bai_136 + ndti:ndii7 + ndti:bai_136 + ndii7:bai_136,0.5042,0.5024,9634.8428,648.1428,23.5146,4.2419,0.8657,0.0314,0.8996,,10.0613,0.9777,0.042,1.3624,0.045,0.2363,0.0078,358.8612,1.303,7.2905,424.0966,436.8833,0.5665,0.0134,0.5836
0,projyear,4,np.log(bm) ~ dfi + ndti + ndii7 + bai_236 + dfi:ndti + dfi:ndii7 + dfi:bai_236 + ndti:ndii7 + ndti:bai_236 + ndii7:bai_236,0.5113,0.5096,9594.267,648.2614,25.1431,4.081,0.8659,0.0336,0.9154,,8.2191,0.9662,0.0393,1.352,0.0398,0.2345,0.0069,367.02,1.3332,7.0304,420.5156,430.3757,0.5617,0.011,0.5749
0,projyear,4,np.log(bm) ~ dfi + ndti + nir + bai_136 + dfi:ndti + dfi:nir + dfi:bai_136 + ndti:nir + ndti:bai_136 + nir:bai_136,0.4962,0.4944,9679.2237,702.9861,36.4337,4.2073,0.939,0.0487,1.0059,,18.8193,0.9826,0.048,1.3721,0.0525,0.238,0.0091,454.2993,1.6512,7.206,438.4529,465.2568,0.5857,0.0251,0.6215
0,projyear,4,np.log(bm) ~ dfi + ndti + nir + bai_236 + dfi:ndti + dfi:nir + dfi:bai_236 + ndti:nir + ndti:bai_236 + nir:bai_236,0.5114,0.5097,9593.7489,640.1121,19.0536,4.0532,0.855,0.0255,0.9028,,4.8908,0.9602,0.0365,1.3516,0.0363,0.2344,0.0063,366.233,1.3312,6.9785,412.2614,419.3118,0.5507,0.0065,0.5601
0,projyear,4,np.log(bm) ~ dfi + ndti + nir + bai_246 + dfi:ndti + dfi:nir + dfi:bai_246 + ndti:nir + ndti:bai_246 + nir:bai_246,0.5279,0.5262,9498.1491,606.9125,24.5551,4.2634,0.8107,0.0328,0.8502,,11.1697,0.9313,0.0359,1.3283,0.0505,0.2304,0.0088,323.7624,1.176,7.3244,394.5148,411.4691,0.527,0.0149,0.5496
0,projyear,4,np.log(bm) ~ dfi + ndti + bai_126 + bai_136 + dfi:ndti + dfi:bai_126 + dfi:bai_136 + ndti:bai_126 + ndti:bai_136 + bai_126:bai_136,0.5084,0.5066,9611.2108,651.5761,24.9374,4.065,0.8703,0.0333,0.9303,,6.703,0.9696,0.0376,1.357,0.0344,0.2353,0.006,378.9034,1.3766,7.0042,421.1634,429.2528,0.5626,0.009,0.5734
0,projyear,4,np.log(bm) ~ dfi + ndti + bai_126 + bai_236 + dfi:ndti + dfi:bai_126 + dfi:bai_236 + ndti:bai_126 + ndti:bai_236 + bai_126:bai_236,0.5086,0.5068,9609.9236,652.5284,25.9648,4.0768,0.8716,0.0347,0.9354,,6.1501,0.9682,0.0374,1.3566,0.0339,0.2353,0.0059,379.6544,1.3794,7.0259,420.9471,429.1549,0.5623,0.0082,0.5732
0,projyear,4,np.log(bm) ~ dfi + ndti + bai_126 + bai_246 + dfi:ndti + dfi:bai_126 + dfi:bai_246 + ndti:bai_126 + ndti:bai_246 + bai_126:bai_246,0.4782,0.4763,9777.0404,734.6789,61.3475,4.7186,0.9813,0.0819,1.112,,27.6836,1.0039,0.0465,1.3985,0.0516,0.2425,0.009,368.4196,1.3369,8.0498,459.6189,499.5465,0.6139,0.037,0.6673
0,projyear,4,np.log(bm) ~ dfi + ndti + bai_136 + bai_246 + dfi:ndti + dfi:bai_136 + dfi:bai_246 + ndti:bai_136 + ndti:bai_246 + bai_136:bai_246,0.5096,0.5078,9604.1259,647.5863,28.1174,4.1494,0.865,0.0376,0.8995,,18.2693,0.9638,0.0429,1.3539,0.0498,0.2348,0.0086,336.8898,1.2242,7.1232,420.5946,440.3883,0.5618,0.0244,0.5882
0,projyear,4,np.log(bm) ~ dfi + ndti + bai_236 + bai_246 + dfi:ndti + dfi:bai_236 + dfi:bai_246 + ndti:bai_236 + ndti:bai_246 + bai_236:bai_246,0.5154,0.5137,9570.9227,634.7719,30.3367,4.0911,0.8479,0.0405,0.918,,6.9584,0.9553,0.0366,1.3457,0.041,0.2334,0.0071,335.8479,1.2205,7.045,410.3978,420.1025,0.5482,0.0093,0.5611
0,projyear,4,np.log(bm) ~ dfi + satvi + ndii7 + nir + dfi:satvi + dfi:ndii7 + dfi:nir + satvi:ndii7 + satvi:nir + ndii7:nir,0.5224,0.5206,9530.6403,682.6394,111.2431,4.2421,0.9118,0.1486,1.1681,,31.5787,0.9497,0.046,1.3367,0.0537,0.2318,0.0093,412.3703,1.496,7.2749,418.7058,467.4107,0.5593,0.0422,0.6243
0,projyear,4,np.log(bm) ~ dfi + satvi + ndii7 + swir1 + dfi:satvi + dfi:ndii7 + dfi:swir1 + satvi:ndii7 + satvi:swir1 + ndii7:swir1,0.5358,0.5342,9450.8826,617.7964,25.3449,4.1921,0.8252,0.0339,0.8607,,11.4201,0.9325,0.0372,1.3189,0.0466,0.2287,0.0081,329.6088,1.197,7.2112,402.5211,413.1715,0.5377,0.0153,0.5519
0,projyear,4,np.log(bm) ~ dfi + satvi + ndii7 + bai_126 + dfi:satvi + dfi:ndii7 + dfi:bai_126 + satvi:ndii7 + satvi:bai_126 + ndii7:bai_126,0.5129,0.5112,9585.214,660.5737,56.4431,4.4799,0.8823,0.0754,1.015,,18.0495,0.9576,0.0344,1.3517,0.0465,0.2344,0.0081,337.0488,1.2234,7.6957,418.4462,450.4423,0.5589,0.0241,0.6017
0,projyear,4,np.log(bm) ~ dfi + satvi + ndii7 + bai_236 + dfi:satvi + dfi:ndii7 + dfi:bai_236 + satvi:ndii7 + satvi:bai_236 + ndii7:bai_236,0.5166,0.5149,9563.9133,648.8193,25.8495,4.2068,0.8666,0.0345,0.9111,,10.0392,0.9635,0.0381,1.3459,0.0437,0.2334,0.0076,359.5607,1.3053,7.2516,422.8916,438.2017,0.5649,0.0134,0.5853
0,projyear,4,np.log(bm) ~ dfi + satvi + nir + swir1 + dfi:satvi + dfi:nir + dfi:swir1 + satvi:nir + satvi:swir1 + nir:swir1,0.533,0.5313,9467.7871,671.2291,125.1068,4.3345,0.8966,0.1671,1.2121,,27.8677,0.932,0.0429,1.322,0.053,0.2293,0.0092,359.0109,1.3032,7.4377,407.1506,452.4101,0.5438,0.0372,0.6043
0,projyear,4,np.log(bm) ~ dfi + satvi + nir + bai_236 + dfi:satvi + dfi:nir + dfi:bai_236 + satvi:nir + satvi:bai_236 + nir:bai_236,0.4757,0.4738,9790.2626,664.4182,25.6605,4.8925,0.8875,0.0343,0.9258,,11.9206,0.9963,0.0405,1.4004,0.0392,0.2429,0.0068,311.5678,1.1318,8.4145,429.3821,443.7331,0.5735,0.0159,0.5927
0,projyear,4,np.log(bm) ~ dfi + satvi + nir + bai_246 + dfi:satvi + dfi:nir + dfi:bai_246 + satvi:nir + satvi:bai_246 + nir:bai_246,0.5234,0.5216,9524.8897,618.4022,45.678,4.4451,0.826,0.061,0.8978,,24.2008,0.9357,0.0451,1.3356,0.0599,0.2316,0.0104,363.342,1.3191,7.6129,399.9162,428.1922,0.5342,0.0323,0.5719
0,projyear,4,np.log(bm) ~ dfi + satvi + swir1 + bai_126 + dfi:satvi + dfi:swir1 + dfi:bai_126 + satvi:swir1 + satvi:bai_126 + swir1:bai_126,0.5462,0.5446,9388.1037,617.9374,31.4519,4.1707,0.8254,0.042,0.873,,13.3551,0.9124,0.0343,1.3028,0.0383,0.2259,0.0066,323.8366,1.1762,7.182,397.5091,411.8902,0.531,0.0178,0.5502
0,projyear,4,np.log(bm) ~ dfi + satvi + swir1 + bai_246 + dfi:satvi + dfi:swir1 + dfi:bai_246 + satvi:swir1 + satvi:bai_246 + swir1:bai_246,0.5358,0.5342,9450.9931,616.0326,31.1704,4.3413,0.8229,0.0416,0.8564,,17.1089,0.9233,0.04,1.3185,0.0521,0.2287,0.009,323.8356,1.1764,7.4533,397.2817,415.6377,0.5307,0.0229,0.5552
0,projyear,4,np.log(bm) ~ dfi + satvi + bai_126 + bai_236 + dfi:satvi + dfi:bai_126 + dfi:bai_236 + satvi:bai_126 + satvi:bai_236 + bai_126:bai_236,0.4988,0.4969,9665.1024,664.4828,32.1826,4.5802,0.8876,0.043,0.9601,,7.8501,0.9752,0.0354,1.3692,0.0357,0.2375,0.0062,312.188,1.1342,7.9022,428.9085,436.0768,0.5729,0.0105,0.5825
0,projyear,4,np.log(bm) ~ dfi + satvi + bai_126 + bai_246 + dfi:satvi + dfi:bai_126 + dfi:bai_246 + satvi:bai_126 + satvi:bai_246 + bai_126:bai_246,0.4621,0.4602,9861.6299,709.4483,31.9848,5.1687,0.9476,0.0427,1.0112,,9.7899,1.0158,0.0398,1.4191,0.0555,0.2461,0.0096,320.5797,1.1642,8.862,455.0021,470.6308,0.6078,0.0131,0.6286
0,projyear,4,np.log(bm) ~ dfi + satvi + bai_236 + bai_246 + dfi:satvi + dfi:bai_236 + dfi:bai_246 + satvi:bai_236 + satvi:bai_246 + bai_236:bai_246,0.5017,0.4999,9648.5396,676.1505,31.8292,4.463,0.9032,0.0425,0.9541,,11.0465,0.9848,0.0398,1.3664,0.0439,0.237,0.0076,326.3447,1.1856,7.6901,438.5222,453.6869,0.5857,0.0148,0.606
0,projyear,4,np.log(bm) ~ dfi + ndii7 + nir + swir1 + dfi:ndii7 + dfi:nir + dfi:swir1 + ndii7:nir + ndii7:swir1 + nir:swir1,0.5272,0.5255,9502.1157,630.2869,38.3112,4.4375,0.8419,0.0512,0.9234,,11.2409,0.9388,0.0349,1.3317,0.0411,0.2309,0.0071,326.9524,1.1876,7.6166,405.6464,416.3502,0.5418,0.015,0.5561
0,projyear,4,np.log(bm) ~ dfi + ndii7 + nir + swir2 + dfi:ndii7 + dfi:nir + dfi:swir2 + ndii7:nir + ndii7:swir2 + nir:swir2,0.535,0.5333,9455.8903,619.8676,36.0024,4.2319,0.828,0.0481,0.9053,,11.7465,0.9324,0.0329,1.3214,0.042,0.2291,0.0073,322.6689,1.1718,7.2713,399.3272,408.3699,0.5334,0.0157,0.5455
0,projyear,4,np.log(bm) ~ dfi + ndii7 + nir + bai_136 + dfi:ndii7 + dfi:nir + dfi:bai_136 + ndii7:nir + ndii7:bai_136 + nir:bai_136,0.5145,0.5128,9576.0314,654.2697,54.9917,4.344,0.8739,0.0735,0.9642,,24.9759,0.9599,0.0437,1.3477,0.0479,0.2337,0.0083,413.6334,1.5018,7.4442,418.5757,441.8838,0.5591,0.0334,0.5902
0,projyear,4,np.log(bm) ~ dfi + ndii7 + nir + bai_236 + dfi:ndii7 + dfi:nir + dfi:bai_236 + ndii7:nir + ndii7:bai_236 + nir:bai_236,0.5252,0.5235,9514.1414,635.1931,24.9668,4.3296,0.8484,0.0333,0.8865,,12.8557,0.9443,0.0324,1.3342,0.0382,0.2314,0.0066,373.8821,1.3583,7.4361,407.1189,417.0685,0.5438,0.0172,0.5571
0,projyear,4,np.log(bm) ~ dfi + ndii7 + swir1 + bai_126 + dfi:ndii7 + dfi:swir1 + dfi:bai_126 + ndii7:swir1 + ndii7:bai_126 + swir1:bai_126,0.5251,0.5234,9514.6638,621.4085,38.9883,4.5596,0.83,0.0521,0.9128,,12.4622,0.9378,0.033,1.3356,0.0399,0.2316,0.0069,325.9973,1.1841,7.825,400.6145,408.1253,0.5351,0.0166,0.5451
0,projyear,4,np.log(bm) ~ dfi + ndii7 + swir2 + bai_126 + dfi:ndii7 + dfi:swir2 + dfi:bai_126 + ndii7:swir2 + ndii7:bai_126 + swir2:bai_126,0.5319,0.5302,9474.466,623.1794,40.2277,4.3123,0.8324,0.0537,0.9139,,14.2793,0.9329,0.0346,1.3259,0.0395,0.2299,0.0068,325.5136,1.1823,7.408,401.1281,412.9774,0.5358,0.0191,0.5516
0,projyear,4,np.log(bm) ~ dfi + ndii7 + bai_126 + bai_136 + dfi:ndii7 + dfi:bai_126 + dfi:bai_136 + ndii7:bai_126 + ndii7:bai_136 + bai_126:bai_136,0.5056,0.5038,9627.0242,653.1995,29.7449,4.4757,0.8725,0.0397,0.9266,,10.0887,0.9766,0.0337,1.3625,0.0372,0.2363,0.0064,369.2267,1.3408,7.6895,422.797,434.0988,0.5647,0.0135,0.5798
0,projyear,4,np.log(bm) ~ dfi + ndii7 + bai_126 + bai_236 + dfi:ndii7 + dfi:bai_126 + dfi:bai_236 + ndii7:bai_126 + ndii7:bai_236 + bai_126:bai_236,0.5089,0.5072,9607.9837,657.6871,30.5255,4.3737,0.8785,0.0408,0.9383,,9.1554,0.9732,0.0336,1.358,0.0353,0.2355,0.0061,363.1244,1.319,7.5214,422.3525,431.33,0.5641,0.0122,0.5761
0,projyear,4,np.log(bm) ~ dfi + nir + swir1 + bai_246 + dfi:nir + dfi:swir1 + dfi:bai_246 + nir:swir1 + nir:bai_246 + swir1:bai_246,0.5369,0.5352,9444.8311,614.6909,36.291,4.4223,0.8211,0.0485,0.89,,14.1831,0.9214,0.035,1.3167,0.0474,0.2283,0.0082,314.6394,1.1429,7.595,395.838,405.4698,0.5287,0.0189,0.5416
0,projyear,4,np.log(bm) ~ dfi + nir + swir2 + bai_246 + dfi:nir + dfi:swir2 + dfi:bai_246 + nir:swir2 + nir:bai_246 + swir2:bai_246,0.5403,0.5386,9424.2625,617.378,34.2599,4.2063,0.8246,0.0458,0.8879,,13.6101,0.9192,0.0343,1.3133,0.0438,0.2278,0.0076,309.8594,1.1254,7.2332,398.3121,409.8614,0.532,0.0182,0.5475
0,projyear,4,np.log(bm) ~ dfi + nir + bai_136 + bai_246 + dfi:nir + dfi:bai_136 + dfi:bai_246 + nir:bai_136 + nir:bai_246 + bai_136:bai_246,0.5214,0.5197,9536.0185,610.3015,26.4893,4.2822,0.8152,0.0354,0.8524,,18.8304,0.9431,0.0422,1.3377,0.057,0.232,0.0099,356.5217,1.2953,7.3436,402.8351,423.3453,0.5381,0.0252,0.5655
0,projyear,4,np.log(bm) ~ dfi + nir + bai_236 + bai_246 + dfi:nir + dfi:bai_236 + dfi:bai_246 + nir:bai_236 + nir:bai_246 + bai_236:bai_246,0.5324,0.5307,9471.6176,616.4157,28.0318,4.0603,0.8234,0.0374,0.885,,9.251,0.9335,0.0316,1.3223,0.0446,0.2293,0.0077,319.4579,1.1606,6.995,399.5112,406.2886,0.5336,0.0124,0.5427
0,projyear,4,np.log(bm) ~ dfi + swir1 + bai_126 + bai_246 + dfi:swir1 + dfi:bai_126 + dfi:bai_246 + swir1:bai_126 + swir1:bai_246 + bai_126:bai_246,0.5316,0.5299,9476.2037,644.32,47.806,4.4582,0.8606,0.0639,0.9347,,21.3973,0.9299,0.0389,1.3261,0.0471,0.23,0.0082,344.2951,1.2505,7.6382,406.9536,430.5085,0.5436,0.0286,0.575
0,projyear,4,np.log(bm) ~ dfi + swir2 + bai_126 + bai_246 + dfi:swir2 + dfi:bai_126 + dfi:bai_246 + swir2:bai_126 + swir2:bai_246 + bai_126:bai_246,0.5346,0.5329,9458.2808,644.6925,45.0976,4.3023,0.8611,0.0602,0.9227,,21.889,0.9279,0.0395,1.3217,0.0459,0.2292,0.008,337.1247,1.2244,7.376,409.5895,429.6045,0.5471,0.0292,0.5738
0,projyear,4,np.log(bm) ~ dfi + bai_126 + bai_136 + bai_246 + dfi:bai_126 + dfi:bai_136 + dfi:bai_246 + bai_126:bai_136 + bai_126:bai_246 + bai_136:bai_246,0.4829,0.4811,9751.584,712.2018,44.4347,4.6746,0.9513,0.0594,1.0319,,18.3969,1.0143,0.0411,1.393,0.0454,0.2416,0.0079,363.2684,1.3195,8.0085,459.0711,485.2118,0.6132,0.0246,0.6481
0,projyear,4,np.log(bm) ~ dfi + bai_126 + bai_236 + bai_246 + dfi:bai_126 + dfi:bai_236 + dfi:bai_246 + bai_126:bai_236 + bai_126:bai_246 + bai_236:bai_246,0.4884,0.4866,9721.9799,698.2833,38.6894,4.5604,0.9327,0.0517,0.9901,,14.525,1.0072,0.0392,1.3852,0.0434,0.2402,0.0075,352.8721,1.2821,7.828,452.3238,472.1016,0.6042,0.0194,0.6306
0,projyear,4,np.log(bm) ~ ndvi + satvi + nir + bai_246 + ndvi:satvi + ndvi:nir + ndvi:bai_246 + satvi:nir + satvi:bai_246 + nir:bai_246,0.5088,0.507,9608.8587,639.8978,75.8297,4.746,0.8547,0.1013,1.0519,,16.6173,0.948,0.0416,1.3563,0.0665,0.2352,0.0115,424.4004,1.5405,8.1218,401.1235,418.8009,0.5358,0.0222,0.5594
0,projyear,4,np.log(bm) ~ ndvi + satvi + bai_126 + bai_246 + ndvi:satvi + ndvi:bai_126 + ndvi:bai_246 + satvi:bai_126 + satvi:bai_246 + bai_126:bai_246,0.4754,0.4736,9791.7323,682.6311,57.7023,4.3782,0.9118,0.0771,1.0306,,14.4343,1.006,0.0373,1.4025,0.0462,0.2432,0.008,350.8112,1.2736,7.5336,429.9831,455.3033,0.5743,0.0193,0.6082
0,projyear,4,np.log(bm) ~ ndti + ndii7 + nir + bai_136 + ndti:ndii7 + ndti:nir + ndti:bai_136 + ndii7:nir + ndii7:bai_136 + nir:bai_136,0.5192,0.5175,9548.877,633.1415,31.5626,4.196,0.8457,0.0422,0.8953,,13.7279,0.9569,0.0391,1.3414,0.0454,0.2326,0.0079,375.3736,1.3628,7.2025,411.8671,428.3197,0.5501,0.0183,0.5721
0,projyear,4,np.log(bm) ~ ndti + ndii7 + nir + bai_236 + ndti:ndii7 + ndti:nir + ndti:bai_236 + ndii7:nir + ndii7:bai_236 + nir:bai_236,0.517,0.5153,9561.5359,633.2576,29.3448,4.0606,0.8459,0.0392,0.8964,,12.8691,0.9631,0.0383,1.3437,0.0464,0.233,0.008,383.5353,1.3925,6.9739,412.9628,431.6969,0.5516,0.0172,0.5766
0,projyear,4,np.log(bm) ~ ndti + ndii7 + bai_126 + bai_136 + ndti:ndii7 + ndti:bai_126 + ndti:bai_136 + ndii7:bai_126 + ndii7:bai_136 + bai_126:bai_136,0.4943,0.4925,9689.5845,661.3197,39.3839,4.0397,0.8833,0.0526,0.9712,,11.1114,1.0034,0.04,1.3758,0.0423,0.2386,0.0073,386.6491,1.4036,6.9379,433.8531,444.6796,0.5795,0.0148,0.594
0,projyear,4,np.log(bm) ~ ndti + ndii7 + bai_126 + bai_236 + ndti:ndii7 + ndti:bai_126 + ndti:bai_236 + ndii7:bai_126 + ndii7:bai_236 + bai_126:bai_236,0.4926,0.4908,9699.1369,666.6186,40.2419,4.0318,0.8904,0.0538,0.9804,,12.5934,1.0059,0.0382,1.3785,0.0425,0.2391,0.0074,392.9491,1.4263,6.9244,436.1796,450.4903,0.5826,0.0168,0.6017
0,projyear,4,np.log(bm) ~ ndti + nir + bai_136 + bai_246 + ndti:nir + ndti:bai_136 + ndti:bai_246 + nir:bai_136 + nir:bai_246 + bai_136:bai_246,0.5276,0.5259,9499.8929,619.5868,33.6604,4.2526,0.8276,0.045,0.8962,,11.5811,0.9347,0.0376,1.3294,0.0543,0.2305,0.0094,332.8854,1.2093,7.3002,400.4447,411.2698,0.5349,0.0155,0.5493
0,projyear,4,np.log(bm) ~ ndti + nir + bai_236 + bai_246 + ndti:nir + ndti:bai_236 + ndti:bai_246 + nir:bai_236 + nir:bai_246 + bai_236:bai_246,0.5134,0.5116,9582.5397,638.2327,33.2501,4.047,0.8525,0.0444,0.9241,,9.0738,0.9623,0.0359,1.3485,0.0508,0.2339,0.0088,343.5076,1.2472,6.9613,412.9529,419.5523,0.5516,0.0121,0.5604
0,projyear,4,np.log(bm) ~ ndti + bai_126 + bai_136 + bai_246 + ndti:bai_126 + ndti:bai_136 + ndti:bai_246 + bai_126:bai_136 + bai_126:bai_246 + bai_136:bai_246,0.4896,0.4877,9715.6842,676.5189,36.0874,4.0774,0.9036,0.0482,0.9855,,12.2274,1.0105,0.0431,1.3829,0.0447,0.2398,0.0078,392.4466,1.4249,7.0068,440.5076,452.8144,0.5884,0.0163,0.6048
0,projyear,4,np.log(bm) ~ ndti + bai_126 + bai_236 + bai_246 + ndti:bai_126 + ndti:bai_236 + ndti:bai_246 + bai_126:bai_236 + bai_126:bai_246 + bai_236:bai_246,0.4887,0.4868,9720.5814,681.0712,37.2709,4.0927,0.9097,0.0498,0.9961,,12.4684,1.0121,0.042,1.3844,0.0445,0.2401,0.0077,394.1315,1.431,7.0324,442.6534,457.672,0.5913,0.0167,0.6113
0,projyear,4,np.log(bm) ~ satvi + ndii7 + nir + swir1 + satvi:ndii7 + satvi:nir + satvi:swir1 + ndii7:nir + ndii7:swir1 + nir:swir1,0.52,0.5182,9544.6249,657.3008,36.5184,4.148,0.878,0.0488,0.9344,,15.3402,0.96,0.0416,1.3404,0.0518,0.2325,0.009,388.3681,1.41,7.1276,421.2203,433.648,0.5626,0.0205,0.5792
0,projyear,4,np.log(bm) ~ satvi + ndii7 + nir + bai_236 + satvi:ndii7 + satvi:nir + satvi:bai_236 + ndii7:nir + ndii7:bai_236 + nir:bai_236,0.5127,0.511,9586.205,788.3107,207.4024,4.2667,1.053,0.277,1.4274,,28.4198,0.9635,0.0418,1.351,0.0585,0.2343,0.0101,543.9888,1.9723,7.3111,428.9796,467.2035,0.573,0.038,0.6241
0,projyear,4,np.log(bm) ~ satvi + ndii7 + swir1 + bai_126 + satvi:ndii7 + satvi:swir1 + satvi:bai_126 + ndii7:swir1 + ndii7:bai_126 + swir1:bai_126,0.534,0.5323,9461.8655,732.0005,211.6316,4.1234,0.9778,0.2827,1.5329,,23.0545,0.9396,0.0318,1.3221,0.0381,0.2293,0.0066,344.188,1.2498,7.0949,417.7465,457.5878,0.558,0.0308,0.6112
0,projyear,4,np.log(bm) ~ satvi + ndii7 + bai_126 + bai_236 + satvi:ndii7 + satvi:bai_126 + satvi:bai_236 + ndii7:bai_126 + ndii7:bai_236 + bai_126:bai_236,0.4809,0.479,9762.8181,692.9564,79.1057,4.3699,0.9256,0.1057,1.1275,,22.2927,1.0067,0.0359,1.3955,0.0509,0.242,0.0088,359.5138,1.3048,7.5015,438.3499,480.4483,0.5855,0.0298,0.6417
0,projyear,4,np.log(bm) ~ satvi + nir + swir1 + bai_246 + satvi:nir + satvi:swir1 + satvi:bai_246 + nir:swir1 + nir:bai_246 + swir1:bai_246,0.5035,0.5017,9638.5475,623.5257,31.4489,4.5447,0.8329,0.042,0.8836,,12.4455,0.962,0.0386,1.3631,0.0547,0.2364,0.0095,358.5807,1.302,7.7956,405.2833,417.7774,0.5413,0.0166,0.558
0,projyear,4,np.log(bm) ~ satvi + nir + bai_236 + bai_246 + satvi:nir + satvi:bai_236 + satvi:bai_246 + nir:bai_236 + nir:bai_246 + bai_236:bai_246,0.4917,0.4899,9703.9922,628.9367,38.221,4.7236,0.8401,0.0511,0.9325,,12.8532,0.9711,0.0375,1.3801,0.0581,0.2393,0.0101,396.7769,1.4406,8.0859,407.0908,426.0588,0.5438,0.0172,0.5691
0,projyear,4,np.log(bm) ~ satvi + swir1 + bai_126 + bai_246 + satvi:swir1 + satvi:bai_126 + satvi:bai_246 + swir1:bai_126 + swir1:bai_246 + bai_126:bai_246,0.5355,0.5338,9453.1219,632.1724,43.0625,4.0802,0.8444,0.0575,0.9101,,12.6576,0.9349,0.0316,1.3194,0.0383,0.2288,0.0066,340.8806,1.2377,7.0271,405.2231,414.2592,0.5413,0.0169,0.5533
0,projyear,4,np.log(bm) ~ satvi + bai_126 + bai_236 + bai_246 + satvi:bai_126 + satvi:bai_236 + satvi:bai_246 + bai_126:bai_236 + bai_126:bai_246 + bai_236:bai_246,0.4524,0.4505,9911.2637,670.866,37.4601,4.7138,0.8961,0.05,0.9866,,12.6726,1.028,0.0364,1.4327,0.0477,0.2484,0.0083,337.8774,1.2266,8.1082,437.4945,457.1878,0.5844,0.0169,0.6107
0,projyear,5,np.log(bm) ~ dfi + ndvi + satvi + nir + bai_246 + dfi:ndvi + dfi:satvi + dfi:nir + dfi:bai_246 + ndvi:satvi + ndvi:nir + ndvi:bai_246 + satvi:nir + satvi:bai_246 + nir:bai_246,0.5346,0.5321,9468.0809,614.1913,29.2371,4.2839,0.8204,0.0391,0.8684,,13.5923,0.9321,0.0393,1.324,0.0555,0.2296,0.0096,320.3645,1.1635,7.3521,397.9305,409.1991,0.5315,0.0182,0.5466
0,projyear,5,np.log(bm) ~ dfi + ndvi + satvi + bai_126 + bai_246 + dfi:ndvi + dfi:satvi + dfi:bai_126 + dfi:bai_246 + ndvi:satvi + ndvi:bai_126 + ndvi:bai_246 + satvi:bai_126 + satvi:bai_246 + bai_126:bai_246,0.5287,0.5262,9503.179,720.9238,166.0661,4.2045,0.963,0.2218,1.3987,,30.6532,0.9439,0.0389,1.3314,0.0432,0.2309,0.0075,327.7812,1.1902,7.2195,422.6407,475.4997,0.5645,0.0409,0.6351
0,projyear,5,np.log(bm) ~ dfi + ndti + ndii7 + nir + bai_136 + dfi:ndti + dfi:ndii7 + dfi:nir + dfi:bai_136 + ndti:ndii7 + ndti:nir + ndti:bai_136 + ndii7:nir + ndii7:bai_136 + nir:bai_136,0.5275,0.5249,9510.5432,630.1086,27.2624,4.0903,0.8417,0.0364,0.8872,,14.3801,0.948,0.0389,1.3329,0.0452,0.2311,0.0078,363.3463,1.3201,7.0199,411.8489,428.1901,0.5501,0.0192,0.5719
0,projyear,5,np.log(bm) ~ dfi + ndti + ndii7 + nir + bai_236 + dfi:ndti + dfi:ndii7 + dfi:nir + dfi:bai_236 + ndti:ndii7 + ndti:nir + ndti:bai_236 + ndii7:nir + ndii7:bai_236 + nir:bai_236,0.5291,0.5265,9501.1696,624.9881,29.431,4.222,0.8348,0.0393,0.8854,,11.4981,0.9415,0.0323,1.3308,0.038,0.2308,0.0066,359.5937,1.3065,7.255,405.5123,422.7021,0.5417,0.0154,0.5646
0,projyear,5,np.log(bm) ~ dfi + ndti + ndii7 + bai_126 + bai_136 + dfi:ndti + dfi:ndii7 + dfi:bai_126 + dfi:bai_136 + ndti:ndii7 + ndti:bai_126 + ndti:bai_136 + ndii7:bai_126 + ndii7:bai_136 + bai_126:bai_136,0.512,0.5093,9600.7282,648.0051,28.4481,4.2321,0.8656,0.038,0.9261,,9.1002,0.9667,0.0349,1.3558,0.0354,0.2351,0.0061,363.4504,1.3201,7.2845,419.8508,432.351,0.5608,0.0122,0.5775
0,projyear,5,np.log(bm) ~ dfi + ndti + ndii7 + bai_126 + bai_236 + dfi:ndti + dfi:ndii7 + dfi:bai_126 + dfi:bai_236 + ndti:ndii7 + ndti:bai_126 + ndti:bai_236 + ndii7:bai_126 + ndii7:bai_236 + bai_126:bai_236,0.514,0.5114,9588.9612,650.7205,29.2423,4.2312,0.8692,0.0391,0.9386,,9.2989,0.963,0.0341,1.3528,0.0343,0.2346,0.0059,356.5548,1.2955,7.2852,419.3743,431.8684,0.5602,0.0124,0.5769
0,projyear,5,np.log(bm) ~ dfi + ndti + nir + bai_136 + bai_246 + dfi:ndti + dfi:nir + dfi:bai_136 + dfi:bai_246 + ndti:nir + ndti:bai_136 + ndti:bai_246 + nir:bai_136 + nir:bai_246 + bai_136:bai_246,0.5322,0.5297,9482.4868,615.8088,22.2848,4.1782,0.8226,0.0298,0.855,,11.0987,0.9331,0.0416,1.3256,0.0573,0.2299,0.0099,324.5694,1.1794,7.1716,400.3281,412.5542,0.5347,0.0148,0.5511
0,projyear,5,np.log(bm) ~ dfi + ndti + nir + bai_236 + bai_246 + dfi:ndti + dfi:nir + dfi:bai_236 + dfi:bai_246 + ndti:nir + ndti:bai_236 + ndti:bai_246 + nir:bai_236 + nir:bai_246 + bai_236:bai_246,0.5442,0.5417,9410.2392,619.9571,24.9746,4.1416,0.8281,0.0334,0.8536,,14.8908,0.9173,0.0339,1.3084,0.045,0.2269,0.0078,323.9482,1.1766,7.1326,399.0438,410.8684,0.533,0.0199,0.5488
0,projyear,5,np.log(bm) ~ dfi + ndti + bai_126 + bai_136 + bai_246 + dfi:ndti + dfi:bai_126 + dfi:bai_136 + dfi:bai_246 + ndti:bai_126 + ndti:bai_136 + ndti:bai_246 + bai_126:bai_136 + bai_126:bai_246 + bai_136:bai_246,0.5204,0.5178,9552.207,649.3356,30.299,3.9914,0.8673,0.0405,0.9103,,14.6295,0.9581,0.0384,1.3427,0.0407,0.2329,0.0071,343.209,1.2473,6.8671,421.1626,433.9768,0.5626,0.0195,0.5797
0,projyear,5,np.log(bm) ~ dfi + ndti + bai_126 + bai_236 + bai_246 + dfi:ndti + dfi:bai_126 + dfi:bai_236 + dfi:bai_246 + ndti:bai_126 + ndti:bai_236 + ndti:bai_246 + bai_126:bai_236 + bai_126:bai_246 + bai_236:bai_246,0.5222,0.5196,9541.5501,654.1523,36.9707,4.0048,0.8738,0.0494,0.918,,18.0657,0.954,0.037,1.3403,0.0394,0.2324,0.0068,341.0543,1.2394,6.8918,421.4965,437.4548,0.563,0.0241,0.5843
0,projyear,5,np.log(bm) ~ dfi + satvi + ndii7 + nir + swir1 + dfi:satvi + dfi:ndii7 + dfi:nir + dfi:swir1 + satvi:ndii7 + satvi:nir + satvi:swir1 + ndii7:nir + ndii7:swir1 + nir:swir1,0.5465,0.5441,9396.0409,622.8346,34.1043,4.1566,0.8319,0.0456,0.884,,16.7885,0.9154,0.0365,1.3066,0.047,0.2266,0.0082,309.3438,1.1233,7.1507,398.691,418.8881,0.5325,0.0224,0.5595
0,projyear,5,np.log(bm) ~ dfi + satvi + ndii7 + nir + bai_236 + dfi:satvi + dfi:ndii7 + dfi:nir + dfi:bai_236 + satvi:ndii7 + satvi:nir + satvi:bai_236 + ndii7:nir + ndii7:bai_236 + nir:bai_236,0.5321,0.5296,9483.3215,630.4927,31.2682,4.1456,0.8422,0.0418,0.8957,,15.2922,0.9414,0.0347,1.3271,0.0442,0.2302,0.0077,362.6352,1.3168,7.1234,407.273,421.4007,0.544,0.0204,0.5629
0,projyear,5,np.log(bm) ~ dfi + satvi + ndii7 + swir1 + bai_126 + dfi:satvi + dfi:ndii7 + dfi:swir1 + dfi:bai_126 + satvi:ndii7 + satvi:swir1 + satvi:bai_126 + ndii7:swir1 + ndii7:bai_126 + swir1:bai_126,0.5505,0.5481,9371.3084,615.8581,39.6349,4.1811,0.8226,0.0529,0.9075,,12.755,0.9112,0.0319,1.3007,0.0378,0.2256,0.0066,323.7731,1.1758,7.2002,394.8626,405.1794,0.5274,0.017,0.5412
0,projyear,5,np.log(bm) ~ dfi + satvi + ndii7 + bai_126 + bai_236 + dfi:satvi + dfi:ndii7 + dfi:bai_126 + dfi:bai_236 + satvi:ndii7 + satvi:bai_126 + satvi:bai_236 + ndii7:bai_126 + ndii7:bai_236 + bai_126:bai_236,0.5242,0.5216,9529.9371,640.2423,36.7599,4.3665,0.8552,0.0491,0.9203,,12.002,0.949,0.0316,1.3384,0.0378,0.2321,0.0066,339.3092,1.2319,7.5183,412.9763,428.0737,0.5516,0.016,0.5718
0,projyear,5,np.log(bm) ~ dfi + satvi + nir + swir1 + bai_246 + dfi:satvi + dfi:nir + dfi:swir1 + dfi:bai_246 + satvi:nir + satvi:swir1 + satvi:bai_246 + nir:swir1 + nir:bai_246 + swir1:bai_246,0.5401,0.5376,9435.2924,612.2933,34.2238,4.3458,0.8179,0.0457,0.8809,,14.1257,0.9211,0.0362,1.3151,0.0495,0.2281,0.0086,310.1218,1.1261,7.4647,395.1301,406.4841,0.5278,0.0189,0.543
0,projyear,5,np.log(bm) ~ dfi + satvi + nir + bai_236 + bai_246 + dfi:satvi + dfi:nir + dfi:bai_236 + dfi:bai_246 + satvi:nir + satvi:bai_236 + satvi:bai_246 + nir:bai_236 + nir:bai_246 + bai_236:bai_246,0.5386,0.5361,9444.4692,609.3913,27.5848,4.1668,0.814,0.0368,0.8575,,12.7839,0.9281,0.0334,1.318,0.0474,0.2286,0.0082,333.0858,1.2098,7.1647,396.3943,408.6427,0.5295,0.0171,0.5458
0,projyear,5,np.log(bm) ~ dfi + satvi + swir1 + bai_126 + bai_246 + dfi:satvi + dfi:swir1 + dfi:bai_126 + dfi:bai_246 + satvi:swir1 + satvi:bai_126 + satvi:bai_246 + swir1:bai_126 + swir1:bai_246 + bai_126:bai_246,0.5524,0.5499,9360.0196,616.4532,38.842,4.1843,0.8234,0.0519,0.893,,15.4683,0.9071,0.0312,1.2983,0.04,0.2252,0.0069,319.3898,1.1598,7.2004,394.5852,407.7033,0.5271,0.0207,0.5446
0,projyear,5,np.log(bm) ~ dfi + satvi + bai_126 + bai_236 + bai_246 + dfi:satvi + dfi:bai_126 + dfi:bai_236 + dfi:bai_246 + satvi:bai_126 + satvi:bai_236 + satvi:bai_246 + bai_126:bai_236 + bai_126:bai_246 + bai_236:bai_246,0.512,0.5094,9600.3048,651.0735,36.2089,4.5872,0.8697,0.0484,0.9537,,10.2029,0.9636,0.032,1.355,0.0357,0.235,0.0062,318.3789,1.1561,7.902,421.5586,431.9569,0.5631,0.0136,0.577
